fname,source_id,numax,numax_sig,dnu,dnu_sig,certainty,syd_success,KIC,GaiaDR3,Teff,s_Teff,feh,s_feh,ra,dec,phot_g_mean_mag,phot_g_mean_flux,phot_g_mean_flux_error,parallax,parallax_error,abs_mag,abs_mag_error,verifiable,rg
gaia-dr3-2051287036390801024,2051287036390801024,97.22393,4.67503,8.78878,0.03617,1.0,2.0,,,4929.0,274.0,-0.07,0.38,290.18292385671253,37.73488515901184,17.159115,2578.1047092145686,1.7414066,0.1344881046995429,0.05307551,2.4149887507999335,0.8589377430055665,,
gaia-dr3-2051293702173687168,2051293702180102144,81.37265,1.37111,7.69527,0.08893,1.0,2.0,,,4630.0,106.0,-0.3,0.2,290.2304957167015,37.81639463415821,13.628399,66617.31184390964,8.143335,0.3955470873956901,0.0114469435,1.6143899547039666,0.06284151296467382,,
gaia-dr3-2051294797400861824,2051294801692061952,31.95067,1.64749,4.16058,0.05572,1.0,1.0,,,4917.0,159.0,-0.33,0.25,290.18564604255766,37.86162621220253,15.426067,12720.961761326938,3.6285489,0.0865768013247341,0.022921087,-0.2744709340064091,0.5778259619630416,,
gaia-dr3-2051366682266278528,2051366682266279424,33.95322,0.86678,4.12243,0.02954,2.0,2.0,,,4628.0,116.0,-0.4,0.2,289.9270630867392,38.28396675907518,13.718153,61331.7703903388,8.526735,0.2465468848883032,0.012955837,0.45965620610919977,0.11870191239983738,,
gaia-dr3-2051664576897198848,2051664581201475840,5.49149,0.44858,1.04614,0.03536,2.0,2.0,,,4430.0,101.0,-0.3,0.2,293.2881329927,37.65944884761176,11.570517,443343.3792728446,131.0141,0.3840246162433484,0.011320113,-0.8710116673488528,0.08406810582489271,,
gaia-dr3-2051797244145832064,2051797244149690880,26.19173,3.55878,3.97631,0.15518,1.0,1.0,,,4407.0,148.0,-2.59,0.5900000000000001,291.774297702349,37.55743687499029,15.801469,9002.420259788152,3.5819223,0.0255073290055482,0.027961476,0.19022104324722378,0.3464274172049347,,
gaia-dr3-2051798171858686208,2051798167564062592,32.63989,1.36965,3.92382,0.03744,2.0,2.0,,,4844.0,134.0,0.09,0.24,291.69885580425495,37.56253252004747,13.7570915,59171.17733046862,9.0893,0.2311692800977934,0.011996499,0.2860829134446128,0.12082854192864391,,
gaia-dr3-2051852799543043072,2051829336143170816,34.99829,1.39113,4.04383,0.03599,2.0,2.0,,,4513.0,111.0,-0.2,0.21,292.69438024949494,37.71267514395801,14.149821,41211.47087959988,6.558903,0.2323510439776346,0.014286044,0.5687769560155242,0.14710717649262672,,
gaia-dr3-2052066933734718080,2052067002458806528,10.61619,0.41016,1.644,0.01661,1.0,2.0,3001935.0,2.0520670024588065e+18,4337.0,107.0,-0.0,0.2,294.0804389081082,38.13393109191852,12.997641,119094.18693942146,22.602135,0.2663279328583188,0.010677031,-0.26282102413279773,0.10467917923849157,,
gaia-dr3-2052070365413792512,2052070434137218176,16.19818,0.85608,2.3318,0.06536,2.0,1.0,,,4750.0,100.0,0.5,0.2,294.1442205339172,38.30023052669016,12.382348,209897.54257040613,23.05413,0.4137308001419323,0.00974233,0.046145775669804934,0.08111494533649376,,
gaia-dr3-2052120122616384768,2052120122613103616,45.12379,2.09001,4.46559,0.05259,1.0,1.0,,,4875.0,175.0,-0.45,0.29,294.6084073190728,38.350888843968576,14.884523,20947.75778045919,4.438379,0.0747036264594123,0.018537572,-1.1605357597883224,0.5423754083790069,,
gaia-dr3-2052122115467425408,2052122115478291072,30.25404,1.20765,3.70201,0.0355,1.0,2.0,,,4541.0,107.0,0.5,0.2,294.709422810713,38.437707369635454,13.348525,86205.81965107833,12.811811,0.378554156852066,0.010821686,0.8758411108471726,0.08260453399915657,,
gaia-dr3-2052183104007872512,2052183104015238528,36.08114,2.27613,3.9422,0.05099,1.0,1.0,,,4541.0,110.0,-0.2,0.21,294.11237201364065,38.636434674087546,12.730602,152302.0481300659,191.698,0.0097728482764877,0.18519075,0.463672254325866,0.30081642206397413,,
gaia-dr3-2052211897476974720,2052211897476974080,29.80422,3.21533,4.11993,0.1112,1.0,1.0,,,4764.0,143.0,-0.7,0.26,294.8495667314664,39.120224754447335,14.760356,23485.73827126932,4.850735,0.1703316032557353,0.017318154,0.48084338745699107,0.2302629192567886,,
gaia-dr3-2052408675694452608,2052408675694452608,53.34702,1.95362,5.65042,0.03113,2.0,2.0,,,4505.0,143.0,-0.67,0.27,293.9226579620154,39.34922439034769,15.780778,9175.625777884736,3.8313348,0.0568897441261741,0.029747136,-0.8315977132367252,1.1369306288778336,,
gaia-dr3-2052497220738191616,2052497220742341248,23.88386,1.01481,3.13086,0.01821,2.0,2.0,,,4705.0,153.0,-0.48,0.25,294.0239189884083,39.94644511618353,15.6159115,10680.264182281962,3.3985848,0.0780224125902033,0.028236236,-0.28631560986775106,0.7877413101438205,,
gaia-dr3-2052502787016096000,2052502787020020608,32.06452,1.6479,4.13206,0.04156,1.0,2.0,,,4675.0,124.0,-0.2,0.21,293.65125124201467,39.82367065197717,14.466763,30778.08586324535,5.897024,0.1765206592567001,0.016287053,0.33741671722005684,0.207635426018886,,
gaia-dr3-2052556078970452096,2052556078970451968,18.38167,0.84874,2.39957,0.01221,2.0,2.0,,,4420.0,115.0,0.21,0.23,291.40424722444396,37.737588000807456,13.320807,88434.93021381118,13.904573,0.2844228240195433,0.013726087,0.27574843265181137,0.11494648786074999,,
gaia-dr3-2052585284742585600,2052585284746267904,8.71583,0.92291,1.45534,0.09449,2.0,1.0,,,4499.0,105.0,0.25,0.25,291.3966748230197,38.23183358339988,12.846096,136933.05379277622,23.44279,0.1904485378799441,0.011028377,-1.021453375998771,0.13194284263828615,,
gaia-dr3-2052807897196553344,2052807897189633920,45.04566,2.99821,4.70013,0.04339,2.0,2.0,,,4699.0,114.0,0.2,0.2,290.5812593246376,38.282824217573754,10.980623,763303.60136179,104.37095,0.8883593086076487,0.012572521,0.4813503110170352,0.04758685669548483,,
gaia-dr3-2053177406120366592,2053177406120367104,23.98399,1.54848,2.89013,0.01607,1.0,2.0,,,4520.0,110.0,0.2,0.2,292.1459592139528,39.63653006189186,11.38283,527005.3974770526,124.10371,0.6650151975231943,0.011619383,0.15788546408757398,0.0634574670002496,,
gaia-dr3-2053446339790580352,2053446339790580352,50.79539,2.0968,5.38762,0.03149,1.0,2.0,,,4959.0,269.0,-2.5,0.77,291.6526981586139,40.3077320673608,17.30459,2254.8151158811775,1.9214141,-0.0195919866400371,0.059786174,2.5429384691381465,0.5138630511700325,,
gaia-dr3-2073163538216336896,2073163538225043840,29.15457,1.46028,4.20423,0.08859,2.0,1.0,,,4585.0,163.0,-1.39,0.34,295.69000933211044,38.86813633861079,15.662425,10232.379518711628,3.2334902,0.1414401163775455,0.026173774,1.1246288358184646,0.4041937262555104,,
gaia-dr3-2073282113671761152,2073282075021063296,35.20804,0.92448,4.06843,0.02023,2.0,2.0,,,4707.0,113.0,-0.2,0.21,296.3160376136311,39.337526437757376,12.624645,167914.7094249787,22.570665,0.4668377321291674,0.010653015,0.5829291376406349,0.07638540414392749,,
gaia-dr3-2073283625499437952,2073283625509258240,27.9884,1.17657,3.3157,0.02695,2.0,2.0,,,4628.0,125.0,-0.21,0.23,296.55073591837123,39.34405698134952,14.700878,24808.218325525955,5.1387663,0.1190238560557602,0.017662356,-0.4053838715350988,0.330323800035808,,
gaia-dr3-2073292902629474304,2073292902638360192,115.64617,2.32581,9.88973,0.03565,2.0,2.0,,,4585.0,132.0,0.05,0.25,296.2426460143601,39.378189506769544,14.399165,32755.24676990811,6.942667,0.3450266781002046,0.017698314,1.7251043975862643,0.12400467231537554,,
gaia-dr3-2073465766483576960,2073465762177991808,42.59232,2.63942,4.36736,0.01885,2.0,2.0,,,4598.0,106.0,-0.2,0.2,298.33188807784404,39.873584971608906,12.936708,125968.90310984098,18.999025,0.4046423566859373,0.01435911,0.4391895267115018,0.11102600629417908,,
gaia-dr3-2073584135790321152,2073584135787238400,18.36143,1.16549,2.41932,0.01427,2.0,2.0,,,4466.0,116.0,0.2,0.2,298.46093570344766,40.37796134199465,14.68382,25201.051827703363,6.4049287,0.0976609242282014,0.017395189,-0.8762294312632264,0.3942325342371615,,
gaia-dr3-2073601040779439232,2073601040779439488,31.88674,1.47291,4.15591,0.40835,2.0,1.0,,,4636.0,151.0,0.06,0.25,298.99416950788606,40.52410152279359,15.290284,14415.613363264589,4.4560795,0.1121432722733137,0.022576343,-0.2117195097700666,0.4514305622418424,,
gaia-dr3-2073605301380771328,2073605301387400192,19.23817,1.4463,2.40065,0.06286,2.0,2.0,,,4476.0,112.0,0.3,0.21,298.87601740380273,40.59563515303075,14.250498,37561.91373097824,7.255491,0.1368523909995918,0.014928318,-0.6980016289792577,0.2550130254895254,,
gaia-dr3-2073608599912565504,2073608599922606720,38.62165,3.80944,4.5191,0.06164,2.0,2.0,,,4586.0,141.0,-0.6,0.26,298.6615550642668,40.44006738847785,15.785746,9133.734948631623,2.977952,0.1680789886281201,0.027161257,1.549989144224405,0.3551129696085749,,
gaia-dr3-2073647632561208320,2073647632573769216,38.05057,3.64431,4.3252,0.19493,1.0,1.0,,,4559.0,120.0,0.2,0.22,297.3413964259711,39.86161821025187,14.930662,20076.21681565369,5.517292,0.1476964188846203,0.018925784,0.07508545271953793,0.2975328633506476,,
gaia-dr3-2073711266803484544,2073711266810928768,42.06892,2.17614,4.59681,0.02588,2.0,2.0,,,4495.0,113.0,0.2,0.22,297.1298021108443,40.249048599890166,14.574651,27866.760513310197,8.139369,0.2802828112494144,0.017782347,0.33511571935660633,0.2609574964098104,,
gaia-dr3-2073751433340775040,2073751433346208896,32.39335,2.06249,3.93853,0.07606,2.0,2.0,,,4526.0,109.0,-0.1,0.2,297.2399094633146,40.59406614916167,13.117768,106620.15263039176,25.559404,0.4271442662328036,0.009790394,0.44710653548159307,0.13318018034970103,,
gaia-dr3-2073765722689341056,2073766482907558016,32.55792,2.76785,4.10021,0.07504,1.0,2.0,,,5291.0,287.0,-2.47,0.81,297.4449551184324,40.94179689665666,15.718463,9717.660638031786,5.469892,0.17055520997735,0.03385802,1.2480263753936232,0.4413024472081477,,
gaia-dr3-2073805962250375040,2073805962250375296,37.56159,1.28962,4.28812,0.01992,2.0,2.0,,,4505.0,110.0,-0.1,0.2,298.5800602604862,40.83497284712305,14.483221,30315.04749843036,5.1965976,0.2172738467254179,0.01573442,0.6353830867377788,0.17640124143150296,,
gaia-dr3-2073830014058422144,2073830009757963648,28.01136,3.72555,3.51584,0.24138,1.0,1.0,,,4599.0,105.0,-0.3,0.2,298.44848157108885,41.1338296593501,12.963204,122932.06592071084,19.199198,0.4020590868866349,0.01332629,0.4759998288463265,0.10488865754056444,,
gaia-dr3-2075065487165064960,2075065487188157696,14.81686,1.09893,1.83952,0.03804,1.0,2.0,,,4603.0,114.0,0.2,0.21,299.38739595307277,40.78787779941237,11.061096,708774.5676245514,126.72317,0.4804487557227683,0.015517932,-0.9182142505590125,0.09109560625026901,,
gaia-dr3-2075339402998267264,2075339403013445760,7.10553,0.92372,1.25012,0.07271,2.0,1.0,,,4489.0,103.0,0.4,0.2,298.6561062291888,41.4596377573544,12.990942,119831.21736255988,24.793516,0.3004718976675951,0.012289309,-0.5995414979389704,0.17168264018651633,,
gaia-dr3-2075341361503794816,2075341357214086144,6.17569,1.19822,1.09646,0.02845,2.0,1.0,,,4250.0,100.0,0.5,0.2,298.65374489905844,41.597810461807015,12.031263,290028.9652141694,58.366837,0.4440162952191624,0.009745667,-0.3857256315564275,0.10906316771680827,,
gaia-dr3-2075376786409864320,2075376786409864192,10.16947,0.38488,1.59562,0.01762,2.0,2.0,,,4482.0,111.0,-0.2,0.2,299.168317394036,41.86430125860294,14.099898,43150.66423694784,10.291042,0.1446394853848885,0.015347473,-0.7284292368983554,0.24902422043448127,,
gaia-dr3-2075382833713412736,2075382833724145024,7.163,0.98632,1.10637,0.01772,2.0,1.0,,,4499.0,111.0,-0.1,0.2,299.0188801118265,42.066350942448175,14.182644,39984.268487779314,8.783241,0.1102976763871197,0.014282575,-1.3796154140392147,0.3042747922853887,,
gaia-dr3-2075435850798279936,2075435846488517504,30.6671,1.02985,3.74487,0.02965,2.0,2.0,,,4604.0,115.0,-0.3,0.2,298.78386715618586,42.28806172903734,12.278996,230859.7229467671,29.398527,0.5828797114363029,0.008312327,0.6709019106318017,0.07235958343211779,,
gaia-dr3-2075445986925143168,2075445986925143552,12.0113,0.69016,1.79097,0.02047,2.0,2.0,,,4316.0,142.0,0.22,0.25,298.47786386203137,42.29920368773571,12.71252,154859.89420814443,25.055365,0.3547744312552714,0.009462985,-0.07063981135014785,0.09871625791432197,,
gaia-dr3-2076113459191713152,2076113459196477568,30.40471,2.32744,3.65739,0.02924,2.0,2.0,,,4513.0,109.0,0.2,0.21,299.6928202707442,44.249770984707034,13.775539,58174.29625896083,13.182282,0.3118014201792712,0.013328496,0.10651422741320538,0.19436048573373252,,
gaia-dr3-2076180907362914304,2076180907362912896,14.05779,0.90331,1.83047,0.0271,1.0,2.0,,,4490.0,100.0,0.3,0.2,295.2368377569267,39.083456695741305,11.361166,537626.0297558946,139.43863,0.5394628296668488,0.01286726,-0.3181287570389859,0.0725945960910466,,
gaia-dr3-2076226262218940160,2076226262218940160,103.80422,1.23037,9.29453,0.02389,2.0,2.0,,,4485.0,115.0,-0.0,0.2,295.6097161690517,39.6340773974573,14.166862,40569.72246658146,6.859536,0.3875342121398279,0.014051875,1.5997586625875648,0.10964000749214918,,
gaia-dr3-2076280447522679808,2076280447527788416,5.8922,0.48857,1.11399,0.04185,2.0,2.0,,,4511.0,109.0,-0.4,0.2,295.4808518238981,39.86776058910848,14.226998,38383.735079367805,8.382937,0.1164911837885951,0.016658287,-0.9501902881024691,0.31975774411706137,,
gaia-dr3-2076297593037445632,2076297593037446528,62.08726,2.72635,6.32485,0.04233,2.0,2.0,,,4466.0,130.0,-0.1,0.23,295.2626915137818,40.07952693105045,16.003075,7476.81317853484,2.711502,0.102175688912769,0.029157901,0.6380456882410854,0.6227442953080623,,
gaia-dr3-2076323294118484992,2076323294119016576,34.52846,1.92417,3.87862,0.02241,2.0,2.0,,,4511.0,113.0,-0.0,0.2,295.70946904083274,39.81545370663856,14.234289,38126.85706906358,7.073762,0.2085829956558844,0.014554962,0.4189163176494368,0.1636307539045928,,
gaia-dr3-2076328654226588032,2076328654238004736,29.0692,1.26929,3.80584,0.15794,2.0,2.0,,,4620.0,121.0,-0.19,0.22,296.02713427367456,40.0069152377872,13.919885,50932.25698932072,9.142427,0.2477291210960197,0.012245757,0.5022246937951103,0.12207085542357357,,
gaia-dr3-2076390501768851968,2076390497458370304,24.3564,0.65376,3.03927,0.01659,2.0,2.0,,,4586.0,108.0,-0.3,0.2,295.61110232090704,40.18819049053151,12.350391,216167.30305017935,26.213736,0.4634787333954619,0.008682605,0.31721607069545144,0.06800682744008005,,
gaia-dr3-2076391498193609728,2076391498201217920,30.93344,2.16751,3.94975,0.02682,2.0,2.0,,,4830.0,147.0,-0.07,0.25,295.5208896018608,40.20470171830682,14.651977,25951.111805243803,4.8917384,0.1451151936320239,0.015726125,0.0003310155783076141,0.24523866270150171,,
gaia-dr3-2076394418771279744,2076394418778961024,18.08105,0.74544,2.45046,0.01334,2.0,2.0,,,4479.0,118.0,-0.1,0.22,295.42340195718793,40.2868749864032,14.719506,24386.212595549103,5.415938,0.1131386923505514,0.017226886,-0.42420541030040937,0.3363555381723701,,
gaia-dr3-2076396480355944960,2076396480363343744,35.08151,1.45712,3.91533,0.05363,1.0,2.0,,,4615.0,109.0,-0.2,0.2,295.48398231035776,40.36092500305264,11.952171,311945.00134179875,39.78537,0.5416685012793314,0.008531674,0.32288142773753314,0.05627907897426524,,
gaia-dr3-2076397786026462848,2076397786033511680,31.28376,1.56238,4.02664,0.03382,2.0,1.0,,,4641.0,147.0,-0.32,0.25,295.68839278748476,40.32717953976907,15.490018,11993.320288035147,3.9906845,0.0914437369035825,0.02649337,-0.16442258545877664,0.6329019420028115,,
gaia-dr3-2076520003620214400,2076520003620212864,40.31103,2.46982,4.55166,0.0275,2.0,2.0,,,4481.0,111.0,0.0,0.2,294.24591209061873,40.206533056964055,14.123136,42236.94448664793,7.228237,0.2647842202563463,0.014320702,0.8984941119577314,0.12798491599371775,,
gaia-dr3-2076542577968380160,2076542577968380032,42.43798,2.24045,4.74463,0.03042,2.0,2.0,,,4954.0,159.0,-0.28,0.25,294.17043309426515,40.421751399870665,15.238658,15117.61875381018,3.625189,0.1037866347285384,0.021272339,0.02870596189440988,0.44720024690741267,,
gaia-dr3-2076753237513189504,2076753233216297472,34.01405,2.68424,3.42398,0.0215,2.0,2.0,,,4799.0,114.0,-0.3,0.2,296.616096090823,40.73879775443317,11.615645,425293.39857538,77.80742,0.4873601773456519,0.010558923,-0.5264231799908039,0.0990798998958339,,
gaia-dr3-2076786738262107008,2076786738269473536,41.38579,1.70863,4.43914,0.07274,2.0,1.0,,,4639.0,113.0,-0.3,0.2,297.205190590715,41.188939113857494,11.433959,502762.6703989777,414.84955,0.7284958834542571,0.075801454,0.10415153221878803,0.24561038837524402,,
gaia-dr3-2076832780314856064,2076832780320008832,12.028,0.69299,1.70145,0.01975,2.0,2.0,,,4390.0,101.0,0.5,0.2,296.63659302985786,41.18565331896602,11.068227,704135.0157724961,137.31253,0.7209388742104695,0.0126946485,-0.223599158308053,0.09521298723250411,,
gaia-dr3-2076856385456866176,2076856385460670976,9.08305,0.32739,1.34602,0.04202,2.0,2.0,,,4497.0,109.0,-0.0,0.2,296.7215522836334,41.57762675180937,14.383977,33216.67498658593,7.8750997,0.1319744735606609,0.015378796,-0.4980052607467922,0.26326555753580594,,
gaia-dr3-2076935584649572736,2076935580352139904,30.00484,1.87783,3.83625,0.06615,2.0,1.0,,,4563.0,110.0,0.5,0.2,297.0874549715992,41.58813034733851,12.675106,160289.28414821948,21.063295,0.5151920346721771,0.010510253,0.7378945890491853,0.08672624956048974,,
gaia-dr3-2076941185286958976,2076941185293405312,21.63857,1.9927,2.94264,0.08232,2.0,1.0,,,4500.0,100.0,0.5,0.2,297.0200758118905,41.67514319815816,11.252826,594041.0555018431,193.86983,0.8409557071838342,0.012858321,0.36781820830591094,0.08324018212793224,,
gaia-dr3-2076955582016924160,2076955582023677952,28.14824,0.0,3.00624,0.02626,1.0,2.0,,,4474.0,116.0,0.3,0.2,296.80856380235616,41.75717260666768,13.434754,79624.19198189992,14.260701,0.3244861633459199,0.012153539,0.5063029600596636,0.1090646042509428,,
gaia-dr3-2077013993566672512,2077013993576786048,33.92446,1.34353,4.12691,0.05375,2.0,1.0,,,4640.0,116.0,-0.1,0.2,296.1622209952358,41.32099912430783,14.387504,33108.9548794274,6.4793677,0.1530791060418985,0.014982972,-0.19656999440324796,0.22581804978801487,,
gaia-dr3-2077204724484970112,2077204724484970112,77.95183,2.34617,7.68797,0.04033,2.0,2.0,,,4528.0,140.0,-0.66,0.27,296.621683828899,42.717721656385955,15.731347,9603.02314287004,3.21191,0.1168986800450425,0.02808137,0.44063346023491157,0.5301151127640789,,
gaia-dr3-2077482969638990848,2077482969645034752,13.28323,0.8891,2.05336,0.04645,1.0,1.0,,,4426.0,124.0,-0.1,0.22,294.8351375480876,41.85152650007643,15.235369,15163.495930301771,4.058617,0.0784592401339223,0.022342997,-0.6305128987463569,0.6204631495546874,,
gaia-dr3-2077510388716855552,2077510388716855808,31.74237,2.01701,4.1061,0.04753,2.0,2.0,,,4645.0,139.0,-0.59,0.24,294.4062671256709,41.808269185315226,15.338744,13786.341119593988,3.525644,0.0822575869202708,0.022796217,-0.3518137648753523,0.6031103878252412,,
gaia-dr3-2077649511291985280,2077649506996007296,28.60359,2.85561,3.79976,0.03781,2.0,1.0,,,4663.0,132.0,-0.1,0.22,293.0853343068049,41.82551633037791,14.592097,27422.55690718483,5.5377564,0.1262607207137105,0.016350731,-0.0953344876594997,0.2827033709155142,,
gaia-dr3-2077957993028869376,2077957993021819904,33.68598,2.37991,4.1331,0.1501,2.0,1.0,,,4672.0,252.0,-1.35,0.51,294.98454373854184,42.86052812412425,16.01381,7403.259296485903,3.0866654,0.0477527392678902,0.032866593,-0.906079341731914,1.4952971272406046,,
gaia-dr3-2077966170642720896,2077966170646943232,4.36846,0.46159,0.87655,0.04201,2.0,1.0,,,4170.0,100.0,0.5,0.2,295.0792197629095,43.028448030087965,10.523799,1162591.789265946,303.07452,0.7066351967445558,0.01117755,-0.5693270605185567,0.0613773005363647,,
gaia-dr3-2078283311021493120,2078283311028205568,14.55975,1.14302,1.71688,0.01779,2.0,2.0,,,4528.0,106.0,0.0,0.2,294.7954758132233,43.84973690963018,11.526411,461723.8951139066,104.200645,0.310147049000786,0.015175244,-1.1853019273211274,0.10925017609504856,,
gaia-dr3-2078498918387982848,2078498914091254912,6.83786,2.47412,1.14693,0.14033,2.0,1.0,,,4250.0,103.0,-0.1,0.21,297.6067922556502,42.751946358941325,12.013627,294778.5165933108,54.84088,0.3958925539222357,0.00896645,-0.5821519419841152,0.1004180666137241,,
gaia-dr3-2078577121154530816,2078577121154529536,31.41534,3.89361,3.93696,0.03885,2.0,2.0,,,4501.0,113.0,0.2,0.22,298.26032906477764,43.11749329943133,15.400291,13026.572504714157,4.305479,0.1396432860898893,0.024802139,0.08386259868192347,0.41611805785817263,,
gaia-dr3-2078824202029187840,2078824202033902464,134.71479,1.99194,11.59065,0.02739,2.0,2.0,,,4432.0,119.0,-0.61,0.23,296.4684647356977,43.9425494584129,14.934799,19999.868418921495,5.251373,0.300655109954027,0.018790357,1.8891531638727805,0.1506485345465389,,
gaia-dr3-2078833204281743232,2078833199984653440,37.08864,1.39075,4.30363,0.07588,2.0,1.0,,,4850.0,104.0,-0.3,0.2,296.5675473669833,44.1505998238931,12.449742,197264.9359219095,29.368809,0.452178968775619,0.008867531,0.2903050115497692,0.07804079154822419,,
gaia-dr3-2078961263024506752,2078961297389641856,16.12227,1.00215,2.35559,0.02379,2.0,2.0,,,4700.0,144.0,-0.39,0.23,296.8730653091448,44.54341016068934,15.241761,15074.474148042911,4.067719,0.0596500709711363,0.023405096,-1.3403945891083566,0.854819780459405,,
gaia-dr3-2079018987381463040,2079018987390162688,15.59379,0.899,2.13334,0.03228,2.0,2.0,,,4298.0,124.0,0.17,0.25,299.37987817003307,44.093086241814824,14.770443,23268.564330197933,7.34864,0.1731102656537269,0.01857797,-0.17635810319385214,0.2889071424380141,,
gaia-dr3-2079652031202663168,2079652031207603328,29.89405,1.04823,3.61731,0.01876,2.0,2.0,,,4461.0,105.0,0.2,0.2,295.94263810018083,44.470683857290624,12.910463,129050.984609802,18.691832,0.43256615616794,0.010537961,0.6789585021484967,0.08132277917027088,,
gaia-dr3-2079655295383312384,2079655295383312384,11.20295,0.40354,1.55236,0.14806,2.0,1.0,,,4504.0,109.0,-0.0,0.2,295.88459652361354,44.624343163400624,13.832073,55222.65931181969,10.789631,0.1628686517682663,0.013336424,-0.6416146738090625,0.1949498775814173,,
gaia-dr3-2079782288972078848,2079782254616876672,25.52827,2.0253,3.54331,0.25204,2.0,1.0,,,4746.0,137.0,-0.63,0.25,295.7751601605737,45.32709171835925,14.594866,27352.71487708607,4.7969165,0.1435072247941624,0.01474052,0.06435404138803236,0.22799162065057685,,
gaia-dr3-2079912821621064576,2079912821621064576,28.36077,1.31489,3.9646,0.0543,2.0,1.0,,,4701.0,133.0,-0.1,0.22,294.08463166632094,45.05071102609695,14.160052,40824.959623551025,7.6834545,0.2510444402730161,0.015786674,0.8197026513906884,0.14571704153815873,,
gaia-dr3-2080005111878334464,2080005111878334976,10.37786,0.45403,1.60444,0.0192,2.0,2.0,,,4316.0,109.0,0.2,0.21,295.78772178629225,45.731884496492775,13.627788,66654.8370183772,13.999588,0.2064039089896098,0.011763428,-0.16194639683821066,0.1352256689603673,,
gaia-dr3-2080579331826705408,2080579331826705280,30.01896,2.02475,3.51488,0.02108,2.0,1.0,,,4418.0,113.0,0.1,0.2,296.3256940021086,47.41688745546247,13.977796,48286.790987328866,8.827057,0.2285754686662324,0.013919944,0.5791712868273073,0.13539657300365748,,
gaia-dr3-2081917746719595904,2081917746719595904,37.21682,1.50077,4.31806,0.02392,2.0,2.0,,,4491.0,111.0,-0.1,0.21,301.32575619751424,44.58758916667533,14.134898,41781.8220435723,18.95797,0.4709888705312898,0.015538515,0.4895583200682321,0.3099520429701205,,
gaia-dr3-2082156478173147392,2082156473877494272,19.57827,0.75824,2.43739,0.0149,2.0,2.0,,,4482.0,112.0,-0.11,0.23,300.5304449889017,45.04865958374762,12.2193365,243900.1993234492,38.78311,0.4914299948627622,0.008773777,-0.164626299931264,0.1320117984005296,,
gaia-dr3-2085178314088393344,2085178314088393728,35.19268,1.39692,4.2321,0.3198,2.0,1.0,,,4660.0,148.0,-0.25,0.25,300.23683498572865,45.365459078386934,15.061238,17801.29494138792,4.355572,0.1686429099667413,0.019157426,0.130328076682229,0.2939458697139778,,
gaia-dr3-2085201506906589696,2085201506911862272,63.09867,1.37139,6.35198,0.02574,1.0,2.0,,,4510.0,100.0,-0.1,0.2,299.77537456644853,45.75253624679554,11.255609,592520.1827998998,113.28789,1.2079566175060954,0.011264428,1.0429358155914663,0.09560867124915383,,
gaia-dr3-2085660965326053376,2085660965333385984,33.85361,1.53466,4.07965,0.03674,2.0,2.0,,,4576.0,132.0,-0.15,0.25,298.90606407850595,47.1060845350671,13.587825,69153.93219668003,10.668418,0.2935854398844337,0.011005725,0.29673598994493844,0.12469927924391964,,
gaia-dr3-2086413546684094080,2086413546684094080,17.50673,2.18857,2.30325,0.18753,2.0,1.0,,,4730.0,122.0,-0.3,0.21,297.64954592042227,47.77694077415607,14.602271,27166.785329956147,5.9161825,0.1174052803149691,0.017137233,-0.29150682716224274,0.31903776566312164,,
gaia-dr3-2086537791498535168,2086537791497062912,17.09345,0.93527,2.46209,0.01653,2.0,2.0,,,4439.0,120.0,-0.2,0.2,297.56397038831466,48.40833863561222,14.792007,22810.961512471124,5.557212,0.1313452719329716,0.017259657,0.0934200307836921,0.28865786523893283,,
gaia-dr3-2086562908461398528,2086562908465904768,55.24235,1.17194,5.87945,0.02862,2.0,2.0,,,4532.0,134.0,-0.31,0.24,297.65859608024084,48.605914828834024,15.445108,12499.80810702576,4.014588,0.1528510081870853,0.02480974,1.124233562012689,0.35432653301518924,,
gaia-dr3-2087219901016656896,2087219901019995520,8.10173,0.45748,1.34138,0.02227,2.0,2.0,,,4291.0,110.0,0.0,0.2,297.3149547731238,49.72667326023192,11.817674,353083.27586305654,70.637924,0.418971449098888,0.011153555,-0.45894947102417305,0.08198201152922922,,
gaia-dr3-2099123866731467648,2099123866736201088,8.0599,0.61095,1.39063,0.01258,2.0,2.0,,,4503.0,108.0,-0.2,0.2,286.70103176125644,37.566491231162665,13.587898,69149.26956478224,14.314616,0.1371847936113746,0.012049907,-0.9193449366024549,0.19293779766019056,,
gaia-dr3-2099215710314284288,2099215710317435008,67.29768,1.5335,6.8005,0.02234,2.0,2.0,,,4705.0,142.0,-0.29,0.23,287.03187491057116,38.22765679476927,14.177468,40175.34006105241,6.7431836,0.2882226633809933,0.013931851,1.2338926591217483,0.1110731544468497,,
gaia-dr3-2099973720504295808,2099973720504295680,14.96445,0.47247,2.18158,0.02364,2.0,2.0,,,4641.0,117.0,-0.5,0.21,286.3062674231641,38.52251059720246,14.1734295,40325.03775805395,6.9692745,0.1356324961201763,0.013554407,-0.4311893181716009,0.22065527161534926,,
gaia-dr3-2100500936328201344,2100500936330305280,28.76848,0.83714,3.53243,0.01957,2.0,2.0,,,4534.0,125.0,-0.35,0.25,286.97208363434197,40.02272346564872,13.184913,100226.31257910376,11.999832,0.3518939026801712,0.00868468,0.5294260936305228,0.07906568991668339,,
gaia-dr3-2101219707699296512,2101219707697872640,80.40403,2.42138,7.74227,0.0297,2.0,2.0,4552953.0,2.1012197076978726e+18,4603.0,117.0,-0.2,0.22,289.1760752766256,39.69679490621003,14.423274,32035.918543219617,8.0942955,0.213719040883204,0.018372122,0.9029388888451901,0.18839301002309947,,
gaia-dr3-2101254411033069440,2101254406739421312,59.41274,1.37711,5.91489,0.01361,2.0,2.0,,,4501.0,104.0,0.1,0.2,289.3207809600805,40.16551789915564,12.395983,207278.27256673216,31.671812,0.6925424012574151,0.009325385,1.1864476575104472,0.0683368104413926,,
gaia-dr3-2101896800699324416,2101896800703409664,29.62642,1.41642,4.21113,0.09645,2.0,1.0,,,4796.0,143.0,-0.58,0.25,290.1141363070322,42.02117219596804,14.165047,40637.60323487332,6.9950876,0.1875817931694977,0.014780445,0.4341140118324862,0.17171664037244586,,
gaia-dr3-2102043757301841664,2102043757304982784,55.8398,3.04849,5.8722,0.0434,2.0,2.0,,,4511.0,117.0,-0.5,0.22,290.25706123373624,43.063430692374105,14.651553,25961.241869745543,6.525887,0.216607716597741,0.014794465,1.0877066448870938,0.15269874885654575,,
gaia-dr3-2102098595441155584,2102098595445783552,8.06428,0.54849,1.61965,0.06147,2.0,2.0,,,4722.0,116.0,-3.23,0.31,288.6485720190876,40.9467873306303,15.042178,18116.543335635422,4.7303715,0.0628630869895207,0.018597718,-1.1111730750607958,0.6427886618749786,,
gaia-dr3-2102901513805608704,2102901513810877696,30.96456,0.74479,3.85157,0.02017,2.0,2.0,,,4570.0,113.0,-0.6,0.22,288.4895445803108,42.75323190665915,14.051838,45103.6510298344,6.579156,0.2251010047917587,0.012102677,0.6199523601893713,0.1203141949073787,,
gaia-dr3-2103015450704187392,2103015450704187264,31.32658,4.80765,4.08595,0.88998,2.0,1.0,,,4733.0,132.0,-0.7,0.23,288.11218149727415,43.73255638139728,14.758948,23516.213686851872,4.859951,0.1059344520565427,0.016684506,-0.2611954718483833,0.3426975375754765,,
gaia-dr3-2105285083218535808,2105285083220838144,27.14696,1.11428,2.91502,0.01698,2.0,2.0,,,4732.0,108.0,-0.0,0.2,282.0085078986182,43.94271374304006,10.228437,1526059.9363335697,329.43146,0.8473717527023567,0.011552925,-0.2765226815242574,0.036766229853936676,,
gaia-dr3-2107104362645006976,2107080894945916416,13.8063,0.57834,2.02813,0.01818,2.0,2.0,,,4462.0,113.0,-0.1,0.2,282.5888218693804,46.00999010722155,12.72921,152497.48687689076,29.326809,0.3052589476564744,0.010124555,-0.0412207941678453,0.07766569744653012,,
gaia-dr3-2126194495849360000,2126194495847554304,38.25755,1.34095,4.27921,0.02371,2.0,2.0,,,4669.0,137.0,-0.9,0.25,291.29703673181336,43.98674387208819,14.568686,28020.273041169843,19.18573,0.1532735253888281,0.09334433,0.18114094450795193,1.323280776239163,,
gaia-dr3-2126619044775591552,2126619040476562176,7.08525,1.12765,1.31197,0.09431,2.0,1.0,,,4455.0,114.0,0.21,0.23,291.41270069623647,44.784696435327945,12.205583,247009.57631013863,37.357822,0.3435086111617963,0.008403621,-0.4053880465378725,0.06872371839279903,,
gaia-dr3-2127404645827214592,2127404645831840512,35.41664,1.34096,4.1844,0.05355,2.0,2.0,,,4757.0,109.0,0.2,0.2,290.87829428459327,45.47487200377437,12.861315,135027.08653651216,19.326452,0.3776264262646664,0.010332119,0.40752450547068264,0.07821260284719181,,
gaia-dr3-2128055178761236352,2128055178761236352,27.80861,1.01482,3.93147,0.11024,1.0,1.0,,,4941.0,223.0,-0.65,0.34,293.16676543532725,46.10906659913199,16.162811,6453.905344154489,2.7021723,0.1073916448498337,0.03335371,0.9785610837859213,0.6763317617707381,,
gaia-dr3-2129802165291055744,2129802165295923712,30.97391,2.07031,3.90782,0.05416,2.0,1.0,,,4684.0,118.0,0.2,0.2,292.57132525637496,49.35436360240809,13.877297,52969.714232914,8.209003,0.2109878258639138,0.0119082965,0.3532543901072067,0.12448311405626114,,
gaia-dr3-2130219773555498624,2130219773555498624,32.31596,2.07791,4.15429,0.09284,2.0,1.0,,,5221.0,241.0,-0.62,0.37,287.88101152546506,45.52307657846744,16.22286,6106.6389714083425,2.652897,0.0365673283212062,0.035523113,-1.1312250381468658,2.109617282245473,,
gaia-dr3-2130636832059264640,2130636827760031232,4.559,0.87115,1.02259,0.23393,2.0,1.0,,,4500.0,100.0,0.5,0.2,287.1652493316137,46.99589216484869,11.811667,355041.89650047367,94.971695,0.3990613178014467,0.011180599,-0.30424282620736065,0.06349361907551354,,
gaia-dr3-2130642467052063488,2130642467056313856,30.72964,1.40689,3.79784,0.04493,2.0,2.0,,,4553.0,110.0,0.2,0.2,286.754601556588,46.78390729246961,13.511657,74179.5137504563,20.556732,0.2666700580028303,0.01078776,0.4477554691918968,0.09252815464295469,,
gaia-dr3-2132884955376802816,2132884955380484992,28.50927,1.87364,4.06014,0.1049,2.0,1.0,,,4991.0,152.0,-0.43,0.25,288.11849456843447,50.02031065596686,14.8939085,20767.45130369282,4.341223,0.0904059381620989,0.017198237,-0.49465790713740176,0.413869005468948,,
gaia-dr3-2133357298704077952,2133357298704079232,35.46138,1.58378,4.23799,0.02114,2.0,2.0,,,4587.0,111.0,-0.3,0.21,288.2679423003438,51.261464441088314,14.283834,36426.12113665221,6.4511986,0.2024434726586705,0.0136223845,0.5731369162141569,0.15056741162921763,,
gaia-dr3-2134991035546265216,2134991035546265088,44.27173,1.14816,5.06702,0.03515,2.0,2.0,,,4528.0,114.0,-0.2,0.21,294.53407204137136,49.09377335598714,14.468746,30721.90380430678,5.9909806,0.2096266419982075,0.015633233,0.9064271934911634,0.16392599566504,,
gaia-dr3-2135411839255870336,2135411839261358720,20.16576,0.62466,2.71804,0.0208,2.0,2.0,,,4683.0,173.0,-0.42,0.27,297.08621515841673,50.61256378748985,15.828826,8778.418762278307,2.8213856,0.0694933780009673,0.02628921,-0.3247808725478176,0.8232696943921329,,
kic-000892641,2050232226787086976,33.35831,1.67907,4.08054,0.07095,2.0,1.0,,,4719.0,117.0,0.1,0.2,291.12118986868444,36.62129191972327,13.188555,99890.66827043834,12.850222,0.3130827429820333,0.009628679,0.27930503510243554,0.08853935282498815,,
kic-000893295,2050237415107697152,29.98062,2.14249,4.19052,0.05754,2.0,1.0,,,4918.0,166.0,-0.22,0.26,291.2663491264015,36.63300878545455,15.029545,18328.583442641186,3.8039477,0.1264984200828051,0.019492853,0.2977545307443137,0.3365811762926927,,
kic-000893398,2050237380747978368,33.2748,2.04071,4.1124,0.06994,2.0,1.0,,,4601.0,121.0,0.09,0.22,291.286741384496,36.63732139744064,14.307139,35652.595384810564,5.8204694,0.1834968261536118,0.014222189,0.3830658083502918,0.1721801955440418,,
kic-001161372,2050249337936878336,26.87224,2.02758,4.10588,0.2212,2.0,1.0,,,4813.0,140.0,-0.61,0.26,291.0596789369978,36.80914428691196,14.946826,19779.54681715551,4.308589,0.1379070394483505,0.018686585,0.20876939242163317,0.30141768761153676,,
kic-001570273,2051023187960640640,27.60606,1.83398,3.9841,0.13477,2.0,1.0,,,4667.0,138.0,-0.19,0.23,290.7126380657435,37.18021267114054,15.241192,15082.381207704851,3.6771796,0.1033718548160823,0.021953022,-0.0016772435667675722,0.46356691793769045,,
kic-001574604,2051752095452630400,51.66579,1.67726,5.51321,0.02149,2.0,2.0,,,4417.0,119.0,-0.1,0.21,291.6566877866327,37.1136778578339,14.776563,23137.78281393565,5.045412,0.1976786471222353,0.018002795,0.7719298486090445,0.21068586341810597,,
kic-001849563,2099068581918509824,68.87907,1.38193,7.08709,0.01756,2.0,2.0,,,4683.0,144.0,-0.42,0.24,286.244234776538,37.38729500717597,14.344713,34439.86986140703,5.72847,0.2505416943591322,0.015707385,1.0968970745640814,0.1409025580683122,,
kic-001867106,2052519004809871360,68.65694,1.80236,6.58515,0.02815,2.0,2.0,,,4499.0,105.0,0.2,0.21,291.1790483823495,37.35630796744734,14.592861,27403.251000343964,6.006455,0.2945749782089709,0.017242435,1.4786298583924324,0.14463982910033055,,
kic-001867560,2052524364932148096,29.81565,2.34538,4.13816,0.03183,2.0,2.0,,,4749.0,117.0,-0.5,0.22,291.2876068199957,37.382265275903904,13.021767,116476.94361212544,19.232956,0.384612545577717,0.015140614,0.3897874520211779,0.1195417205916669,,
kic-001867665,2051773364130884096,5.8529,0.7291,1.02798,0.06327,2.0,1.0,,,4355.0,130.0,0.19,0.24,291.3197137971308,37.31948965924068,15.267214,14725.20199100922,4.9594727,0.0770607516761494,0.023274623,-0.8799381736976475,0.6616201583487366,,
kic-001868530,2051770374833465600,31.64995,1.39951,3.89533,0.04872,2.0,2.0,,,4500.0,102.0,0.4,0.2,291.515196931174,37.30824385422543,13.6241,66881.62202454446,12.674669,0.3505481178219077,0.012095871,0.7422982205569006,0.11774765109976344,,
kic-001872546,2051817447673143936,17.02509,0.83786,2.35762,0.02845,2.0,2.0,,,4530.0,114.0,-0.1,0.21,292.3657720607472,37.34041417007274,14.838531,21854.18995836902,4.3657546,0.1195424733123943,0.017923877,-0.0887386029973598,0.3289929169437868,,
kic-001873975,2051820677488859264,51.17531,1.52149,5.49883,0.03983,2.0,2.0,,,4583.0,119.0,-0.3,0.21,292.6897615203288,37.38602535263524,14.329786,34916.623374070565,6.1622224,0.2310480358043483,0.015300068,0.7365302194016667,0.1564995753555811,,
kic-002010185,2051081290279705856,29.05971,1.69593,3.91498,0.14175,2.0,1.0,,,4726.0,156.0,-0.7,0.26,290.3869611933244,37.47542335220981,15.882276,8356.729347746794,2.6792808,0.0368336929787932,0.027949888,-1.577156870281236,1.6483184103506148,,
kic-002010578,2051083214425133568,31.3421,2.05195,3.78118,0.05116,2.0,2.0,,,4662.0,120.0,0.5,0.2,290.4986407275791,37.449315854985024,14.252887,37479.339606674504,6.5293856,0.2030187990536593,0.014774441,0.5483522958918279,0.16214919509228623,,
kic-002010722,2051083076986212992,29.66821,1.21507,4.11451,0.48484,2.0,1.0,,,4559.0,145.0,-0.41,0.25,290.53158885448494,37.446554656732346,16.001396,7488.389459301496,2.8311777,0.0301448068395362,0.031214215,0.5395942326507566,0.28708443594666105,,
kic-002015131,2051795560522392448,31.57469,1.20939,4.00355,0.04503,2.0,1.0,,,4706.0,123.0,-0.4,0.21,291.58555134596804,37.45015148628808,13.996427,47465.30348560434,6.7216063,0.2195110097237859,0.013699701,0.07394696064311113,0.16519585281161558,,
kic-002015844,2051784771564390784,7.54181,0.31533,1.22891,0.02765,1.0,2.0,,,4490.0,101.0,0.2,0.2,291.7492197687504,37.45424804300376,12.909627,129150.41072764118,21.93093,0.2318729762738924,0.013315137,-0.8454406956079588,0.15215906675945537,,
kic-002016245,2051784290528092160,58.64678,1.28822,5.99459,0.01459,2.0,2.0,,,4490.0,101.0,0.3,0.2,291.8369605187761,37.47405378623116,12.511564,186346.43087480176,25.239254,0.7177487568310363,0.0098694395,1.379659060036353,0.06860395595599975,,
kic-002020734,2051634928746417152,29.11448,3.5746,3.75133,0.37689,2.0,1.0,,,4747.0,118.0,-0.2,0.21,292.8086727171354,37.43644274007536,14.235964,38068.098474803286,6.314569,0.1637322960534512,0.014815784,-0.10513142437585365,0.205970908495009,,
kic-002140434,2099087376695328768,39.87937,2.04612,4.66698,0.04888,2.0,2.0,,,4609.0,111.0,-0.2,0.2,285.93056192991304,37.56676617947154,14.000627,47282.03000912797,7.084063,0.253057747221545,0.0153611675,0.7987307957380629,0.1358086195567341,,
kic-002141745,2099075350787111936,44.8017,0.98382,5.06236,0.01822,2.0,2.0,,,4572.0,126.0,-0.69,0.24,286.3564486844922,37.52288825237661,14.214516,38827.60700623933,6.9528866,0.2506076196449592,0.016010944,0.9672713811032221,0.1434108733323821,,
kic-002160556,2051800611403961216,59.33155,1.35877,6.19482,0.01797,2.0,2.0,,,4533.0,122.0,-0.22,0.24,291.52775590447715,37.5911787378382,14.570571,27971.660416880968,5.51114,0.2243007361401395,0.016374258,0.9371788791203137,0.16884337160813695,,
kic-002166943,2051659010619095936,10.01978,0.60954,1.53089,0.014,2.0,2.0,,,4421.0,111.0,0.0,0.2,292.8951666583049,37.51252729616488,13.582579,69488.8528110688,13.288754,0.1800214020403177,0.013750585,-0.5283459167103643,0.17575585762803803,,
kic-002299550,2051086066283784832,31.03957,1.53943,4.08557,0.05772,2.0,1.0,,,4749.0,132.0,-0.87,0.25,290.669393548673,37.60882119917928,14.603687,27131.368397013128,5.608243,0.1331327626735617,0.017746225,-0.04132586881831024,0.29219736512991545,,
kic-002423810,2099175337624234752,12.61708,0.84283,1.74926,0.03661,2.0,2.0,,,4681.0,115.0,0.0,0.2,286.45870964269847,37.73554446390975,13.432464,79792.33326240219,10.777945,0.1415797375019016,0.011007039,-1.0547464622031022,0.17268536069822066,,
kic-002441694,2052549653696850816,29.30706,1.26583,4.02802,0.06343,2.0,1.0,,,4919.0,159.0,-0.16,0.25,291.0639958601031,37.79957066851685,13.769466,58500.5924328128,10.210553,0.1978199889447915,0.014031744,-0.06406392204543465,0.16110589679474124,,
kic-002445922,2051887747699455232,18.40339,0.77603,2.49359,0.01396,2.0,2.0,,,4401.0,112.0,-0.0,0.2,292.02091225406167,37.71103711172475,13.579413,69691.72285391146,9.855911,0.2339501012460254,0.011411128,0.061705200853811704,0.11911432006074008,,
kic-002447534,2051891252392747136,11.76746,0.89858,1.72943,0.01989,2.0,2.0,,,4415.0,119.0,0.01,0.22,292.3444970012296,37.78472808266996,14.702072,24780.937718226694,5.582987,0.107814318586773,0.01758282,-0.42520497725848116,0.3568068196299173,,
kic-002451178,2051667467419472256,30.46904,2.72901,3.8054,0.12785,2.0,1.0,,,4518.0,118.0,0.22,0.24,293.17325233441915,37.72464780791056,14.535312,28894.964604396548,5.923722,0.1881367830226476,0.016346201,0.47169178461307126,0.1996809237601403,,
kic-002452039,2051665302756062336,123.18112,2.96441,10.77991,0.01893,2.0,2.0,,,4570.0,134.0,-0.33,0.25,293.36019565581404,37.74715266310571,14.64015,26235.349358689247,4.990941,0.3314389407572316,0.016998846,1.9272868733466169,0.12097234108907784,,
kic-002453147,2052026767204121344,33.93943,2.07592,4.1363,0.03405,2.0,2.0,,,4747.0,135.0,-0.21,0.23,293.6013829934103,37.76169872961806,13.783878,57729.176491016304,7.9106426,0.2331602829423991,0.012258136,0.16194045560200898,0.13341101271756448,,
kic-002557832,2099153862788100864,30.2066,1.88063,4.17915,0.17033,2.0,1.0,,,4975.0,143.0,-0.39,0.24,286.9695647368665,37.8300075205336,14.550331,28497.999652889663,4.913775,0.0993696861047221,0.015158389,-0.7056153863927026,0.3332347628036444,,
kic-002579047,2051890943155295744,59.46837,1.84464,6.25397,0.02088,2.0,2.0,,,4587.0,138.0,-0.13,0.25,292.1363595799563,37.88820224630792,15.108225,17047.344451403704,4.051361,0.1360847755333112,0.020692246,0.5108351162871045,0.3325913059832447,,
kic-002580059,2051892042667047040,27.39349,1.7472,3.69704,0.05096,2.0,1.0,,,4690.0,128.0,-0.3,0.22,292.35532796711675,37.84157511394343,14.622019,26677.145613945464,5.441804,0.1668048405840301,0.017686447,0.3939598599205514,0.23579467965931677,,
kic-002581600,2051866444663271680,54.11769,1.27243,5.19189,0.02341,2.0,2.0,,,4506.0,123.0,-0.02,0.25,292.700525026739,37.87281950715945,14.309728,35567.698509148395,104.72636,-1.134577081369024,0.31565827,0.3327223990707395,0.5829443406587937,,
kic-002582215,2051854899788900608,33.98581,1.11203,4.04932,0.01746,1.0,2.0,,,4389.0,108.0,-0.1,0.2,292.8331421023109,37.83014599378786,13.8621235,53715.23764078786,9.179202,0.2998505191059654,0.013119827,0.9317667368333922,0.10610444352047364,,
kic-002692159,2099861432879969152,27.6625,1.96975,3.94468,0.158,2.0,1.0,,,4966.0,160.0,-0.39,0.26,285.58667941929025,37.93046585799693,15.131413,16687.11406857011,4.075988,0.0927436152583045,0.020191962,-0.22593970164742494,0.4736615282565751,,
kic-002694233,2099193750143811968,87.00193,2.55677,8.44247,0.18173,2.0,1.0,,,4434.0,125.0,-0.14,0.25,286.25813732143007,37.95982253497989,14.586687,27559.525373019453,6.1896963,0.2323883893074107,0.01814695,1.1755431531073768,0.1734167262105937,,
kic-002709840,2052612635098507904,56.15474,3.03338,5.50082,0.04265,2.0,2.0,,,4499.0,106.0,0.3,0.21,290.70491397851424,37.97177237648401,14.868316,21262.792330424487,4.419462,0.1684884925173039,0.017848173,0.7105080339372698,0.23412196748122235,,
kic-002710683,2052601399464161408,32.03369,2.45258,4.1439,0.12519,2.0,1.0,,,4816.0,143.0,-0.08,0.25,290.9116314782957,37.95328692176826,14.357001,34052.27053460917,5.97829,0.189396084249059,0.01528588,0.4531967895342621,0.18059813733023114,,
kic-002713288,2052577656884261760,7.32002,0.95385,1.14631,0.07518,2.0,1.0,,,4446.0,110.0,0.4,0.2,291.4923549006223,37.98454662089406,13.037601,114790.55716503169,20.800566,0.1876886323272895,0.010152041,-0.8374251278507092,0.1229456977410095,,
kic-002714404,2052563599452804096,54.0362,1.1065,5.52079,0.02009,2.0,2.0,,,4879.0,107.0,-0.3,0.21,291.7317352035351,37.97872045158926,12.742656,150620.59564323231,20.52317,0.4372850025248616,0.009782061,0.7284845215339004,0.058556526224191885,,
kic-002715006,2051906164519274368,6.4818,0.86704,1.08169,0.06756,1.0,1.0,2715019.0,2.0519061645192745e+18,4250.0,100.0,0.5,0.2,291.8797299760068,37.964943391940615,10.825212,880769.0702097967,176.4762,0.5972990464174937,0.011942856,-0.4876017007151887,0.052249454041958535,,
kic-002722695,2052049719509661824,29.42547,0.9806,4.30766,0.12723,2.0,1.0,,,4802.0,139.0,-0.8,0.25,293.5293504069759,37.97881475153596,14.252029,37508.96347696062,5.807731,0.2117350509152249,0.014948265,0.5176688018905189,0.1627025471456405,,
kic-002831988,2099866174523969152,45.33236,1.37468,5.12616,0.02876,2.0,2.0,,,4654.0,124.0,-0.4,0.21,285.806637996995,38.02455287638979,14.598352,27265.02717420002,4.8949976,0.1941520436931098,0.01638324,0.7968458558748317,0.18680396168295216,,
kic-002832783,2099948947132729728,27.24822,1.29819,3.84358,0.1019,2.0,2.0,,,4787.0,149.0,-0.46,0.26,286.0720830401616,38.0765786497147,14.304208,35748.962612716954,6.0106325,0.1670410646391156,0.013850498,0.20032985465373443,0.18299663365002955,,
kic-002833265,2099945030122588416,25.42437,1.88335,3.34086,0.06498,2.0,2.0,,,4771.0,136.0,-0.1,0.24,286.2179610424357,38.02447259391641,14.238554,37977.39162317772,6.2165046,0.170811972516557,0.014229852,0.11048635025867526,0.1860789506258321,,
kic-002835181,2099210144039609600,43.55416,1.20166,4.64483,0.02015,2.0,2.0,,,4490.0,104.0,0.4,0.2,286.82596172557294,38.06951679693606,14.295488,36037.23839346796,6.8981814,0.217385976490674,0.014118339,0.6909864329596154,0.14761401811320532,,
kic-002845377,2051357267697536256,26.33421,2.90149,3.85121,0.18268,2.0,1.0,,,4684.0,127.0,-0.4,0.21,289.80401449692226,38.084782911411224,14.645921,26096.264608954963,6.7871494,0.1599226863686703,0.01758679,0.3263689946506254,0.2441554506252526,,
kic-002849790,2052603289249805312,28.40588,1.48056,4.05569,0.06039,2.0,1.0,,,4750.0,153.0,-0.48,0.25,290.88195618981086,38.055465601410226,15.2782545,14576.225842909713,3.6465034,0.1325652717561084,0.020863477,0.6239657421342297,0.34408116500388564,,
kic-002854945,2051908294823185280,78.42743,5.95664,7.78395,0.18364,2.0,1.0,,,4514.0,129.0,-0.37,0.25,291.98381076841144,38.07540302195551,14.488194,30176.497960343513,5.421514,0.2533223234293157,0.016928278,1.0947941285094451,0.15770705657319667,,
kic-002856153,2051911112321886976,25.23528,3.76574,3.37282,0.08459,2.0,1.0,,,4521.0,105.0,-0.4,0.2,292.2191922243403,38.06588642502357,12.794747,143564.68895590462,24.509401,0.4120032423696002,0.011138022,0.5785909799910023,0.07312292315086621,,
kic-002857807,2051918087349222784,46.15598,2.03401,5.0983,0.04971,2.0,2.0,,,4649.0,138.0,-0.53,0.25,292.5616910722319,38.01093609792403,14.883183,20973.629248684163,4.5363197,0.2022223894366954,0.019400334,1.1216699990612007,0.21283515419002816,,
kic-002857861,2051918190428450432,31.57029,1.65547,4.0765,0.06561,2.0,2.0,,,4834.0,148.0,-0.07,0.25,292.5711339987546,38.02471450411606,14.3331,34810.196549439155,5.751831,0.1904958427057287,0.016129376,0.44186832212889193,0.18895834875985507,,
kic-002857968,2051919599177738112,24.85339,2.45244,3.61408,0.13299,2.0,1.0,,,4723.0,156.0,-0.37,0.25,292.59413042116944,38.02858169975374,15.037188,18200.020994650586,4.14855,0.0969296996780949,0.019934257,-0.3211868535036775,0.44870145557530305,,
kic-002858126,2051872835572637952,47.45037,4.98617,4.9041,0.11175,2.0,2.0,,,4630.0,123.0,-0.3,0.22,292.63300432972005,38.044746744381264,14.975059,19271.84580798618,4.1926517,0.1606333583618676,0.01905955,0.7135785070240175,0.2613135440155841,,
kic-002859391,2051874003803585408,55.42064,1.59542,5.81924,0.02945,2.0,2.0,,,4501.0,113.0,-0.4,0.21,292.90449560195907,38.00015777559283,14.463075,30882.81722709903,6.1273365,0.2097349115119116,0.01582471,0.732326248327615,0.1715540843566902,,
kic-002859693,2051863829020747648,58.04175,4.77335,5.99013,0.12188,2.0,1.0,,,4515.0,161.0,-0.13,0.27,292.97006827301647,38.007637782452186,16.323622,5565.424501663169,2.8292165,0.0465374029102797,0.037131816,-0.7006912706772717,1.733457205347381,,
kic-002865110,2052013847941838720,32.16624,1.16186,3.9818,0.03896,2.0,1.0,,,4576.0,117.0,0.2,0.21,294.1043587723099,38.068342067822066,13.704849,62087.8852029524,23.263912,0.2709907426031282,0.012851187,0.4578540905777366,0.12008119366624194,,
kic-002970820,2099949290730136960,66.16862,1.47311,6.89099,0.04147,2.0,2.0,,,4563.0,131.0,-0.56,0.25,286.11077795508135,38.10039785330246,15.060134,17819.409085764877,4.2631416,0.160862952636838,0.019184865,0.8744197876204289,0.2610308440804162,,
kic-002972780,2099211312270726400,31.08715,1.1765,3.85599,0.01937,2.0,2.0,,,4552.0,130.0,-0.28,0.24,286.77991412505196,38.13425127078496,15.262109,14794.603117166023,4.1343064,0.1056564953051401,0.02244795,0.16359561187493377,0.462511990289846,,
kic-002975299,2099525497717295616,32.93279,2.40924,3.94031,0.04507,2.0,1.0,,,4740.0,101.0,0.4,0.2,287.5870380570666,38.10655290803387,12.923962,127456.52426868974,22.785324,0.341332462988227,0.014385285,0.5171851753822025,0.09216262217806066,,
kic-002982939,2051357714374385536,69.66351,2.61214,6.93426,0.04782,2.0,2.0,,,4458.0,130.0,-0.53,0.25,289.81805717966745,38.15691701447181,15.5746975,11093.480844352,3.2671037,0.1642204850021908,0.025955172,1.3369533637915225,0.346437841004894,,
kic-002984171,2051314799060026752,15.0816,0.67209,2.13995,0.0527,2.0,2.0,,,4518.0,110.0,-0.3,0.21,290.12076442888497,38.18247754618286,13.847385,54449.35675895065,10.415491,0.2152974993935356,0.014295833,0.19769914003186706,0.15172568024454042,,
kic-002987689,2052626756951448576,30.17861,1.33699,3.99144,0.04304,2.0,1.0,,,5018.0,142.0,-0.32,0.24,290.9942686437748,38.11290814901712,14.111275,42700.895346058154,6.3687778,0.1472530964587785,0.013894541,-0.3632836085238864,0.2102697961574333,,
kic-002991437,2052659948457934720,34.16302,2.20066,3.81963,0.112,1.0,1.0,,,4504.0,108.0,0.3,0.21,291.82308088821486,38.12557930481864,12.822599,139928.75012063104,55.20219,0.3933636539500172,0.02751868,0.5059109580597738,0.1580437727377017,,
kic-002992689,2051914891893086592,52.46906,1.75486,5.71643,0.06535,2.0,2.0,,,4699.0,144.0,-0.39,0.23,292.0910550316315,38.168014099206864,15.585047,10988.237069599703,3.2933452,0.1486127359110153,0.026781892,1.1304463590274647,0.3941669794004544,,
kic-002995189,2051920595610224640,14.73999,1.67479,2.25465,0.05937,2.0,2.0,,,4576.0,141.0,-0.36,0.25,292.64048866049006,38.12920382114185,15.440278,12555.546851116613,3.697791,0.0648178218971126,0.024177935,-0.8161306225989513,0.8113649342340981,,
kic-002996610,2051876512064574592,26.98676,2.01699,3.61369,0.04379,2.0,2.0,,,4762.0,159.0,-0.35,0.26,292.9465079029212,38.10776402405735,15.383472,13229.931300883089,3.6986601,0.0432198262153816,0.023499295,-1.8014369051514976,1.1819206655802714,,
kic-003001783,2052061092583755392,61.04733,1.16758,6.16659,0.01872,2.0,2.0,,,4592.0,123.0,-0.2,0.22,294.0502993638747,38.10813445594451,14.820345,22223.317059544646,4.7314315,0.206821998299826,0.018893097,0.8896750685329415,0.21253079248369003,,
kic-003097891,2099966367521709568,37.84374,1.36874,4.2982,0.06915,2.0,2.0,,,4691.0,105.0,-0.1,0.2,285.90015149274393,38.25883991815714,10.581789,1102125.2780237456,115.535446,1.0493527923568753,0.009132102,0.44418063651411543,0.04095327047447034,,
kic-003098517,2099952073868982912,7.65305,0.54523,1.32145,0.03229,2.0,2.0,,,4520.0,106.0,-0.2,0.2,286.11746645904896,38.21364250579949,14.092399,43449.7406726223,8.116287,0.0863786517292641,0.013572369,-1.4435632872662332,0.34275907577332654,,
kic-003099186,2099954547770219136,27.83971,1.69924,3.59868,0.03916,2.0,2.0,,,4676.0,115.0,0.0,0.2,286.3535645992392,38.23523331971571,13.881784,52751.26375473403,10.328343,0.1996068120546683,0.012097776,0.11622320253209395,0.13754322706735778,,
kic-003099190,2099954513410475008,44.64798,2.20952,4.92004,0.07583,2.0,2.0,,,4711.0,118.0,-0.7,0.21,286.3545452049829,38.21592621145755,14.104456,42969.89226084107,6.2049937,0.2085233070591374,0.013184699,0.4337914297232235,0.1429983021213628,,
kic-003103230,2099532502806677632,193.83897,4.35574,14.77533,0.04875,2.0,2.0,,,4529.0,112.0,-0.1,0.2,287.76478561753555,38.26459634180357,14.727936,24197.60871080442,4.6586237,0.3771318997439274,0.016819853,2.3924079521150787,0.10221787319253713,,
kic-003109773,2051362009341666048,39.37331,1.84643,4.18803,0.02729,2.0,2.0,,,4847.0,164.0,-0.33,0.26,289.7341664999174,38.22118593836538,15.102015,17145.128617945666,4.2657514,0.1247700020786732,0.021074476,0.3161283214775743,0.3689471030666238,,
kic-003113200,2052808279446686848,9.56704,0.57635,1.48825,0.01912,2.0,2.0,,,4378.0,115.0,0.2,0.2,290.6231005480287,38.23981917656453,14.874716,21137.824407800872,4.925413,0.062516358500214,0.019372862,-1.4117532252580176,0.67409187586856,,
kic-003115337,2052634659691395584,30.17633,2.05871,4.13217,0.35609,2.0,1.0,,,4946.0,146.0,-0.39,0.24,291.15670349056126,38.27009307433247,14.483817,30298.42127864933,5.434189,0.137563356144355,0.015766466,-0.041663577933581664,0.2510166561100477,,
kic-003120501,2051937053924800384,55.85139,1.53196,5.76105,0.01711,2.0,2.0,,,4647.0,131.0,-0.29,0.22,292.32925707783266,38.259301176486105,14.877807,21077.737906336984,5.095111,0.1676661608030025,0.020779211,0.7093749109422909,0.272623969599575,,
kic-003124129,2052242683797661184,29.49356,1.85706,3.81164,0.02978,2.0,2.0,,,4586.0,130.0,-0.09,0.23,293.1809336063066,38.27135351589768,15.032635,18276.49201216802,4.211752,0.1413688455648704,0.019495944,0.3968579421234306,0.30505436397838587,,
kic-003128218,2052069098402960128,77.30484,1.47041,7.55987,0.02056,2.0,2.0,,,4548.0,112.0,-0.2,0.2,294.07978820579996,38.2856022199333,14.66959,25533.534272529007,5.1672087,0.2837394142144384,0.016691314,1.4497563867147,0.1469612135518111,,
kic-003130283,2052113628622460288,8.3987,0.69019,1.4904,0.05431,2.0,2.0,,,4500.0,100.0,0.5,0.2,294.5191504245085,38.29387071909503,13.151301,103377.54430047296,18.211716,0.2278256094147101,0.009870725,-0.545118248993095,0.11887556238664418,,
kic-003130905,2052101740153050240,22.30469,1.18023,2.84987,0.01872,2.0,2.0,,,4653.0,121.0,-0.3,0.21,294.6497473410233,38.256915838623414,14.699168,24847.306762800188,4.4943705,0.1374759061800118,0.015743906,-0.09413099704126893,0.25907869444353065,,
kic-003218467,2099960595084202368,10.31606,0.55113,1.54173,0.04023,2.0,2.0,,,4479.0,121.0,0.24,0.25,286.3243317080334,38.37170159521595,14.429912,31840.65170143989,7.013538,0.0899927273092956,0.01537082,-0.944380526141245,0.3715291563549532,,
kic-003221091,2099545559504608640,22.46389,1.07865,3.05125,0.03074,2.0,2.0,,,4680.0,151.0,-0.41,0.24,287.30429474258983,38.32619145773792,15.761833,9337.13155779597,3.0012403,0.1007620567013443,0.026950268,0.5361021414000202,0.5819270842200266,,
kic-003230744,2052821370506894208,90.48495,2.27995,7.80129,0.03071,2.0,2.0,,,4824.0,156.0,-0.06,0.26,290.2455950879925,38.34994015493448,14.448532,31299.25394925649,6.1413994,0.2141698862922875,0.016707407,0.8358864403847814,0.17404752783541408,,
kic-003233675,2052647475873797120,26.89915,2.26291,3.96609,0.23718,2.0,1.0,,,4914.0,179.0,-0.22,0.27,291.08875090139117,38.31126680754275,15.693562,9943.109828654053,2.9276054,0.1348432766446053,0.025740454,1.1489356781908597,0.4155338527878252,,
kic-003233946,2052636205879649152,15.13913,0.72491,2.05712,0.02245,2.0,2.0,,,4560.0,103.0,-0.0,0.2,291.1598575607737,38.33674601014665,12.870943,133834.93869562913,22.402758,0.2830698005918183,0.012725178,-0.11180528128783607,0.10415910535482166,,
kic-003238568,2051942104806661376,7.09717,0.44299,1.20679,0.03142,1.0,2.0,,,4271.0,107.0,0.2,0.21,292.332475508829,38.3841370277974,14.3764105,33448.94079877151,8.540761,0.1291439404888189,0.015523473,-0.2862137237697375,0.2630576078357471,,
kic-003241496,2052258420558046592,28.13558,1.43175,4.16957,0.06996,2.0,1.0,,,4703.0,139.0,-0.53,0.25,293.0628631964439,38.34652508913193,14.534581,28914.40121128305,5.291492,0.1642537085788512,0.015548433,0.20038973525726078,0.21463312296713144,,
kic-003246167,2052071194347124864,33.22789,1.51536,4.13097,0.04141,2.0,2.0,,,4615.0,113.0,-0.2,0.21,294.1635145618404,38.36051494989396,13.98523,47957.300259680014,21.8473,0.1718682103556573,0.032260373,-0.3232241785719374,0.4140212121944736,,
kic-003248526,2052107409509936384,13.23838,0.44045,1.78856,0.02195,2.0,2.0,,,4569.0,133.0,-0.41,0.24,294.7045248527314,38.30106906020222,15.668825,10172.24306428824,3.274701,0.1019754341361852,0.024507968,0.3479788279629563,0.5247124823918543,,
kic-003326985,2099236497959420032,29.29584,1.72482,4.00146,0.06122,2.0,1.0,,,4768.0,129.0,-0.19,0.23,286.79220797979985,38.480238248917495,14.188232,39778.98676007352,6.7529097,0.1676084417597756,0.014382784,0.0917170505960776,0.18918539095497827,,
kic-003330307,2099559307700216192,36.90687,1.65495,4.52624,0.01905,2.0,2.0,,,4706.0,120.0,-0.7,0.21,288.00260305950707,38.41398209702614,14.116479,42496.70420233216,6.7462673,0.2556447979231775,0.0141966315,0.7913398122727031,0.13233101484056314,,
kic-003336219,2051371423910186496,26.53473,1.14311,3.7388,0.09,2.0,1.0,,,4676.0,153.0,-0.43,0.25,289.8089686532413,38.42371827630608,15.523252,11631.780036294063,3.248182,0.057363986092609,0.026128804,-0.9984321791177972,0.9902142187852979,,
kic-003336345,2051371973666053632,44.07068,1.52581,4.91673,0.02647,2.0,2.0,,,4571.0,109.0,-0.2,0.2,289.8441812278067,38.46519887910289,14.179381,40104.603518803626,6.8206716,0.2355327433008563,0.015047324,0.8458646444352915,0.14173975409448067,,
kic-003338403,2052825459316514176,48.94184,1.9155,5.20253,0.02296,2.0,2.0,,,4515.0,110.0,0.2,0.2,290.39282966638973,38.46120867849451,14.047616,45279.37139796609,7.8973455,0.2617221115257422,0.013051966,0.6766076645006347,0.12842195005713822,,
kic-003340148,2052647029197380224,62.97583,4.41763,6.06375,0.05217,2.0,2.0,,,4695.0,156.0,-0.38,0.25,290.9187369747812,38.43657748680489,15.458304,12348.806081221564,3.5775526,0.1048381990451968,0.024384443,0.3913505655101055,0.5057054099708599,,
kic-003344086,2052685031067245952,16.02688,1.1419,2.25514,0.0225,2.0,2.0,,,4392.0,115.0,0.2,0.21,291.9189038877918,38.44824125346505,14.276499,36673.073035197056,6.4029937,0.1332833401597515,0.014192997,-0.36605925073708434,0.2346628743104046,,
kic-003344500,2052696953896713344,24.85432,0.8779,3.05959,0.01315,2.0,2.0,,,4491.0,104.0,0.0,0.2,292.0175929418379,38.45320262084589,13.293878,90655.83785329602,11.629456,0.2744859790660856,0.00998433,0.2200412363265798,0.08852200275552917,,
kic-003344925,2052696610299426048,30.18694,1.76281,4.09192,0.03179,2.0,2.0,,,4850.0,170.0,-0.11,0.27,292.1141708015947,38.49261916330875,14.599892,27226.380407332737,5.3216643,0.1357009700683241,0.017784955,-0.02785242794050191,0.2879132736792806,,
kic-003348789,2052265155066814464,54.72779,2.88815,5.74313,0.06932,2.0,1.0,,,4579.0,119.0,-0.1,0.22,293.10400427990305,38.44707488131024,14.902657,20600.807888155832,4.422027,0.1703612738010889,0.017708614,0.7204090058656618,0.23137930028322112,,
kic-003352537,2052087343424121216,28.23365,2.14377,3.90994,0.03592,2.0,2.0,,,4645.0,123.0,-0.2,0.21,294.0195173375899,38.468121595452175,15.075751,17564.929362326526,4.009028,0.1433503332641314,0.019308427,0.3975341219663697,0.3005203197237545,,
kic-003425503,2099938501773838592,26.79287,1.13739,3.42028,0.01759,2.0,2.0,,,4549.0,138.0,-0.25,0.25,285.59157043295386,38.516478182739384,15.360107,13517.73264142006,4.0938544,0.1126967403229953,0.027444776,0.37744779664879147,0.530060393711567,,
kic-003427299,2099998218999360000,20.20608,2.26772,2.54351,0.14272,2.0,2.0,,,4402.0,164.0,-1.72,0.38,286.2817042832321,38.56739800969036,16.285757,5762.938161141522,3.0133333,0.0151071049806741,0.03735943,0.6504156537361148,0.460195894870972,,
kic-003428133,2099983581749275008,93.36725,3.83375,8.4384,0.06903,2.0,2.0,,,4536.0,118.0,0.19,0.22,286.5923347068342,38.56107689087996,14.950663,19709.776100230338,4.704693,0.1915745539823812,0.02052201,1.07169292637413,0.23666502999498323,,
kic-003429143,2099235673325745792,29.19097,1.7202,3.74029,0.42027,2.0,1.0,,,4681.0,127.0,-0.2,0.21,286.9814774915916,38.54476150535236,14.966359,19426.889082869075,4.6134124,0.122499024921157,0.0208221,0.14058456876639802,0.3712593274060967,,
kic-003437646,2051385167805625216,41.47134,1.36086,4.75054,0.02185,2.0,2.0,,,4675.0,127.0,-0.8,0.22,289.76358860157654,38.57291169716284,14.412188,32364.697304322053,6.3988214,0.1766900945069925,0.017599367,0.43025462325749686,0.2187492426013808,,
kic-003442069,2052653660626948224,44.60617,1.24914,4.84965,0.01757,2.0,2.0,,,4496.0,109.0,0.3,0.2,291.02364580680853,38.533158042042686,14.297292,35977.41664368872,6.72455,0.2387267255363023,0.015516665,0.9688028137822826,0.14487897564042299,,
kic-003449657,2052314598731681664,15.23688,1.43809,2.13683,0.03244,2.0,2.0,,,4414.0,120.0,0.12,0.24,292.9620762174629,38.57441176684583,14.036996,45724.45013455159,9.016708,0.1626602826828582,0.013613705,-0.12459077835172394,0.18465778142570669,,
kic-003455796,2052172624295209216,30.47342,2.70355,3.90754,0.06961,2.0,1.0,,,4587.0,130.0,-0.2,0.23,294.44833001490235,38.52501074786767,15.560911,11235.240129243011,3.42804,0.087664387537085,0.028501496,-0.2336265662615773,0.7101013198374737,,
kic-003456110,2052125860689724288,47.74657,4.82678,5.38009,0.13515,2.0,2.0,,,4512.0,121.0,-0.4,0.22,294.5247514124781,38.52360442275267,15.070313,17653.109874952243,4.121005,0.1858407990803074,0.018666586,0.9073647397594407,0.2310713973522757,,
kic-003457225,2052146167295681280,31.56313,2.51305,3.6922,0.07339,2.0,1.0,,,4791.0,166.0,0.11,0.28,294.7804034017643,38.51807032984345,15.553597,11311.180316941773,3.3131206,0.0824013543172478,0.024884274,-0.1816120400546435,0.6574588876196988,,
kic-003457482,2052134897301541760,19.19129,0.61723,2.41122,0.00994,2.0,2.0,,,4548.0,114.0,-0.3,0.21,294.8390034321514,38.54279181915919,14.163505,40695.34670382715,7.119641,0.1237313034140097,0.014368792,-0.7131994478880745,0.257249856869039,,
kic-003457874,2052136237331399168,32.88236,1.83708,4.0783,0.11962,2.0,1.0,,,4703.0,148.0,0.14,0.25,294.92829313354576,38.56383421273217,14.999366,18845.17816645669,4.406875,0.1151272904133959,0.02018145,-0.13073136676930375,0.38622938549462155,,
kic-003525824,2100128511126035456,26.93947,2.71054,3.68729,0.09525,2.0,1.0,,,4743.0,176.0,-0.15,0.27,285.0887932268126,38.61836769651134,15.783818,9149.966836475003,3.4436028,0.0782866264809047,0.03019597,-0.11106809205194068,0.8393308953010589,,
kic-003528663,2100001689331829120,8.84114,0.8116,1.45642,0.02285,2.0,2.0,,,4504.0,115.0,-0.3,0.21,286.27300025596924,38.66476488335262,14.954873,19633.491129317074,5.0527873,0.066457477217407,0.020703338,-1.1988453347914323,0.6776531777188953,,
kic-003529286,2099987567478920192,62.25795,2.23216,6.39001,0.02849,2.0,2.0,,,4505.0,132.0,-0.22,0.24,286.5098509215632,38.61413822365407,15.491186,11980.430257744403,3.740883,0.1488335977407807,0.026973605,1.064031710990978,0.3959509663503349,,
kic-003541966,2052852122473807104,57.94862,1.71906,6.22342,0.05774,2.0,2.0,,,4754.0,169.0,-0.53,0.28,290.67844038312836,38.62505143490246,15.2046,15599.358791621138,3.680306,0.1319429718035226,0.01973832,0.4674289207730524,0.32880483909785835,,
kic-003544679,2052735299365623936,76.3425,1.19919,7.48564,0.02204,2.0,2.0,,,4511.0,155.0,-0.2,0.22,291.443104784534,38.65159736180874,15.032609,18276.933339447765,4.7036853,0.1841796156998567,0.020145696,1.165044004568692,0.23928919098895116,,
kic-003546553,2052714408643908096,51.39545,1.35163,5.4765,0.01669,2.0,2.0,,,4818.0,149.0,-0.17,0.25,291.9353058824082,38.69533015986621,14.6754675,25395.67311838404,4.8145294,0.1748741622615955,0.015823757,0.598436545815197,0.20126807309501316,,
kic-003546729,2052715679954260224,49.82344,1.37909,5.37707,0.05611,1.0,2.0,,,4594.0,140.0,-0.29,0.24,291.98209083418817,38.69664086655733,16.079847,6966.395886870288,2.6496744,0.0443351479171005,0.029818885,-0.928628167334228,1.4609384311915485,,
kic-003547239,2052712003462336256,16.70118,0.61643,2.18624,0.01756,2.0,2.0,,,4480.0,102.0,0.1,0.2,292.11886577539207,38.685010091133854,12.0926695,274080.914654858,39.204395,0.4644444434826853,0.009275201,0.015571172447579329,0.07546861262168449,,
kic-003547859,2052705200234394112,27.45464,2.69326,3.80999,0.3804,2.0,1.0,,,4705.0,143.0,-0.59,0.24,292.2800976168564,38.64974982454489,15.607364,10764.684742345076,3.444201,0.0965379956434681,0.025419762,0.2886394118724205,0.5729313753670445,,
kic-003553556,2052280032834298112,29.81676,1.64547,3.81068,0.10142,2.0,1.0,,,5060.0,185.0,-0.01,0.3,293.6948977929942,38.63330474229452,15.516907,11699.954650167652,3.32149,0.0514314849177489,0.023596887,-1.2902716697785621,0.9977662135249373,,
kic-003554278,2052280891827898624,31.49354,2.17904,3.70333,0.02984,2.0,2.0,,,4569.0,115.0,-0.1,0.21,293.86290032012363,38.67270137792678,14.568926,28014.080373782468,5.484637,0.1766043075694584,0.016260413,0.39216527667247547,0.2092562912169763,,
kic-003560932,2073155669844440192,30.18568,2.52099,4.06584,0.06056,2.0,1.0,,,4743.0,167.0,-0.01,0.27,295.39337793074696,38.61948876164543,15.670254,10158.864791011296,3.2254062,0.1038317303175643,0.027445132,0.48546686703661557,0.5753602959719173,,
kic-003633407,2099582466163919616,27.47339,1.7316,3.47534,0.02842,2.0,2.0,,,4576.0,138.0,0.36,0.25,287.7353719456336,38.760564544974066,12.398786,206743.83824453983,29.189821,0.492029859349941,0.009499741,0.5438625075981776,0.06315548275753288,,
kic-003634685,2099569748764088832,28.50897,1.85161,3.24301,0.20593,2.0,1.0,,,4718.0,154.0,-1.28,0.3,288.1821702748064,38.70167881326118,15.373236,13355.261433601096,3.8172266,0.1261887187175556,0.023745047,0.611901063272903,0.41055792579894607,,
kic-003635372,2099477187926619648,29.69012,1.84416,4.00479,0.19048,2.0,1.0,,,4596.0,136.0,-0.58,0.25,288.41608891556746,38.79008851708682,15.728985,9623.94129049626,2.9849539,0.0670490791720616,0.026999809,-0.5265965265128543,0.8763544839306414,,
kic-003643814,2052848445981107072,18.45351,0.56173,2.56743,0.03614,2.0,2.0,,,4773.0,133.0,-0.21,0.24,290.95938740038207,38.776326323930085,14.757006,23558.331592859653,5.1325374,0.11397387036268,0.018852785,-0.2011834939111754,0.3610231732262734,,
kic-003644476,2052938502856800768,75.59588,1.56363,7.66076,0.03769,2.0,2.0,,,4836.0,189.0,-0.52,0.3,291.154549304582,38.78245169875716,15.345197,13704.64883400792,3.655355,0.148694990720924,0.022221444,0.9644627145436857,0.3265393078511537,,
kic-003644929,2052751723320542976,41.99027,1.3065,4.59105,0.0179,2.0,2.0,,,4753.0,142.0,-0.32,0.24,291.2759730908717,38.77796290949135,14.577869,27784.275361628384,5.2071614,0.1201393762243655,0.017769273,-0.26592011253461223,0.3232212529119427,,
kic-003647048,2052762031242473984,43.59586,1.24767,4.96781,0.02838,2.0,2.0,,,4644.0,132.0,-0.68,0.24,291.8120714484005,38.72432439674313,14.418921,32164.60240573491,5.699153,0.2178632016858284,0.014957593,0.8918460164407218,0.1526283873577837,,
kic-003647517,2052716951264599424,28.38209,1.48542,3.58407,0.04461,2.0,2.0,,,4611.0,128.0,0.31,0.23,291.9409382252698,38.77589561080029,13.502336,74819.09700230908,11.524159,0.2431120160168597,0.010855275,0.0680441371978997,0.11122589140110915,,
kic-003654377,2052284980636681216,7.08174,0.46982,1.15635,0.05234,2.0,1.0,,,4305.0,115.0,0.08,0.24,293.6926180946063,38.72718157789397,13.812589,56222.63704058631,11.199582,0.1550233882735424,0.013212281,-0.5987488623923216,0.19292711226087284,,
kic-003654432,2052285770910686848,92.18765,2.20855,8.27664,0.0352,2.0,2.0,,,4839.0,153.0,-0.63,0.27,293.70568377738505,38.75116560495268,14.386254,33147.073201504296,6.3237743,0.1986653196767943,0.017924841,0.39243234990542675,0.2089651093952724,,
kic-003654456,2052284705758775552,29.42499,1.71085,3.77406,0.07632,2.0,1.0,,,4579.0,133.0,0.17,0.24,293.7128802998904,38.70593859259779,14.988145,19040.957482422888,4.3694835,0.1417607071408844,0.019978324,0.3826003681053578,0.3108403365258012,,
kic-003655011,2052376274460665856,22.66554,1.35352,3.03744,0.01995,2.0,2.0,,,4590.0,139.0,-0.37,0.25,293.84718594791804,38.79045772043845,15.048664,18008.649615067196,4.039367,0.1001444615775778,0.01985275,-0.31152530688992286,0.433911262583342,,
kic-003655788,2052188979530514048,30.21925,1.93412,4.04174,0.12666,2.0,1.0,,,4706.0,157.0,-0.23,0.25,294.0373586170298,38.738941762713075,15.624356,10597.522913567987,3.9522793,0.038272364987202,0.026844237,-1.9214279143753537,1.5246344017667826,,
kic-003656132,2052188498494242944,18.30712,0.89428,2.59913,0.0287,2.0,2.0,,,4485.0,121.0,-0.17,0.25,294.11198110547997,38.76030790164506,13.850233,54306.728524244536,9.370398,0.1940175453064903,0.012276892,-0.19499392410125438,0.15543575282876493,,
kic-003659775,2052154997748663552,102.64685,2.02074,9.25256,0.02839,2.0,2.0,,,4608.0,118.0,-0.3,0.2,294.9671837998954,38.721019329485664,14.557404,28312.97355297654,5.754485,0.3035109155890108,0.01824838,1.6049515876401976,0.14147650922079197,,
kic-003659816,2052154929029186688,36.19133,2.82943,4.33844,0.08156,2.0,2.0,,,4479.0,135.0,-0.37,0.25,294.97523876832486,38.71162933195526,15.904984,8183.7634851131315,3.0214562,0.1271703766764262,0.031241095,1.0635898017818484,0.5362278637512561,,
kic-003661558,2076160085364887168,5.53188,0.34576,0.98271,0.04028,2.0,2.0,,,4410.0,102.0,0.2,0.2,295.35504341145577,38.77362183515838,11.038125,723930.0835764344,201.33813,0.4440695258010326,0.018866993,-1.087944132489877,0.10715318768373869,,
kic-003734403,2099632837540822272,48.63575,1.5012,5.40063,0.02442,2.0,2.0,,,4634.0,129.0,-0.3,0.22,287.52504767860535,38.89529566827105,15.103933,17114.86078480413,4.643248,0.1406278333440387,0.020281855,0.3840790154088438,0.32069558562115497,,
kic-003735595,2099587139088497792,25.95546,1.19567,3.21087,0.01691,2.0,2.0,,,4493.0,108.0,0.1,0.21,287.9728514230017,38.88998245411025,13.047187,113781.56066633064,26.960363,0.4467912360480716,0.027913388,0.9828294401886914,0.14365046943365145,,
kic-003746950,2052755120635249664,51.58349,1.7083,5.08075,0.08082,2.0,2.0,,,4830.0,105.0,0.3,0.21,291.45612033667635,38.85200023554404,11.4241085,507344.9150648384,97.94213,0.6984004893871387,0.012517947,0.3055287876662387,0.06404814895787594,,
kic-003748122,2052766768586558080,41.67481,1.81977,4.25945,0.01433,2.0,2.0,,,4693.0,110.0,0.0,0.2,291.75744209584127,38.83486237834069,11.920531,321169.5917002592,32.38287,0.5506385835735204,0.009521952,0.35842660686052596,0.0548387736834241,,
kic-003748182,2052767013404987904,48.68412,2.85135,5.11249,0.02796,2.0,2.0,,,4508.0,115.0,0.13,0.25,291.7723773055381,38.89364782348231,13.864223,53611.46368196516,9.885148,0.2893893813717932,0.013093855,0.9294199809432193,0.10475420429722863,,
kic-003749419,2052723067298172416,29.20724,1.60913,3.90499,0.03313,2.0,1.0,,,4668.0,145.0,-0.73,0.25,292.0825255469887,38.86493051327786,15.525821,11604.285219425712,6.8102913,0.1106640791955605,0.029550744,0.35830875821190133,0.5827575460808405,,
kic-003750150,2052720696476326656,39.89973,1.68543,4.6502,0.02084,2.0,2.0,,,4519.0,131.0,-0.47,0.25,292.2869252900796,38.85759627751591,15.046058,18051.937855041248,3.798015,0.146006335619239,0.019682573,0.5045925206376332,0.2977581541822596,,
kic-003757354,2052190040378977920,36.17559,1.77944,4.43274,0.05259,2.0,1.0,,,4806.0,147.0,-0.06,0.26,294.081162317539,38.85943250523785,14.229832,38283.71366150589,6.383121,0.222026598571664,0.014196106,0.5016466153894346,0.1550557491952514,,
kic-003758263,2052193377577270528,28.75363,1.27636,3.83999,0.06281,2.0,2.0,,,4777.0,124.0,-0.01,0.23,294.3073997585938,38.83327601834682,12.698201,156915.66193530188,19.485764,0.4504654433859683,0.010677883,0.48207645028162993,0.08904854109082891,,
kic-003758525,2052193137059166464,27.35155,1.34751,3.72557,0.10734,2.0,1.0,,,4695.0,124.0,-0.3,0.22,294.37422581870794,38.86910163607551,13.808294,56445.47788134486,13.052083,0.2563439466763043,0.013327746,0.34375575104534484,0.1362626624301973,,
kic-003758611,2052192862181262720,32.90995,1.0823,3.90838,0.05766,2.0,1.0,,,4568.0,110.0,0.2,0.2,294.39716031158054,38.84877958333066,12.747765,149913.61913298228,24.768948,0.447893035068931,0.010570522,0.4949829640052297,0.0919117802527991,,
kic-003758723,2052192999620245120,21.57691,0.73192,2.81879,0.02522,2.0,2.0,,,4496.0,111.0,-0.1,0.21,294.42720594607374,38.87309856645878,13.7632885,58834.42506251373,9.597214,0.2310774004781096,0.012568458,0.0734222852062949,0.14060900399208962,,
kic-003760619,2052159911191281536,10.35868,0.44098,1.6103,0.02307,2.0,2.0,,,4482.0,111.0,0.13,0.25,294.90323628617165,38.84733234943968,13.861152,53763.31697867953,10.270429,0.1597004219166813,0.0122919995,-0.5583064662671653,0.17947569816495504,,
kic-003761036,2052158193204428544,9.01254,1.13557,1.42194,0.01843,2.0,2.0,,,4347.0,125.0,0.22,0.24,294.9989561542494,38.84002888461286,12.745612,150210.98689500106,27.363161,0.2955429861776277,0.010291541,-0.3857166665575491,0.104871355280317,,
kic-003761158,2052159017838213888,16.07324,0.57605,2.12531,0.02042,2.0,2.0,,,4480.0,101.0,0.1,0.2,295.0267823022806,38.89959114915199,12.627983,167399.27382142993,26.63255,0.3279475250223828,0.00942311,-0.20476239630406745,0.08779516485328362,,
kic-003761738,2052145789339001984,17.81497,0.9112,2.48018,0.04143,2.0,2.0,,,4495.0,112.0,-0.2,0.21,295.15141155221835,38.84135175563208,13.986308,47909.68654403916,8.104936,0.1537700910589347,0.014018467,-0.49109982701776644,0.20737434019999512,,
kic-003762343,2076164586487063808,32.33177,1.50949,4.11692,0.19522,2.0,1.0,,,4934.0,177.0,-0.17,0.28,295.2820385037,38.8803779319523,15.96635,7734.045403526284,2.7531455,0.0994633727171388,0.03098467,0.5913419219547418,0.6786454986596947,,
kic-003764463,2073161751518604544,32.3121,2.36369,4.28464,0.3388,2.0,1.0,,,4734.0,133.0,0.01,0.23,295.6943064393096,38.815777144479405,14.844409,21736.17569692528,4.5837636,0.146521884591978,0.017747905,0.4074838899055955,0.26604521473156306,,
kic-003764495,2073161029964105344,15.43452,0.99774,2.24474,0.10653,2.0,1.0,,,4523.0,114.0,-0.41,0.22,295.69976425304327,38.8165036495601,14.536736,28857.098483278303,5.6132174,0.1315273361748082,0.016477844,-0.13462146796755725,0.2749637676750557,,
kic-003764690,2073162644871875840,9.29187,1.12182,1.31766,0.02348,2.0,2.0,,,4595.0,115.0,-0.2,0.2,295.73488809029465,38.8466290946691,12.980342,121006.89248421072,18.096607,0.1781830397245377,0.013001214,-1.0317637724424884,0.16340539943904425,,
kic-003764948,2073162335634275072,37.99399,1.00396,4.11114,0.01992,2.0,2.0,,,4520.0,103.0,0.2,0.2,295.78691957656963,38.82974152576827,12.680067,159558.4874416711,20.507696,0.4747208316760724,0.009861885,0.8442640572093492,0.055715311746525976,,
kic-003765530,2073174464622466304,33.04826,1.46451,3.81396,0.03737,2.0,2.0,,,4509.0,110.0,0.5,0.2,295.8909378415265,38.871390554666306,14.921388,20248.44596893074,4.58384,0.1731697093407155,0.019559449,0.6293156877664661,0.25580481376579417,,
kic-003766124,2073175357975791360,31.95668,1.03729,3.98493,0.05666,2.0,2.0,,,4656.0,112.0,0.0,0.2,296.01220088146283,38.886585958483046,12.910357,129063.55685270103,17.987326,0.3837541894528376,0.0137783345,0.515741860240901,0.0911558435556409,,
kic-003831753,2100199704504000896,11.33222,0.90719,1.68912,0.01733,2.0,2.0,,,4379.0,157.0,0.35,0.29,284.98967236317566,38.93362183543759,12.89202,131261.86265088213,23.372217,0.265250201715288,0.011994468,-0.3045821741152963,0.10896207576117879,,
kic-003833038,2100229734914370304,28.49742,1.25483,4.14517,0.20877,2.0,1.0,,,4764.0,108.0,-0.91,0.26,285.5277106170804,38.91794735293406,15.44187,12537.148214417068,4.137533,0.047581768964099,0.02407212,-1.437364670524568,1.0992976372646277,,
kic-003834948,2100060341405424512,52.7126,1.77408,5.63859,0.02523,2.0,1.0,,,4486.0,123.0,-0.2,0.21,286.32724597063907,38.99752095172121,15.657547,10278.458708572172,3.2405784,0.1132023680213117,0.02491571,0.6361653694112306,0.4799231678999612,,
kic-003850263,2052760137157044864,19.25245,1.40561,2.50308,0.05843,2.0,1.0,,,4500.0,102.0,0.1,0.2,291.44174118452804,38.96377370240863,12.429177,201036.90680234865,30.365406,0.4150717238518334,0.009506633,0.20491195525396044,0.06858879136842987,,
kic-003852768,2052724785285133312,32.16064,2.46513,4.1333,0.10542,2.0,1.0,,,4811.0,165.0,-0.43,0.27,292.1086356380295,38.91819836125362,15.539889,11454.892132944922,3.4190736,0.0718608535948024,0.02465423,-0.5651947572346376,0.7472596876927871,,
kic-003857932,2052301988707135232,47.79583,1.47658,5.334,0.02224,2.0,2.0,,,4563.0,117.0,-0.3,0.21,293.46494869851216,38.9197945497574,14.909978,20462.350357888292,4.370222,0.1727056360395315,0.01829752,0.7816297640428491,0.23485797308483292,,
kic-003858198,2052303530593656960,27.145,0.9453,3.50341,0.08342,2.0,1.0,,,4708.0,116.0,-0.0,0.2,293.5297080521338,38.96866143450696,13.786004,57616.283226415435,7.7947674,0.1994879221583222,0.013431416,-0.00507215524520177,0.15256643946533685,,
kic-003858269,2052303947212325376,26.50025,4.16937,3.8636,0.14266,2.0,1.0,,,4621.0,118.0,-0.4,0.21,293.5459092040085,38.994689527712715,14.336539,34700.12062085979,9.967149,0.1990885851770472,0.015066716,0.5168900131484371,0.170986917862127,,
kic-003858387,2052303122578609792,58.11699,1.27804,5.77601,0.0275,2.0,2.0,,,4499.0,104.0,0.2,0.2,293.57432923501125,38.97063684990693,13.660427,64680.865649741594,10.316504,0.373303365460737,0.01378693,1.2785205501859167,0.08804366570215896,,
kic-003858877,2052298896330831232,29.4848,2.05897,4.31344,0.17423,2.0,1.0,,,4899.0,145.0,-0.79,0.25,293.6928159885685,38.90655772683319,14.222886,38529.39841839368,7.072889,0.2117097736259248,0.016039532,0.5609313496642372,0.17019411592744887,,
kic-003859894,2052382321774790784,24.10329,2.1043,3.4995,0.16531,2.0,1.0,,,4899.0,152.0,-0.32,0.25,293.93467291783253,38.979361175087206,14.544931,28640.077438271222,5.849029,0.1958405868906364,0.015753811,0.4715693295119898,0.19209718075354595,,
kic-003860810,2052196195075958528,75.3229,1.51963,7.33688,0.01796,2.0,2.0,,,4437.0,112.0,-0.2,0.2,294.1619948815292,38.90456642449477,14.028125,46099.56414008698,8.323213,0.4234345773165851,0.013341034,1.5322950196417189,0.11663737254272281,,
kic-003861259,2052197500746053632,30.78332,2.67787,4.01918,0.20195,2.0,1.0,,,4850.0,162.0,-0.15,0.26,294.2764225948386,38.963599457683465,14.926598,20151.518471248703,4.6630473,0.1513169999646821,0.019339154,0.2931614313226163,0.2888077067761171,,
kic-003861503,2052220934088190720,31.18171,2.04841,4.11906,0.07541,2.0,1.0,,,4586.0,159.0,-0.09,0.27,294.33264831439647,38.99150627744638,16.091587,6891.466444695893,3.0631876,0.1036812844090229,0.035108414,0.6614352619674051,0.7392490705569493,,
kic-003861935,2052216570401121920,53.3334,2.05501,5.4448,0.02938,2.0,2.0,,,4541.0,124.0,-0.01,0.24,294.4321324666247,38.91969289362043,14.945813,19798.010800032695,4.5854125,0.1806750087552461,0.019580167,0.7216498410341643,0.24738729170177012,,
kic-003863826,2052161388660076544,30.23025,1.40495,3.65095,0.03561,2.0,2.0,,,4500.0,101.0,0.4,0.2,294.88715669990603,38.93763174261909,13.693374,62747.60061596585,16.813578,0.2827152226907092,0.013044481,0.5383527829446777,0.11770044491803691,,
kic-003864360,2052158708600559488,68.89645,2.04494,6.4635,0.03497,2.0,2.0,,,4611.0,116.0,-0.2,0.2,295.01145547019604,38.90809755015332,14.281967,36488.82184253496,6.2268715,0.2405568816094838,0.014995496,0.7762887416472406,0.1487880413251491,,
kic-003864541,2052159254051239936,26.85271,2.2962,3.44633,0.02887,2.0,2.0,,,4544.0,137.0,-0.73,0.26,295.05282990908546,38.95028945811203,15.535695,11499.22511592732,5.5021586,0.0696875276585612,0.029649977,-0.7329616667522814,0.9267504274981676,,
kic-003865777,2076166270114341376,40.56767,1.67393,5.83363,0.12496,2.0,1.0,,,5318.0,161.0,-0.96,0.29,295.34228985514767,38.934834611931265,14.340934,34559.97354155507,7.044769,0.2020310815452006,0.015371964,0.5289225564675135,0.17287377702077922,,
kic-003866717,2076168881454676608,29.29182,2.78998,3.89471,0.13539,2.0,1.0,,,4860.0,148.0,-0.59,0.26,295.5333223121383,38.9579621116125,14.172769,40349.623019322215,6.9594812,0.1951482541906051,0.014095885,0.30971156370888053,0.16380642318723782,,
kic-003866811,2076168812735211520,22.77499,1.27242,3.24659,0.05803,2.0,2.0,,,4597.0,117.0,0.0,0.21,295.5499797002379,38.94904248062029,14.5018635,29798.98845171727,6.2606435,0.1413462770162929,0.016128132,-0.061595418842141925,0.2522347990834483,,
kic-003868044,2073163194627905920,30.38092,1.12186,3.94271,0.0349,2.0,2.0,,,4715.0,133.0,-0.11,0.23,295.7840973298541,38.90048467168116,14.13931,41612.40772304184,7.0914445,0.2172501316854798,0.013664572,0.6545590481209054,0.1389288526126247,,
kic-003868045,2073187517011795200,26.15568,2.89368,3.66805,0.11705,2.0,1.0,,,4690.0,178.0,0.01,0.27,295.7843928412998,38.95066742957212,16.153496,6509.5119771929485,2.7198865,0.0757984756297297,0.035321284,0.23691757016027992,1.012984902102448,,
kic-003869973,2073179103187485056,39.38084,1.23947,4.68745,0.0228,2.0,2.0,,,4654.0,121.0,-0.8,0.22,296.15803497603616,38.99679738102507,14.074014,44191.772405217846,7.382532,0.2680351887857568,0.014655891,0.8516490823500789,0.13064405526747705,,
kic-003947238,2100953007408999808,23.07205,1.1454,3.18944,0.02636,2.0,2.0,,,4585.0,135.0,-2.79,0.43,289.44964619686925,39.094740829450686,15.574243,11098.128978762734,6.9971514,0.1236865873019538,0.0414674,0.7936400581391219,0.7289183270100649,,
kic-003953247,2052951593918638848,17.63671,1.75502,2.64755,0.03202,2.0,2.0,,,4726.0,121.0,-0.2,0.21,291.21835057849694,39.05611482374661,14.695801,24924.50936922898,4.726435,0.1236296540681278,0.016895985,-0.08580170595187653,0.29898254745890346,,
kic-003964089,2052388815765432448,24.1953,1.08674,2.96528,0.01653,2.0,2.0,,,4511.0,120.0,0.01,0.23,294.02503722332887,39.05238861719409,14.455287,31105.121841186392,5.847685,0.1875241993931735,0.015596099,0.3845848160762557,0.19207453183878512,,
kic-003964383,2052390327593977728,18.59049,1.17714,2.85246,0.08216,2.0,1.0,,,4815.0,127.0,-0.3,0.23,294.10111541553476,39.09284872271771,14.191024,39676.84707906258,6.201508,0.1746976298283099,0.013670549,0.08757827581366584,0.1763657371097766,,
kic-003965939,2052219967711469824,34.48432,1.23945,4.11318,0.01949,2.0,2.0,,,4473.0,110.0,-0.2,0.2,294.48862374585826,39.07095361798981,13.178113,100855.9506731616,13.938534,0.4130544300001649,0.01098219,0.8221606377769817,0.08723671228709742,,
kic-003966310,2052207396351095040,31.8741,2.29514,3.83177,0.05058,2.0,2.0,,,4637.0,147.0,0.42,0.25,294.58895568699984,39.005656712028774,15.148431,16427.611981446847,4.625695,0.1612419342621273,0.023082796,0.6529458163521955,0.32097194981326893,,
kic-003966597,2052213374945882240,89.90118,2.86997,8.31558,0.02881,2.0,2.0,,,4450.0,127.0,0.12,0.24,294.66068429190705,39.06308588946567,14.893844,20768.69481037824,5.2228966,0.2701831453680309,0.020807682,1.5919248535840769,0.18091993465732206,,
kic-003968525,2076179155016119168,13.19501,1.37478,1.86515,0.07776,2.0,1.0,,,4337.0,126.0,0.04,0.25,295.1263967739341,39.03892776366536,14.964332,19463.19887583832,5.6666636,0.089919741191504,0.019784993,-0.678159943568458,0.4817637644153678,,
kic-003968900,2076180495046008192,27.6309,1.36294,3.64413,0.05732,2.0,2.0,,,4652.0,120.0,0.2,0.21,295.20922096822267,39.06302643743911,14.428967,31868.37024594376,6.688631,0.1983033404606274,0.015741358,0.5038499655003985,0.18310393380326784,,
kic-003969255,2076180220168205312,15.95573,0.87406,2.30118,0.02542,2.0,2.0,,,4783.0,169.0,-0.44,0.27,295.28921886959006,39.09076944872676,16.076363,6988.786316078275,2.895679,0.0192477714236098,0.031033684,0.48196527632522645,0.2524779084800967,,
kic-003969704,2076173863616657408,88.79392,3.23556,8.16599,0.09721,2.0,2.0,3969704.0,2.0761738636166574e+18,4660.0,146.0,-0.28,0.24,295.38062212277464,39.04526668349201,15.417438,12822.465418926482,3.495597,0.1308669336160405,0.02315651,0.6382636456814552,0.3880813186780766,,
kic-003969934,2076173245141694208,22.42616,0.77723,2.94092,0.01739,2.0,2.0,,,4396.0,116.0,-0.2,0.21,295.4267863418355,39.03998292075607,14.99538,18914.486028873736,4.704264,0.1406705221810854,0.019166801,0.30040671416363196,0.3030116118924158,,
kic-003973147,2073195183545001600,31.32852,1.87713,3.93798,0.60673,2.0,1.0,,,4779.0,142.0,-0.32,0.25,296.02784970061043,39.0930003612981,15.082416,17457.440159578735,4.3916807,0.075321939206557,0.01965743,-1.0900733161001241,0.572836261527266,,
kic-003973217,2073183329435242112,16.784,0.90803,2.24537,0.02051,2.0,2.0,,,4466.0,122.0,0.2,0.21,296.04005779510226,39.04809868374485,15.149922,16405.053198469886,4.899164,0.1083966009435795,0.022280702,-0.15943163230519808,0.45221813861200233,,
kic-003973637,2073182848398986240,31.31827,2.71389,4.13211,0.46632,2.0,1.0,,,4710.0,141.0,-0.11,0.24,296.12119150434694,39.062618365302946,15.377524,13302.617986003112,3.7628906,0.0784360604798715,0.02497527,-0.5858859202305595,0.6945168214251938,,
kic-003974756,2073180718095365120,31.39464,1.13866,4.0138,0.07532,2.0,2.0,,,4569.0,124.0,0.2,0.22,296.32521508007244,39.078206710337575,15.424277,12741.949117867594,3.5998013,0.0767455873748988,0.023008833,-0.7075527077093966,0.6563630342281336,,
kic-003974880,2073133404733629312,6.62506,0.38931,1.07201,0.03085,2.0,1.0,,,4494.0,118.0,-0.09,0.23,296.34899844554593,39.03587112306357,15.2311125,15223.046298460771,4.202526,0.0467792765177198,0.021209542,-1.9272735772303413,0.987489173601769,,
kic-004042748,2100402839276631424,36.06097,1.43368,3.93298,0.01555,2.0,2.0,,,4573.0,108.0,0.0,0.2,287.15339386433374,39.148120205986,13.606312,67986.39476684228,8.310268,0.2154096389772815,0.010179326,-0.1633511195515318,0.1216826519393669,,
kic-004043779,2099654965212420480,29.18304,2.23932,3.9621,0.07604,2.0,1.0,,,4633.0,118.0,0.0,0.21,287.5179645911197,39.13164780890242,14.39414,32907.171071636054,7.05671,0.1862836112526802,0.014336653,0.3332460576586094,0.1781683102253424,,
kic-004047813,2099514674401454848,98.18891,3.32619,8.88513,0.06997,2.0,2.0,,,4483.0,116.0,-0.0,0.2,288.9470773196763,39.1944650873736,14.855548,21514.324363808875,4.738614,0.2358018962960794,0.017940948,1.4518468765147716,0.16998139544729357,,
kic-004055050,2052959531016780288,33.68457,1.48639,3.92971,0.13341,2.0,1.0,,,4619.0,137.0,-0.07,0.25,290.9697408223985,39.1165579543365,13.857683,53935.367887801905,8.038776,0.2179301236473687,0.012286733,0.23438853797640213,0.13122123286828224,,
kic-004060359,2053100302866072192,67.05398,2.9066,6.56107,0.03207,2.0,2.0,,,4758.0,123.0,-0.1,0.22,292.3910032216694,39.13579884494341,14.2396755,37938.18863360008,5.986253,0.2416852359309124,0.014839445,0.9137101290516494,0.13818997128196828,,
kic-004060391,2053109339477280000,10.57857,0.84073,1.6614,0.09664,2.0,1.0,,,4509.0,121.0,0.34,0.25,292.4035525359891,39.18257204585289,15.935455,7957.279879546643,3.0498962,0.0327905586751052,0.03150444,-1.728016895601062,2.0866188067910763,,
kic-004066626,2052390121435508224,31.48685,1.57904,4.06379,0.08135,2.0,1.0,,,4569.0,117.0,0.0,0.21,293.9769845112557,39.141634305202395,14.959902,19542.76353791558,4.4142675,0.1174030389147597,0.01891036,-0.030803694742962406,0.3534430831007775,,
kic-004067517,2052387681894181504,18.37494,1.84947,2.3069,0.04077,2.0,2.0,,,4515.0,117.0,-0.05,0.25,294.1914509500063,39.12568853822717,12.500822,188199.31917896713,28.263685,0.3510142977179006,0.015459776,-0.20854275003255118,0.11586063737660944,,
kic-004069069,2052226431646449920,32.55505,1.8552,4.2512,0.06892,2.0,1.0,,,4723.0,134.0,-0.68,0.24,294.56077237825235,39.14012914791879,14.434292,31712.47166458608,5.5123014,0.1680161244187614,0.015816975,0.14927962895616886,0.21354894224947762,,
kic-004070824,2076229938711209984,34.71383,7.46731,3.89781,0.09868,2.0,1.0,,,4633.0,121.0,0.29,0.22,294.98330256920553,39.108171271943625,14.082474,43848.76679067967,8.813131,0.2176295484849871,0.013899497,0.3108528924074925,0.1549176229261997,,
kic-004072311,2076187504432864512,55.27408,1.6956,5.76747,0.01763,2.0,2.0,,,4579.0,109.0,-0.1,0.2,295.3255973296333,39.1871809541045,14.149973,41205.73554800988,6.874152,0.2844698593560296,0.013091961,0.9357223379938944,0.12356150906007358,,
kic-004074114,2076196403605729152,14.21134,1.29054,2.01167,0.10847,2.0,2.0,,,4841.0,184.0,0.01,0.29,295.6907768882546,39.194762088498315,16.07622,6989.710709821896,2.8025017,0.0780547470538482,0.031091906,0.10222781956193927,0.8674414654371337,,
kic-004074296,2073192744003845376,15.70989,0.66915,2.20959,0.02327,2.0,2.0,,,4507.0,111.0,0.0,0.2,295.72328048332724,39.11254720931118,14.563193,28162.393556541985,6.321802,0.1294327048441089,0.016578136,-0.33679727764939926,0.2865677144067838,,
kic-004074462,2076196815922639232,10.85335,0.49443,1.70608,0.03172,2.0,2.0,,,4412.0,112.0,-0.0,0.2,295.75900784375716,39.17761979898087,14.089156,43579.68961680727,7.8397245,0.1771562137988538,0.013240707,-0.15349400261420598,0.17782114196569335,,
kic-004074744,2073194084033681664,65.93293,1.58617,6.49076,0.08362,2.0,2.0,,,4424.0,128.0,0.2,0.22,295.80701680347823,39.13524607123617,15.912285,8128.919263057363,2.502154,0.1607993692787295,0.029515289,1.5077179208344855,0.40391109704308986,,
kic-004074760,2073194084033683584,30.20933,1.70514,4.00656,0.12317,2.0,2.0,,,4847.0,148.0,-0.23,0.25,295.8103267066794,39.136661698087245,14.740923,23909.891283564215,4.383811,0.1491087875347449,0.016168913,0.1724504101351947,0.24438117833962364,,
kic-004075686,2073195522834270976,26.93918,2.2934,3.15115,0.01669,2.0,2.0,,,4510.0,103.0,0.4,0.2,295.99577589011477,39.12562222872125,12.9808,120955.90101484409,18.316397,0.3489961036869757,0.011313043,0.380022103537085,0.08476852533814253,,
kic-004076426,2073185768976854784,110.1348,3.08701,8.94289,0.39197,1.0,2.0,,,4579.0,115.0,-0.1,0.21,296.1490993878703,39.18952039771941,14.789123,22871.66641864875,4.615082,0.2652248372996083,0.018729758,1.4712051745008168,0.16670922682410366,,
kic-004077983,2073227687852892160,30.62207,1.30557,3.96142,0.06052,2.0,2.0,,,4589.0,118.0,0.1,0.22,296.44530595532956,39.10264411320148,13.715833,61462.99333106938,8.82023,0.2696184574533604,0.011866508,0.43359231452605584,0.11580519691485872,,
kic-004138880,2100266396755361280,19.90667,0.97389,2.72388,0.0277,2.0,2.0,,,4597.0,142.0,-0.67,0.26,285.7270410945988,39.25722886042338,15.535458,11501.745077841257,3.150076,0.0254857297453686,0.022921422,-2.7237158218785353,1.9534711293565974,,
kic-004139094,2100265846999566848,30.0178,1.55335,3.85428,0.05479,2.0,2.0,,,4644.0,119.0,-0.1,0.2,285.80502555132335,39.25904151909464,14.968443,19389.625813226416,4.3736444,0.1025630484399842,0.017963296,-0.19459678828958715,0.38172341881454436,,
kic-004143101,2099653659542352768,11.73715,0.63573,1.81909,0.02898,2.0,2.0,,,4447.0,116.0,0.2,0.2,287.4025868251815,39.22245997631827,12.336619,218926.86548753097,42.12335,0.4196708789321823,0.009456214,-0.03326877996957123,0.08760264994945896,,
kic-004160283,2053151361438382464,28.55312,1.42399,3.39838,0.0498,2.0,2.0,,,4496.0,120.0,-0.0,0.21,292.23113128609896,39.20901400707926,15.131588,16684.430614964258,4.3470535,0.1143965043788008,0.020646743,0.1572141793572026,0.3939486872871172,,
kic-004165782,2052450354058284928,6.2103,0.65983,1.11624,0.02726,2.0,2.0,,,4531.0,116.0,-0.21,0.22,293.5364353184599,39.268593947444906,14.941998,19867.710042360515,5.198803,0.0609050278865128,0.018948482,-1.3527306600152915,0.676369091597692,,
kic-004166343,2052447811437706368,27.58153,1.61496,4.13757,0.09432,2.0,1.0,,,4724.0,201.0,-0.54,0.31,293.65091457625255,39.22814376095627,15.996582,7521.665036882107,2.6705773,0.0747608656480877,0.028157946,0.09851601680468924,0.8188397490593082,,
kic-004171711,2076235882946113792,32.68613,1.76029,4.15105,0.24668,1.0,1.0,,,4609.0,143.0,-0.6,0.26,294.8747298699166,39.28240633043982,16.088728,6909.64508729221,4.661439,0.2331625145949577,0.049986504,2.6363624628845006,0.4675684483807545,,
kic-004171731,2076235848586369152,25.17946,1.6714,3.52318,0.03982,2.0,2.0,,,4760.0,114.0,-0.2,0.2,294.8779346603441,39.26532018418224,12.921808,127709.57032160903,17.26123,0.3047381379038291,0.012699052,-0.09454673647245038,0.11164826298398067,,
kic-004172625,2076232928008507776,40.04001,1.3514,4.38484,0.04962,2.0,2.0,,,4918.0,155.0,-0.35,0.25,295.07539419867334,39.266089525243096,14.354566,34128.75136144003,5.8883862,0.1347324037439621,0.013687341,-0.38561932520953235,0.22812885229573546,,
kic-004173108,2076190562449456128,60.59785,2.42074,6.22925,0.03804,2.0,2.0,,,4428.0,129.0,-0.2,0.22,295.18473222857824,39.21072838492043,16.069674,7031.9741425004,2.634843,0.1269187198589068,0.028337492,1.127092002375612,0.48972058968259835,,
kic-004174527,2076188741383669120,37.6711,1.31926,4.27579,0.02324,2.0,2.0,,,4726.0,151.0,-0.36,0.25,295.47884585806696,39.260730877360885,13.821163,55780.40508975078,7.4497833,0.2145451358664242,0.012852731,0.018545950879889972,0.14726773182972547,,
kic-004178091,2073197520007767424,36.07857,1.34716,4.31345,0.07598,2.0,1.0,,,4642.0,114.0,-0.1,0.2,296.1373570874744,39.21968629176616,13.3368025,87141.67847731322,11.225512,0.2869462460374681,0.011450586,0.33514604817744953,0.0970028391406164,,
kic-004178278,2073186181293741824,8.72752,0.55401,1.36122,0.02213,2.0,2.0,,,4418.0,137.0,0.25,0.25,296.16845817396353,39.21665564175465,14.074782,44160.47343410278,10.531474,0.1356265336436153,0.014573121,-0.8205914685744649,0.24783843525403287,,
kic-004179243,2073276306884412416,29.94559,2.09422,3.84395,0.0711,2.0,1.0,,,4647.0,111.0,0.0,0.2,296.33293035666253,39.21336122426038,12.8481865,136669.6627585874,20.895876,0.4167719586961498,0.01088967,0.4874685423490064,0.08935621958289533,,
kic-004180569,2073235899830528512,12.13179,0.91538,1.95326,0.0343,2.0,2.0,,,4614.0,126.0,-0.3,0.22,296.5777607142315,39.23675281987597,15.227785,15269.778392272114,4.2330384,0.0654430580923662,0.02144099,-1.1288858572919906,0.714435145175336,,
kic-004269434,2052464372831469312,18.48347,1.27124,2.38658,0.0214,2.0,2.0,,,4400.0,129.0,0.19,0.23,293.3318869573885,39.388161906519045,15.591127,10926.872080199772,3.626867,0.1263094507559822,0.02589235,0.7834254449578495,0.4476321303266406,,
kic-004269795,2052463376399082880,102.14901,2.63136,9.68728,0.05051,2.0,2.0,,,4637.0,129.0,-0.62,0.24,293.4202207280418,39.328871402175665,14.6152115,26844.933521702365,4.8934016,0.299389246083838,0.016767357,1.7541765070836988,0.12692513535072256,,
kic-004270539,2052452411335496576,7.39129,0.4702,1.18127,0.01743,2.0,2.0,,,4479.0,107.0,0.1,0.21,293.5969986877784,39.332851690195874,13.831737,55239.7843808621,11.192777,0.1357640447546712,0.012136166,-0.7465551349456092,0.1974824792434566,,
kic-004271669,2052408916212596736,33.98127,1.49752,4.13468,0.05584,2.0,1.0,,,4851.0,131.0,-0.31,0.23,293.8683007366202,39.32681661803915,14.071618,44289.36998312585,6.37204,0.1976541254856144,0.012808683,0.18782343084489206,0.15090385813915597,,
kic-004277863,2076192005558618752,20.76289,0.6648,2.8817,0.03053,2.0,2.0,,,4716.0,262.0,-1.76,0.72,295.24661036263007,39.30528259974548,15.83837,8701.593599221449,3.0585172,0.0294334080314235,0.02558501,-2.277637657534892,1.8888157995925263,,
kic-004277920,2076240968187324288,99.09168,1.42074,8.85951,0.02107,2.0,2.0,,,4498.0,108.0,-0.1,0.2,295.25815958993525,39.397771608989494,14.040582,45573.67691947759,8.222708,0.4004010054524033,0.013383033,1.604934729239698,0.09892490571215942,,
kic-004278200,2076192864552165760,37.92368,1.17186,4.1987,0.03135,2.0,2.0,,,4872.0,183.0,-0.19,0.28,295.31780861891303,39.32480263068456,15.601239,10825.578835912404,3.8356304,0.0495477947254937,0.032044657,-1.2869633382222574,1.4054402537333812,,
kic-004280558,2076204993540569600,32.22075,2.21455,4.15721,0.07528,2.0,1.0,,,4740.0,167.0,-0.32,0.26,295.79167890549843,39.37466385810171,15.7724495,9246.2743828196,3.0982106,0.0892834995318908,0.027438136,0.06609510933991913,0.6708865795205451,,
kic-004281455,2073202914486624896,34.32588,1.90303,4.1175,0.16794,2.0,1.0,,,4735.0,138.0,-0.67,0.25,295.95787201277454,39.32405540758385,14.903778,20579.52944826352,4.0302315,0.1270017327100423,0.018536998,-0.013162553022059598,0.3236219954271904,,
kic-004281901,2073202364730889088,8.99294,0.4091,1.41774,0.02329,2.0,2.0,,,4432.0,115.0,0.0,0.2,296.0529325123359,39.33183198828157,14.254142,37436.04337430186,7.9274993,0.1358446788072409,0.015356926,-0.6861848211940398,0.2617455153607712,,
kic-004282184,2073199512872661888,27.31926,1.88441,3.92548,0.06328,2.0,1.0,,,4573.0,126.0,0.09,0.24,296.10628643853096,39.346162261374914,14.669926,25525.636647128205,5.606317,0.2149519470811868,0.017093204,0.8229793358781201,0.1887830961033982,,
kic-004283454,2073282251119562752,20.69804,0.97734,2.70176,0.01721,2.0,2.0,,,4529.0,110.0,-0.2,0.2,296.3534178985098,39.365975521862985,13.22292,96778.40498800554,16.612911,0.2842457125890489,0.011390214,0.055400829876123936,0.10885091024215042,,
kic-004283979,2073278677706448256,61.87208,1.57596,6.34053,0.02313,2.0,2.0,,,4502.0,113.0,-0.3,0.2,296.45496221078895,39.34623209660031,14.982187,19145.728984581023,4.463616,0.1860084283037031,0.0197904,0.8938613319537723,0.24011206478918767,,
kic-004284384,2073284381425022592,39.77907,2.20523,4.15352,0.03447,2.0,2.0,,,4620.0,113.0,-0.1,0.2,296.52922318304076,39.35285358220491,14.270865,36863.82906298632,6.412396,0.182343840027475,0.017106151,0.09088853017698639,0.2162835611367431,,
kic-004355897,2101210808525589632,14.77386,0.86436,2.32374,0.03403,2.0,2.0,,,4733.0,147.0,-0.32,0.24,288.9799726622062,39.49055639980516,15.035695,18225.05539869948,4.4580197,0.1064929402549441,0.019401483,-0.06991688606904845,0.3972760060884614,,
kic-004364894,2052987018809646336,75.34439,1.38682,7.83983,0.07911,1.0,2.0,,,4820.0,141.0,-0.88,0.26,291.54654060120527,39.458050012835926,14.018828,46495.95894195576,9.00707,0.3505705622080339,0.016466178,1.427824437214376,0.11239907642531559,,
kic-004365386,2052985472619986560,29.05169,1.54151,3.78323,0.38667,2.0,1.0,,,4758.0,140.0,-0.61,0.25,291.6706335938021,39.46925054138539,14.672108,25474.37643529859,5.076856,0.1573109975979812,0.01691128,0.36524423664367944,0.23747473183102558,,
kic-004370376,2053124625258496512,71.65822,1.7949,6.94413,0.03489,2.0,2.0,,,4680.0,101.0,-0.1,0.2,293.02127121965674,39.434261502350466,12.091608,274349.20564135286,30.36848,0.7513890269572471,0.008476242,1.204494652264179,0.04687552008966521,,
kic-004371127,2052374693915216640,38.65709,3.41921,4.33385,0.31341,2.0,1.0,,,4764.0,139.0,0.08,0.25,293.21078820354376,39.434803713690734,14.548101,28556.585299353592,5.685462,0.1683266544291825,0.015350553,0.38820626929265245,0.2027702879815742,,
kic-004371363,2052469080115645312,31.41231,1.17144,4.11395,0.04668,2.0,1.0,,,4766.0,141.0,-0.36,0.25,293.26796735586146,39.48573966778835,14.439938,31547.99534500975,5.766311,0.1735694387264144,0.016217293,0.3950883193017347,0.20611696434757393,,
kic-004374611,2052432521353400064,56.62751,2.04146,6.06815,0.03185,2.0,2.0,,,4687.0,174.0,-1.01,0.31,294.04173559549145,39.41946485160186,15.861917,8514.91165405504,2.9152832,0.1342072139136525,0.027725548,1.185915515081863,0.45107909007887687,,
kic-004379413,2076245194435500672,31.24712,3.69331,3.45057,0.16731,1.0,1.0,,,4683.0,154.0,-0.64,0.26,295.1335621508768,39.463294352596904,16.045876,7187.810381963814,2.8955703,0.1166893921129943,0.031962246,0.9692657023396869,0.5979838391000986,,
kic-004381530,2076216091736354304,13.98168,0.49674,1.96801,0.01317,2.0,2.0,,,4338.0,124.0,0.17,0.25,295.584028801993,39.48062060128352,13.536783,72482.5288872538,11.985291,0.2295326012388366,0.012219431,-0.09498389149411679,0.132817628004079,,
kic-004381803,2076214992224327808,27.87595,2.01917,3.71308,0.19404,2.0,2.0,,,4670.0,142.0,0.07,0.25,295.63835968776215,39.42303370637084,14.536473,28864.050999013853,5.541462,0.1783717481397566,0.016606998,0.3813361585537933,0.2113957893338301,,
kic-004381930,2076203275553560064,57.98895,1.7296,5.97236,0.02528,2.0,2.0,,,4570.0,131.0,-0.37,0.25,295.6606835922194,39.41645140662535,13.998275,47384.53639305804,11.479049,0.19204326632795,0.032236446,0.0035032351021904162,0.3697001684225087,,
kic-004382019,2076209185428593792,9.41067,0.40574,1.3922,0.02203,2.0,2.0,,,4431.0,119.0,0.1,0.22,295.67737084668306,39.43859673596292,14.1205225,42338.73608802179,9.686898,0.1566390944102779,0.014753632,-0.24407906919821798,0.2107584218732623,,
kic-004382429,2076209460306595328,24.8326,1.35649,3.00642,0.03517,2.0,2.0,,,4521.0,135.0,-0.26,0.25,295.7524533847947,39.46231337721588,15.330202,13895.241145936172,3.971369,0.0951088590352196,0.023232343,-0.19046032607680097,0.5340119590246878,,
kic-004382452,2076209460306594560,9.28953,0.57237,1.54325,0.03054,2.0,2.0,,,4366.0,117.0,-0.09,0.23,295.7567556870482,39.456730176295906,14.582478,27666.58697629372,6.3654523,0.1199150669022448,0.017111788,-0.5075851818061814,0.31827357637467735,,
kic-004384468,2073293516810927232,77.85953,1.88179,7.67262,0.03495,2.0,2.0,,,4643.0,146.0,-0.46,0.25,296.1468051690876,39.40054132807386,15.151844,16376.042143273811,4.3064904,0.2168375430817934,0.021941878,1.3965276050728495,0.22925803318403956,,
kic-004385141,2073294414466890496,30.45287,2.10284,3.5702,0.22699,2.0,1.0,,,4914.0,163.0,-0.64,0.27,296.2633506660484,39.404991883251554,15.358965,13531.96111167181,3.5193086,0.0842066395819046,0.022628864,-0.5229568991727476,0.5885070606506638,,
kic-004386185,2073287920476530304,25.32288,1.13224,3.20498,0.01853,2.0,2.0,,,4443.0,126.0,-0.01,0.23,296.4566728121121,39.41765363569061,15.234476,15175.964805898311,4.4469533,0.1005142640251079,0.0238659,-0.2145959274496736,0.5201907775172986,,
kic-004386645,2073290016420694016,30.34447,2.48855,4.06553,0.15715,1.0,1.0,,,4719.0,188.0,-0.5,0.3,296.53106900851,39.489004494007126,15.676729,10098.45786743822,3.1482759,0.1220059843051406,0.026704375,0.64842425239374,0.48027373001994783,,
kic-004446125,2100312949903806336,28.86995,1.25519,3.79017,0.05434,2.0,1.0,,,4720.0,156.0,-0.24,0.25,285.2823495395047,39.5591650786835,13.315271,88886.97975643938,19.432663,0.2822108832692364,0.009918565,0.253259001724901,0.08975205695860143,,
kic-004450133,2100426032100137472,62.26744,1.4587,6.38724,0.01679,2.0,2.0,,,4433.0,118.0,-0.3,0.2,287.0251211394268,39.50610145245779,14.894042,20764.89792000464,4.710487,0.2037150935672461,0.018727414,1.0031692548837547,0.21006198733786963,,
kic-004450824,2100428574720916224,34.35689,2.09421,4.15173,0.04685,2.0,1.0,,,4554.0,108.0,0.5,0.2,287.3098289155493,39.542721312657896,12.570296,176533.93850510442,29.536594,0.5093946960817748,0.009725556,0.572692913211462,0.09004363348957636,,
kic-004450961,2100417991921516032,26.63415,1.61397,3.80267,0.09778,2.0,1.0,,,4595.0,122.0,-0.39,0.22,287.3667353059116,39.52555119499373,14.025333,46218.25614825328,10.863431,0.2026697975492765,0.013388316,0.02640298810985442,0.1642135638568738,,
kic-004454364,2099725505755329280,6.60404,0.80209,1.03548,0.07128,2.0,1.0,,,4744.0,115.0,-0.19,0.22,288.6147597355011,39.557647271297775,13.390862,82908.98646850351,12.948164,0.0560174964720075,0.010854735,-3.2792867073419476,0.4252840069334629,,
kic-004469214,2053130230198901888,29.05772,1.29354,4.17362,0.10232,2.0,1.0,,,5023.0,152.0,-0.28,0.26,292.97047631649326,39.52286408704495,15.328499,13917.05340039252,3.4038768,0.1019273351121922,0.020390665,0.1277363725874352,0.43592202184637224,,
kic-004469811,2053223619966943232,75.37369,1.43817,7.40095,0.02143,2.0,2.0,,,4547.0,129.0,-0.18,0.24,293.1165727820782,39.5600851838561,15.27891,14567.431076674791,3.6424382,0.1766625785898223,0.022106418,1.2724168497085575,0.27414246835918554,,
kic-004471367,2052472687888402688,52.31609,2.07015,5.62302,0.04748,2.0,2.0,,,4580.0,165.0,-0.3,0.27,293.52693929563304,39.52188653883371,16.266386,5866.67692485259,2.6536827,0.0684945872136377,0.03696,0.15400807435976915,1.1725476330990365,,
kic-004471623,2052472413010560000,28.16359,1.60079,3.85044,0.06759,2.0,1.0,,,4581.0,117.0,0.5,0.2,293.5929079526378,39.54989056904466,14.792501,22800.60381303169,4.988834,0.1878121012859801,0.018159201,0.8704596692868964,0.21443478274003233,,
kic-004471772,2052460524541104768,43.33759,1.20786,4.86193,0.01786,2.0,2.0,,,4628.0,109.0,-0.5,0.21,293.6334845076352,39.537124879341306,13.411907,81317.47965205446,9.324486,0.3570705123663786,0.010443004,0.8850177443868539,0.07703307282481868,,
kic-004471832,2052473856119634048,31.24219,1.51193,4.0247,0.03729,2.0,2.0,,,4713.0,145.0,-0.07,0.25,293.6441019742232,39.59196854787888,14.117254,42466.346684676035,6.7440343,0.2148416031286121,0.013744401,0.4387435344802135,0.14793854162006667,,
kic-004472560,2052484748157031680,9.90489,0.88677,1.56021,0.02602,2.0,2.0,,,4626.0,159.0,-0.37,0.26,293.8264238863117,39.562786735355154,16.516466,4659.725938307416,2.2931435,0.0254185309013869,0.03721695,0.7803144835624707,0.4034899714326974,,
kic-004472833,2052480728067657728,6.52514,0.45511,1.16888,0.06681,2.0,1.0,,,4527.0,112.0,0.0,0.2,293.8887431032693,39.51660195422753,14.6175785,26786.472402101324,6.302719,0.0641978887344079,0.01547516,-1.6839201587719828,0.5259078515107466,,
kic-004474339,2052437194277976192,11.26148,0.45393,1.55977,0.01876,2.0,2.0,,,4602.0,112.0,-0.4,0.21,294.27167800863583,39.53405591799995,13.03993,114544.55899403535,13.982512,0.1567241705577808,0.00988433,-1.3477140861792485,0.14739648235482622,,
kic-004480385,2076221451855255552,26.51094,2.04169,3.32512,0.04353,2.0,2.0,,,4669.0,120.0,-0.3,0.21,295.6747301733841,39.51577474130287,14.178356,40142.49576821384,6.790033,0.1722444015343221,0.015087665,-0.07690720923309158,0.20113792788268128,,
kic-004480939,2076211178293592192,31.83862,2.63975,3.76869,0.02595,2.0,2.0,,,4614.0,155.0,-0.23,0.26,295.7883408724694,39.52124779673599,16.027487,7310.58470644439,2.976455,0.1176862086912301,0.0315631,0.9693476757772732,0.5856488872808444,,
kic-004546733,2100476472196017280,86.42303,1.69017,8.45016,0.01801,2.0,2.0,,,4602.0,134.0,-0.55,0.25,286.8158849854651,39.60527539944422,14.997222,18882.42772702565,3.9645956,0.2347507295264202,0.018437661,1.2689383744596459,0.19154894880039633,,
kic-004547591,2100434793833578880,22.83536,1.03619,2.88152,0.02325,2.0,2.0,,,4593.0,117.0,-0.2,0.21,287.1898199935381,39.69731372559376,14.291206,36179.63778385181,7.400972,0.1764392997895532,0.015164281,0.01552904678183431,0.2016236460318933,,
kic-004557087,2101076015273188608,17.78193,0.84699,2.60813,0.02735,2.0,2.0,,,4942.0,150.0,-0.78,0.25,290.3088689452078,39.65746866926296,14.724264,24279.5675864698,5.072773,0.1123235627086858,0.01770153,-0.26559762575768353,0.34413459179068634,,
kic-004557566,2101073472652572160,29.23978,1.88103,3.88956,0.08772,2.0,1.0,,,4927.0,152.0,-0.83,0.26,290.44327707865983,39.650139170470254,14.337542,34668.11902912389,6.4079432,0.1512644957455124,0.015961718,0.018232627865700124,0.23145940594644807,,
kic-004557804,2101073129055205760,23.20753,1.07514,2.98951,0.01854,2.0,2.0,,,4827.0,153.0,-0.36,0.26,290.51956274955825,39.656540782333096,15.2428255,15059.708261115156,3.7424946,0.0626044824417097,0.022725176,-0.9436985460320351,0.7886460104141326,,
kic-004566631,2053225578472094848,13.44487,0.86677,2.10343,0.05012,2.0,2.0,,,4755.0,113.0,-1.28,0.24,293.1051459418567,39.69817432058868,12.96793,122398.1308749029,21.309456,0.2286018935879868,0.013576028,-0.47888685869657444,0.1339782170121442,,
kic-004568874,2052474302796266624,7.14952,0.9722,1.15574,0.01921,2.0,2.0,,,4399.0,108.0,0.2,0.2,293.68053086036815,39.60711796148669,13.142144,104253.10372179595,19.784462,0.1764162072653247,0.009904074,-0.9642659822427788,0.1320935919785985,,
kic-004571892,2052427436112413440,39.07251,2.38082,4.40333,0.04615,2.0,2.0,,,4758.0,179.0,-0.16,0.28,294.4339863776793,39.60475403979948,15.985468,7599.054374425421,2.8691542,0.0505537459364654,0.033220902,-0.8348676798543,1.4278682967022782,,
kic-004572025,2076458671485415296,12.13334,0.54979,1.6397,0.01756,2.0,2.0,,,4489.0,105.0,0.3,0.2,294.4676254057528,39.696571263945984,13.922224,50822.64560400531,9.339176,0.1386188592645409,0.013397855,-0.7077667844860116,0.21595409430834603,,
kic-004572736,2076444583992779008,109.03356,1.82794,9.79583,0.03406,2.0,2.0,,,4623.0,118.0,-0.3,0.21,294.63833107798996,39.65319367728482,14.059636,44780.86029392938,6.9716477,0.3758595452398988,0.014245127,1.6441047305850578,0.09313448200841337,,
kic-004575884,2076268799576308224,17.9238,1.46497,2.1569,0.0654,2.0,1.0,,,4711.0,115.0,0.3,0.2,295.3574822822481,39.685554017956626,11.672962,403424.2645876265,45.887276,0.3750948927620777,0.0122967325,-0.819656232030324,0.08965351712098567,,
kic-004576878,2076227327370827520,56.64761,1.77034,5.89485,0.01457,2.0,2.0,,,4439.0,117.0,-0.1,0.2,295.5587109348109,39.678100038399,14.628683,26513.88605858014,5.565725,0.235211208057117,0.016842546,0.9046546839415743,0.17827175035476492,,
kic-004577339,2076226124779999872,24.85351,1.34811,3.55138,0.0574,2.0,1.0,,,4577.0,130.0,-0.39,0.23,295.65193368328914,39.64254804605985,15.412302,12883.260580928652,3.4809868,0.0583558601685407,0.022353865,-1.2659292063076322,0.8352987632853807,,
kic-004577652,2076223547799404928,30.41549,1.57418,3.51448,0.05743,2.0,2.0,,,4706.0,128.0,-0.01,0.22,295.71916758653106,39.6002118402806,13.7342,60431.97443236473,8.546384,0.2157639589002356,0.01327342,-0.056115902340012624,0.1503674791978259,,
kic-004579304,2076303468549148928,61.56948,1.45413,6.12429,0.02641,2.0,2.0,,,4503.0,107.0,0.4,0.21,296.0565866313803,39.61590797946307,13.684865,63241.31696249048,10.733561,0.4328413181075375,0.013677015,1.5274061670756058,0.08541247381849386,,
kic-004579682,2076304155744003840,83.73587,2.54721,7.77437,0.0192,2.0,2.0,,,4490.0,110.0,0.44,0.25,296.12768216064273,39.67285847973031,14.114864,42559.92413257301,8.092591,0.4219625474497986,0.014806808,1.8779095412910038,0.09368153228656176,,
kic-004581160,2073304035193950976,34.77925,1.41088,4.20815,0.05297,2.0,1.0,,,4608.0,115.0,-0.3,0.21,296.4212764733357,39.61977285336928,14.07736,44055.75061470645,33.678764,0.3215054642998138,0.081426226,1.0562050135657763,0.5562720105640558,,
kic-004586409,2073630349625020672,7.65075,0.48339,1.3188,0.08335,2.0,1.0,,,4377.0,134.0,0.05,0.25,297.4714199661265,39.68872770819484,14.293008,36119.648822597315,9.822792,0.1132136025473459,0.015608751,-1.1641469219996115,0.3186052497936675,,
kic-004587940,2073446628113998720,27.6067,2.3822,3.95018,0.07494,2.0,1.0,,,4666.0,134.0,-0.3,0.22,297.7436384125193,39.65682722714182,15.104678,17103.132285412703,4.8425336,0.1238583908476153,0.020072913,0.03642998681454657,0.36087966189693055,,
kic-004588105,2073448105582769536,46.3763,1.18113,4.7692,0.04022,2.0,2.0,,,4749.0,105.0,0.3,0.2,297.7698894352188,39.671698480878895,13.055116,112953.71767697176,19.257378,0.3786080414577352,0.010325747,0.43741158854470186,0.09658528731613686,,
kic-004588817,2073444703971222528,34.03678,0.93673,4.03517,0.01762,2.0,2.0,,,4422.0,176.0,-0.43,0.52,297.9027041821003,39.67792144542233,15.602167,10816.331583234663,3.434254,0.1192075357220932,0.027417924,-0.05784315047098687,0.5233069449831796,,
kic-004633371,2103304897139077760,29.33317,1.26071,4.03051,0.09223,2.0,1.0,,,4857.0,126.0,-0.41,0.23,283.95948173112345,39.74019291808873,13.043449,114173.98379294384,15.794787,0.3621618239405345,0.010229205,0.5473031543354772,0.0752503149068601,,
kic-004641512,2100515607938688000,12.47416,0.53346,1.86529,0.01557,2.0,2.0,,,4507.0,111.0,-0.2,0.2,287.5465822615675,39.792783564917606,14.021901,46364.55640911432,9.320381,0.1088477219124595,0.012509964,-1.0604398697778272,0.25274908202313967,,
kic-004646592,2101034508709516544,124.11242,2.10177,10.95929,0.02499,2.0,2.0,,,4560.0,133.0,-0.44,0.25,289.3166165466593,39.78492443314638,15.160551,16245.253850045689,4.3238482,0.2436641815713552,0.021000732,1.8522934886557163,0.19064735628910112,,
kic-004646653,2101033099960922496,44.53183,2.20367,5.04778,0.02735,2.0,2.0,,,4713.0,127.0,-0.35,0.25,289.3321510118459,39.727212497148464,14.446795,31349.346324987426,5.74013,0.2080228713346306,0.016675785,0.8435776254705605,0.17648232717270476,,
kic-004646661,2101034336910826368,5.78946,0.22217,0.98811,0.11437,2.0,1.0,,,4782.0,144.0,-0.27,0.25,289.33426969428734,39.76874704118848,15.05064,17975.89843554974,5.015522,0.0139218859459666,0.02090546,-0.7057208735799794,0.31240233469032486,,
kic-004658871,2053241418311439232,39.99332,1.18337,4.51757,0.02656,2.0,2.0,,,4718.0,166.0,-0.47,0.26,292.9458599142968,39.79192468763245,15.884939,8336.253011985387,3.0244033,0.0840621855865461,0.029333001,0.19306159825526237,0.7591931824348357,,
kic-004659822,2053226334386412288,47.6343,2.31191,5.38264,0.06243,2.0,2.0,,,4522.0,134.0,-0.43,0.25,293.2066237055984,39.730056308778344,15.344073,13718.840174224117,3.712608,0.1465370000400278,0.023790387,0.9073718911568651,0.3547983405973688,,
kic-004660961,2052479731635004032,99.18791,1.40846,9.17371,0.03657,2.0,2.0,,,4650.0,117.0,-0.4,0.2,293.5030188709364,39.760439870675825,14.28233,36476.640880332394,6.163911,0.3424680907045769,0.015118658,1.6889929725745798,0.10385976022182762,,
kic-004661430,2052478838281767424,78.86059,1.15506,7.71535,0.01622,2.0,2.0,,,4583.0,114.0,-0.4,0.21,293.6251597267538,39.73273027958925,14.415792,32257.422100847663,6.1488132,0.3189320316085425,0.016904231,1.6920667206325533,0.12069237125423987,,
kic-004661610,2052502512141800960,48.80874,1.28765,5.28436,0.0139,2.0,2.0,,,4584.0,112.0,-0.18,0.24,293.6753401672564,39.788358388814466,13.980636,48160.65593934772,7.2645574,0.3023181908144836,0.014330547,0.9954117842431565,0.1182135835902643,,
kic-004662845,2052484713797691776,31.14596,2.28321,4.12773,0.15774,2.0,1.0,,,4759.0,150.0,-0.27,0.25,293.99416696498747,39.726734027267234,15.577755,11062.2789331171,3.4911933,0.0917413149317874,0.02735207,0.003034187565596369,0.6500149445319064,,
kic-004663257,2052491001629665792,48.60513,2.81082,5.24002,0.05352,2.0,2.0,,,4647.0,144.0,-0.2,0.24,294.0997590475852,39.7893640567809,15.914445,8112.7624181465535,2.6226737,0.0999017083274283,0.02940759,0.5974287854779199,0.6409487447746903,,
kic-004664313,2052440458453265152,34.9477,1.74114,4.13916,0.04197,2.0,2.0,,,4629.0,135.0,0.1,0.21,294.36431800454903,39.70121395698828,14.5487795,28538.755863512313,5.337593,0.1517970676391362,0.016335698,0.09177242395334773,0.23995471043852767,,
kic-004664348,2076463138251401984,31.94847,1.31044,3.98316,0.05014,2.0,2.0,,,4579.0,118.0,0.4,0.21,294.3725801438158,39.79946158963157,13.655245,64990.341100642174,11.587601,0.2976685957202739,0.012973342,0.7090293048802341,0.10577133707286446,,
kic-004664499,2076460526911312768,24.47913,1.36683,3.3534,0.02639,2.0,2.0,,,4809.0,242.0,-1.79,0.5900000000000001,294.41100207285564,39.79938433716358,16.038784,7234.910683565181,3.0580297,0.0149001983970942,0.033745185,0.46022752197647065,0.37279003365726854,,
kic-004666017,2076451043623754624,33.2041,2.32066,4.15037,0.05049,2.0,2.0,,,4708.0,128.0,-0.3,0.21,294.7721959560036,39.75296508151354,14.700867,24808.47351042844,5.0922947,0.1813591915337062,0.017641954,0.7029056663605413,0.21568547209579317,,
kic-004667716,2076283471184483200,163.50661,2.66806,13.40233,0.03168,2.0,1.0,,,4736.0,154.0,-0.27,0.25,295.15208349405384,39.736600966063534,14.465117,30824.7539791597,22.445206,0.3136409561472604,0.10612216,1.5355136610190439,0.7373217486647613,,
kic-004668947,2076275362286429696,53.91007,2.35777,5.66888,0.11839,2.0,1.0,,,4675.0,176.0,-0.35,0.27,295.4356379240681,39.762588399597384,16.566603,4449.441119461432,2.3758497,0.0596379115230718,0.04446467,-0.040216820409655796,1.620630397482154,,
kic-004669208,2076274297134553088,21.55512,1.09935,2.92388,0.05063,2.0,1.0,,,4502.0,107.0,0.3,0.21,295.49105371268337,39.720491475966654,13.354729,85714.70980210263,13.569905,0.3332170733050245,0.011649686,0.48393327572433265,0.10508878686007476,,
kic-004669534,2076276289999451776,8.54838,0.61137,1.36668,0.03584,2.0,1.0,,,4391.0,119.0,-0.1,0.22,295.5623971358007,39.786448784898056,14.9994135,18844.357875234196,5.5370545,0.0895429762645791,0.02148882,-0.7490824534537879,0.5266731124476568,,
kic-004669559,2076227567889008768,28.5737,2.39375,3.70463,0.06834,2.0,1.0,,,4516.0,112.0,0.4,0.21,295.5666122712551,39.73038496858549,13.747142,59715.92742699199,10.637559,0.2688549151483163,0.013214919,0.41029995058674906,0.12912108675507683,,
kic-004671759,2076308656869745280,106.94365,2.93781,9.69014,0.07481,2.0,2.0,,,4670.0,129.0,-0.3,0.2,296.03588023606335,39.799617365890946,14.255715,37381.84256330797,6.4650054,0.3872612687062031,0.01546927,1.7113033673386457,0.11315501943152056,,
kic-004673123,2073308776837850368,39.1994,1.1772,4.32861,0.02441,1.0,2.0,,,4829.0,178.0,-0.31,0.28,296.30406314257283,39.76160670395439,15.813775,8900.961066358244,3.0234005,0.1059735399284632,0.028719984,0.40688702826966505,0.5938962737060575,,
kic-004679755,2073635469226143744,53.51356,2.83054,5.1383,0.0329,2.0,2.0,,,4783.0,114.0,0.3,0.21,297.5946836162269,39.73653503958079,12.616439,169188.64645942653,23.48052,0.443353702321353,0.009910538,0.24465071988082165,0.1029875716617704,,
kic-004680736,2073449789210000256,55.85649,6.39794,4.98807,0.14091,2.0,1.0,,,4791.0,139.0,0.03,0.25,297.7710942351592,39.77868840183885,14.173194,40333.80311975587,7.1878395,0.2039751524725002,0.014522563,0.06709715644051428,0.18309971398252978,,
kic-004681770,2073469649139977600,31.83216,2.24082,4.16891,0.07923,2.0,1.0,,,4674.0,177.0,-0.5,0.29,297.9815882141912,39.79648844327753,15.997433,7515.772596353208,2.8161361,0.1022922451535339,0.03190731,0.24733384320024498,0.6878622691524552,,
kic-004733031,2100529386193690496,17.05645,0.58986,2.39043,0.01728,2.0,2.0,,,4623.0,131.0,-3.72,0.28,287.30206476898434,39.801373185908346,14.292024,36152.42205046144,8.247857,0.1034948763623956,0.014657232,-1.1420353308549291,0.31685347930034385,,
kic-004736931,2101234997781540736,18.67242,1.13483,2.50948,0.02678,2.0,2.0,,,4530.0,133.0,-0.17,0.25,288.80328175785155,39.86962688197777,15.410054,12909.961323531455,3.6536684,0.0412612440559071,0.024548795,-1.8513367968152643,1.2929404672580826,,
kic-004743108,2101082749782000768,34.03349,0.97727,4.10727,0.0197,2.0,2.0,,,4538.0,136.0,-0.49,0.25,290.68152067720274,39.87219259551762,15.890379,8294.593189888801,2.8546953,0.0718369324168436,0.026902039,-0.02165491373078332,0.813708821659287,,
kic-004743932,2053067626754835328,26.65906,1.18607,3.81068,0.1189,2.0,1.0,,,4880.0,114.0,-0.42,0.27,290.9432153124337,39.86976258388485,15.565144,11191.523495624642,2.9749105,0.0448465714820573,0.022503225,-1.2730961695599614,1.0897038189922392,,
kic-004749974,2053196785013463680,29.69767,1.97911,3.85819,0.09876,2.0,1.0,,,4717.0,147.0,-0.19,0.24,292.76783771690725,39.870654952035366,15.273649,14638.185155643838,3.7774615,0.1204899999189896,0.02180367,0.3393016330091623,0.39622462127743946,,
kic-004751175,2053239425446715008,29.09947,1.37678,3.88285,0.0766,2.0,1.0,,,4636.0,128.0,-0.29,0.22,293.11175514517225,39.80097687557962,14.717186,24438.386697842085,4.807551,0.1455224101619107,0.018675234,0.3138410028775862,0.2805821565501566,,
kic-004751831,2053234065327644800,37.80366,1.21492,4.41539,0.02325,2.0,2.0,,,4484.0,126.0,-0.2,0.22,293.28536893155086,39.846012063315726,15.640191,10444.087597651009,3.2773023,0.1370035874284423,0.026942823,1.0089699080389263,0.42964120226357533,,
kic-004755308,2052493028854289920,46.98505,3.8781,5.18225,0.07288,2.0,2.0,,,4538.0,130.0,-0.1,0.21,294.17649151963775,39.860870498436256,15.19239,15775.774480082851,4.172631,0.170183457316127,0.021823205,1.007874323585705,0.28306311596577327,,
kic-004757495,2076454926274207360,22.04748,0.56616,2.71256,0.02743,2.0,2.0,,,4459.0,119.0,0.01,0.23,294.7234577592406,39.83003593028387,13.975979,48367.65525038721,9.284081,0.2411481450405313,0.014684377,0.5725178396300539,0.14041139903900818,,
kic-004760369,2076280035210894592,29.24902,2.46318,3.89226,0.25246,2.0,1.0,,,4706.0,155.0,-0.61,0.26,295.4080476513712,39.879721325696714,15.552073,11327.0744478537,3.9337716,0.0708652146932118,0.030681472,-0.6075286487311224,0.942177322418366,,
kic-004760410,2076279073138201472,57.37855,0.87898,5.88347,0.02181,2.0,2.0,,,4440.0,119.0,-0.3,0.2,295.4179098492634,39.83543395823733,14.322448,35153.417591074,20.389486,0.0165951638812723,0.047831357,-0.4879607710380558,0.5267523931832595,,
kic-004761389,2076276526211970432,117.80681,3.05124,10.52439,0.10859,1.0,1.0,,,4527.0,124.0,-0.62,0.24,295.6189954719594,39.80651693136208,14.959784,19544.88772331656,11.825487,0.4877912559255324,0.05809255,2.916522102503622,0.26862302456075837,,
kic-004762786,2076321954088828288,15.28959,0.62948,2.03915,0.02075,2.0,2.0,,,4497.0,107.0,0.4,0.2,295.89463913529653,39.87778367833978,13.439948,79244.23239608841,13.155467,0.2238103574262222,0.011773501,-0.2224182807215076,0.12985925191698566,,
kic-004763876,2076315116500643200,28.36552,1.79919,3.55106,0.10178,2.0,1.0,,,4491.0,113.0,0.5,0.21,296.10579182643914,39.86901358687064,15.625238,10588.916660972294,3.5319085,0.0794621040314288,0.027355636,-0.35839365070897067,0.751074850966052,,
kic-004764625,2076313192355378048,19.04088,1.24597,2.6021,0.01974,2.0,2.0,,,4535.0,124.0,-0.31,0.24,296.25542353091015,39.89019917383278,15.276783,14595.99069858445,3.974219,0.1067244293485157,0.021736763,-0.18743777092032943,0.45149882115608947,,
kic-004768395,2073321077625227776,30.52205,1.05218,3.65533,0.03274,2.0,2.0,,,4592.0,135.0,-0.27,0.24,297.03959298018896,39.81767539049385,13.372991,84285.07331771203,13.866254,0.3187784260905081,0.012070576,-0.07842829422600595,0.1669770867056855,,
kic-004768442,2073321180704460544,6.24974,0.38762,1.12803,0.01286,2.0,2.0,,,4261.0,115.0,0.05,0.26,297.0507645389614,39.82753050951716,15.528036,11580.63632730033,4.079156,0.0509687955258519,0.025123186,-1.9527493091006658,1.0811700802424586,,
kic-004768805,2073650140834582912,33.31319,2.42672,4.24039,0.27177,2.0,1.0,,,4607.0,117.0,-0.2,0.21,297.12897949293296,39.89249130870967,13.791302,57335.80794312831,9.492204,0.2786251394571975,0.012857703,0.3866419176525806,0.1377132464522828,,
kic-004769659,2073650896748897536,35.03747,1.45903,4.205,0.04605,2.0,2.0,,,4853.0,120.0,-0.2,0.22,297.28854992287484,39.890521149836104,13.996356,47468.368502236575,8.678331,0.2299057311185424,0.013360729,0.029013756884994635,0.1715864620867502,,
kic-004770719,2073641276022251136,38.07777,1.40067,4.24588,0.11749,2.0,1.0,,,4873.0,164.0,0.13,0.27,297.4947609683772,39.873502359779295,15.085591,17406.449555980693,4.0767803,0.111148454209362,0.018930076,-0.4842045750027424,0.3887804794671228,,
kic-004770786,2073641310382002432,92.85541,1.5617,8.48612,0.01737,2.0,2.0,,,4507.0,109.0,-0.1,0.2,297.50649813839584,39.885499796258976,14.052526,45075.04193352923,8.073359,0.4764199456058952,0.013306499,1.7187245482277174,0.12435541646599797,,
kic-004772905,2073474700021060736,14.69247,0.55255,1.94257,0.01864,2.0,2.0,,,4409.0,130.0,0.01,0.23,297.92831923931533,39.87019541724285,15.547066,11379.428553025424,4.162687,0.066099720830916,0.025993291,-1.417686234153635,0.8687528103241451,,
kic-004773634,2073471092248648576,32.00442,2.0088,3.95593,0.0839,2.0,1.0,,,4497.0,112.0,0.3,0.22,298.08524846324286,39.88106602777093,15.597674,10861.17747830071,3.334176,0.133628722893371,0.02577415,0.3309738627225549,0.43987604722519463,,
kic-004826093,2101238571194401024,6.93707,0.59156,1.13633,0.01849,2.0,2.0,,,4345.0,117.0,-0.01,0.23,288.9193677080307,39.95244597018888,14.495993,29960.541156452768,7.5423994,0.0872800572209032,0.018615918,-1.0416478645974045,0.4645751794622019,,
kic-004827801,2101248123201897728,31.17235,1.53925,4.0763,0.02663,2.0,2.0,,,4900.0,133.0,-0.46,0.28,289.43796188302076,39.95636421808896,14.525694,29152.065087623298,5.1330605,0.1260298855371171,0.01565755,-0.21415426700489348,0.2722124089870798,,
kic-004829626,2101144872189036928,129.82524,2.36905,11.35883,0.01844,2.0,2.0,,,4592.0,116.0,-0.3,0.21,289.9709372527237,39.969071841946594,14.87015,21226.9144686688,3.9855647,0.2725012566247281,0.01815094,1.7563333574890976,0.1510671954585925,,
kic-004831281,2101099654773706112,23.60511,2.39282,3.25976,0.02441,2.0,2.0,,,4789.0,191.0,-0.35,0.28,290.43706461126663,39.98735958543798,16.029406,7297.673885173807,2.668794,0.0874327432467908,0.031493288,0.44711733483790184,0.7833789940093385,,
kic-004833320,2053071612484604032,9.20335,0.5821,1.5269,0.01698,2.0,2.0,,,4413.0,115.0,-0.2,0.2,291.0777704684181,39.97712102864384,14.742946,23865.38756544595,5.670101,0.0744105981135145,0.018160708,-1.2137608112402347,0.532071843519539,,
kic-004839419,2053292889200943616,35.0775,2.06498,4.15532,0.04199,2.0,2.0,,,4606.0,125.0,0.0,0.22,292.90036635500655,39.99592676719397,14.793862,22772.03630976816,4.7685966,0.127084704640997,0.017762627,-0.048995566952246605,0.30836089722658,,
kic-004839720,2053292339445175808,27.35325,1.38319,3.59949,0.38776,2.0,1.0,,,4677.0,129.0,-0.4,0.21,292.9838661930566,39.98494911487335,14.736727,24002.46865157062,5.5849357,0.1873091090378444,0.01839759,0.7119758749833824,0.22106342243410032,,
kic-004839939,2053245094803876864,35.93312,1.13853,4.1772,0.05341,2.0,2.0,,,4494.0,120.0,0.19,0.23,293.03746090115385,39.954721496294425,15.813882,8900.07998009274,3.2975256,0.0979382694224586,0.029733393,0.3810985132133844,0.6618024443015776,,
kic-004840529,2053247362546410496,32.92654,2.06806,4.14187,0.05375,2.0,2.0,,,4696.0,190.0,-0.33,0.28,293.19919682208183,39.97939222176092,16.085997,6927.048318032854,3.0090542,0.0827017513316945,0.033240665,0.3344681449558209,0.8742701621147878,,
kic-004840640,2053247499985388672,30.32541,0.98618,4.07772,0.05943,2.0,1.0,,,4769.0,157.0,-0.15,0.26,293.23152831754913,39.99304342967781,14.301556,35836.39458512939,6.2859306,0.1674819301163617,0.0149930995,0.009628601261763237,0.20396839307763648,,
kic-004840658,2053246675351660800,30.76943,1.74425,3.76002,0.04664,2.0,2.0,,,4536.0,111.0,0.5,0.2,293.2366340956136,39.97245812518671,13.856332,54002.51637123919,8.366697,0.2453076661519969,0.012688571,0.39312041841511025,0.12818216251967077,,
kic-004842856,2052508215858745728,63.08851,1.35316,6.22957,0.01922,2.0,2.0,,,4543.0,137.0,0.41,0.25,293.8334328099216,39.95000884683313,14.961404,19515.748586857717,5.2310214,0.2609564271779028,0.022399245,1.7293632001665493,0.19228032791260283,,
kic-004845945,2076469151208631552,64.71105,1.699,6.83997,0.04733,2.0,2.0,,,4556.0,152.0,-0.63,0.28,294.6250152456186,39.98980183338783,16.265978,5868.880618270466,2.7113307,0.0843706324105996,0.039201267,0.5336105356090428,1.010405780533485,,
kic-004847260,2076476469830597120,30.83944,3.40979,3.7379,0.29408,2.0,1.0,,,4541.0,128.0,0.26,0.25,294.93270076930565,39.903303766639304,13.9737625,48466.518812846254,9.211216,0.2366650103557132,0.013310193,0.45688715746612374,0.13525484072133526,,
kic-004847408,2076476538550120960,14.60272,0.63425,2.09877,0.04302,2.0,2.0,,,4517.0,121.0,-0.01,0.23,294.9689356406431,39.92008449423306,15.223096,15335.864231325007,4.369808,0.0617798705749243,0.022395398,-1.210214644705502,0.7893092473170247,,
kic-004848422,2076296081208913280,31.00741,1.50074,4.09288,0.09107,2.0,2.0,,,4823.0,154.0,-0.74,0.27,295.217437250251,39.9906103407612,15.4728985,12183.931751002245,3.3146374,0.0663328805232941,0.022887493,-0.7817812012136969,0.7512242105075367,,
kic-004848641,2076292885753246592,35.49229,1.58209,4.10495,0.03141,2.0,2.0,,,4726.0,185.0,-0.11,0.28,295.2704374180319,39.93819476258002,16.108196,6786.848883955153,2.9250624,0.0309126622732367,0.034559384,0.6787823833427424,0.2515913286263763,,
kic-004850784,2076371256008783616,9.49436,0.50547,1.60555,0.16572,2.0,1.0,,,4441.0,110.0,0.2,0.2,295.7416514221996,39.93054050506203,12.080142,277261.6675265784,48.395954,0.4004214202846761,0.009307148,-0.31659980302733537,0.07948183996426425,,
kic-004852309,2076327619142503680,34.68145,2.59709,3.78896,0.14726,2.0,1.0,,,5019.0,187.0,0.01,0.3,296.0680362891063,39.971212978744354,16.491127,4769.753551498766,2.2439315,0.0173308429100755,0.040137835,0.690069571878432,0.42610020419521427,,
kic-004852652,2076316971926995840,31.38014,1.38207,4.12196,0.15581,2.0,1.0,,,4629.0,162.0,-0.65,0.28,296.1375106540629,39.92602891929132,16.120468,6710.570402883508,2.7551186,0.0025207917536379,0.03399314,0.39210311514663587,0.45567486163879856,,
kic-004857106,2073697759125243648,11.21632,0.66515,1.62094,0.02302,2.0,2.0,,,4499.0,103.0,0.4,0.2,297.05662916750174,39.92170087520208,12.045197,286330.91856705066,43.414463,0.4927654918338569,0.009438846,-0.20115844383285264,0.11427249551195297,,
kic-004857555,2073699030435190528,7.22567,0.385,1.26477,0.03615,2.0,1.0,,,4500.0,100.0,0.5,0.2,297.149554893578,39.98395853924267,12.724052,153223.6080472239,31.116903,0.3546526595009032,0.010254711,-0.68956865228275,0.1853540886115032,,
kic-004857891,2073652305498187904,69.20349,2.92182,6.41568,0.04973,2.0,2.0,,,4867.0,113.0,0.1,0.22,297.2348407601195,39.9885594739028,12.495532,189118.53296381212,27.997551,0.5754343756531409,0.009320371,0.4961983016405398,0.12494932711508794,,
kic-004858555,2073653954765669504,13.76764,0.93835,1.91715,0.02284,2.0,2.0,,,4401.0,110.0,0.5,0.2,297.37022023636234,39.9286782982288,13.689784,62955.41741103259,11.836025,0.2609575664884348,0.011544402,-0.17200895567271424,0.1711899226926282,,
kic-004860794,2073664640645000448,29.19931,1.24963,3.98682,0.05882,2.0,1.0,,,4720.0,154.0,-0.56,0.27,297.82004874250674,39.999707987421395,14.259518,37251.16449959671,7.777368,0.209770423119209,0.016266985,0.06892656025036459,0.20671386351800075,,
kic-004860862,2073662098024141568,30.32541,0.98624,4.48564,0.15027,2.0,1.0,,,4875.0,155.0,-0.27,0.25,297.8288589509085,39.93447074970887,14.414374,32299.599088222814,6.960437,0.2340230459703083,0.016450893,0.46135442767548085,0.19410331598365466,,
kic-004863283,2073466625482950144,11.80666,0.62109,1.79606,0.01769,2.0,2.0,,,4398.0,130.0,-0.04,0.25,298.35358571054445,39.95749633083166,15.262914,14783.634649614887,6.272077,0.1192564197249439,0.024499081,-0.5173139220647283,0.47896780913946824,,
kic-004863703,2073556270039069568,18.57635,0.95561,2.38492,0.02229,2.0,2.0,,,4529.0,147.0,-0.32,0.26,298.46546083149633,39.91041835821303,16.134497,6624.42247004283,2.9613159,0.0265114330545752,0.041634027,-0.03359191296386754,0.3814253745488537,,
kic-004864029,2073556544917044992,37.55023,1.44596,4.30238,0.02011,2.0,2.0,,,4500.0,120.0,0.12,0.24,298.5311035184002,39.927236229199735,15.440887,12548.49691306521,4.5345273,0.1739703801985231,0.027501274,0.6743996584498255,0.37276393270579083,,
kic-004902241,2103504286699840768,30.85704,1.53887,4.19341,0.06108,2.0,2.0,,,4752.0,108.0,-0.4,0.2,283.70709988924057,40.0383720134184,13.303322,89870.69845896939,12.706802,0.2977971879600397,0.010854839,0.28537934695836853,0.09820507033304854,,
kic-004908588,2100691942115033728,71.80216,1.98491,7.06459,0.03248,2.0,2.0,,,4426.0,120.0,0.2,0.2,286.7089160063481,40.076094698504306,14.841492,21794.649833646512,4.7390327,0.2539161803426116,0.016875187,1.3078471025253826,0.16676332265799013,,
kic-004917258,2101063955005944704,116.54976,2.2495,10.4723,0.03934,2.0,2.0,,,4638.0,123.0,-0.5,0.22,289.8353758096482,40.01043428475303,14.844833,21727.6905039975,3.8582633,0.2535993348519627,0.016762948,1.696022356938018,0.1457705038298819,,
kic-004919082,2101101613278758144,19.42561,1.10637,2.50363,0.01124,2.0,2.0,,,4359.0,113.0,0.5,0.22,290.33538537269976,40.037770005192144,14.021702,46373.07729771206,9.573862,0.2022812539583897,0.012831623,0.4061505913709844,0.13946088193293582,,
kic-004922068,2053448225272646272,7.57282,0.38751,1.35374,0.04313,2.0,2.0,,,4510.0,105.0,-0.2,0.2,291.25177354513824,40.07819652604698,13.581721,69543.74073821967,12.58376,0.1545000501698379,0.011594371,-0.7158518521859651,0.16695822507210886,,
kic-004927102,2053295122583845632,113.26511,2.49555,10.0856,0.03882,1.0,2.0,,,4519.0,126.0,-0.62,0.25,292.73340164490014,40.01781827665985,15.260365,14818.385653722917,3.7675762,0.1883643595698433,0.021108111,1.2962562793147203,0.24859482023092333,,
kic-004927783,2053292270725680512,81.26687,2.33268,7.73556,0.02878,1.0,2.0,,,4572.0,143.0,-0.27,0.25,292.9321644766855,40.007081506487125,15.588518,10953.165468398567,3.0613985,0.1368011138486274,0.024097823,0.9056421808120838,0.38637273049013765,,
kic-004930231,2053258220224232960,34.20521,1.28883,4.0972,0.03334,2.0,2.0,,,4650.0,115.0,0.2,0.22,293.5997551340523,40.07614142344508,12.966528,122556.24824657924,17.011383,0.3577674155961673,0.011909506,0.5407591111254852,0.07790988340946134,,
kic-004930522,2053257258151574400,34.04623,0.74875,3.87787,0.02077,2.0,2.0,,,4511.0,110.0,0.0,0.2,293.6802033420561,40.025148740807715,14.158433,40885.91447250241,7.4211793,0.2097821055287316,0.015452487,0.5008376098715424,0.1648675101799849,,
kic-004933795,2076472140503337856,13.64802,0.83452,1.91992,0.02228,2.0,2.0,,,4295.0,125.0,0.27,0.25,294.52908315387333,40.01319015209905,14.055031,44971.19670646287,9.975387,0.181981857794315,0.014619208,0.06451228222457495,0.179807654835715,,
kic-004934486,2076471178430603392,179.90035,4.58259,13.83442,0.07606,2.0,1.0,,,4485.0,116.0,0.2,0.2,294.70413373333173,40.05445010578399,14.97708,19235.988777723254,4.6737065,0.3513955801889539,0.019123007,2.3185158580165464,0.13169653701247055,,
kic-004935407,2076481486355018624,34.16367,1.42184,3.99984,0.02223,2.0,2.0,,,4617.0,152.0,-0.58,0.27,294.9246864803161,40.06059832799859,16.000458,7494.864818743745,3.1792135,0.0824677121693719,0.03226949,0.21855374583431342,0.8514399186291995,,
kic-004935924,2076478737573521920,117.64328,3.83069,10.68093,0.06608,2.0,2.0,,,4657.0,107.0,-0.3,0.2,295.0552893326999,40.012653135856546,14.082717,43838.91695984882,6.5187826,0.3924155312508048,0.013104976,1.742596696976653,0.0860529243200286,,
kic-004937024,2076298383311460736,35.67042,1.15734,4.17263,0.01835,2.0,2.0,,,4702.0,122.0,-0.17,0.26,295.3103921598571,40.095055988474506,15.650487,10345.507508515022,3.1756647,0.0927490409893483,0.02528655,0.07526695413032591,0.5952307387112177,,
kic-004937111,2076294947337598848,23.10895,1.22249,2.92996,0.02419,2.0,2.0,,,4516.0,112.0,-0.1,0.21,295.3303596276191,40.01611476494586,13.916095,51110.358884306865,8.86678,0.2216462890650953,0.012921496,0.208408538553277,0.1424869771779644,,
kic-004938768,2076374112173258496,53.50563,0.98284,5.5576,0.02339,2.0,2.0,,,4531.0,117.0,-0.01,0.22,295.6858085926852,40.01228154741878,15.31482,14093.490328130682,3.9473405,0.1647033773426346,0.022004351,0.9139005714258417,0.2990705212103734,,
kic-004939429,2076373459338311552,17.65363,1.45692,2.4528,0.03346,2.0,2.0,,,4639.0,176.0,-0.08,0.27,295.82747517791825,40.04030440802989,16.077946,6978.602157621329,2.766756,0.0519222388878937,0.03140305,-0.781275728925845,1.314953931719628,,
kic-004940249,2076333533320891520,13.2875,0.7389,1.87602,0.02959,2.0,2.0,,,4489.0,115.0,0.5,0.2,295.9930960897139,40.09423594623148,13.446379,78776.26014519417,13.137168,0.2458679927602031,0.0102859475,-0.1087646026049498,0.11863418913859902,,
kic-004940392,2076333361522220160,30.0602,2.24391,4.5184,0.20856,2.0,1.0,,,4745.0,142.0,-0.76,0.25,296.02305473809025,40.08596428604474,14.916591,20338.104464176256,4.0079975,0.1420846464660776,0.017066382,0.1464515747935451,0.2727976385640154,,
kic-004946392,2073657425099249792,35.84509,2.62374,4.13412,0.44016,2.0,1.0,,,4667.0,149.0,-0.29,0.24,297.32008570612345,40.003967679835995,15.809754,8933.976835149648,3.3228736,0.0491072018603114,0.028000748,-1.654940882297165,1.245839408069326,,
kic-004946506,2073657390739526400,42.20392,1.73662,4.59956,0.09515,2.0,2.0,,,4710.0,134.0,-0.11,0.23,297.343878037067,40.01061488812218,13.713813,61577.4150917773,10.658925,0.2984209076905054,0.012388508,0.19176000865137155,0.16185685571015046,,
kic-004947851,2073666839668142848,31.66566,1.68861,3.99115,0.04051,2.0,1.0,,,4677.0,147.0,-0.32,0.24,297.64403827127785,40.0055607699425,15.36829,13416.24296601772,3.9366512,0.1739264885658277,0.022574823,0.577033081791205,0.31879082011256205,,
kic-004948620,2073664949882443520,14.09212,0.97602,1.99705,0.03747,2.0,2.0,,,4251.0,102.0,0.2,0.2,297.8052901558296,40.029029799616936,14.68831,25097.056482688808,9.54104,0.2117417602233808,0.017644016,0.4211433690087283,0.22541618099311583,,
kic-004950701,2073480712975686272,8.47659,1.50888,1.40148,0.0375,2.0,2.0,,,4487.0,109.0,0.2,0.2,298.24056150763835,40.099517356532125,14.226711,38393.88471675028,8.458107,0.1284369114228168,0.015095746,-0.8353797107734291,0.27090381475794306,,
kic-004951680,2073561149121992704,34.0544,2.36959,4.12364,0.11781,2.0,1.0,,,4676.0,151.0,-0.54,0.26,298.4373083692887,40.048257146092446,15.322505,13994.098544330684,3.6488109,0.095745558631014,0.023591813,-0.740765717475437,0.55443911986406,,
kic-004951858,2073562386072602624,60.63472,3.41808,6.32293,0.0528,2.0,2.0,,,4537.0,122.0,-0.39,0.23,298.4701034558759,40.04466904684128,13.570895,70240.6626458858,13.794737,0.4925087265850747,0.012055004,1.2578734191787344,0.1278368918222827,,
kic-004952434,2073558950098889088,19.48098,0.84904,2.42421,0.01476,2.0,2.0,,,4566.0,116.0,-0.1,0.21,298.6032099331202,40.05093537208808,14.746257,23792.705955054324,5.8972006,0.1453580706887851,0.017938681,-0.4104111543430573,0.3048526405885828,,
kic-004953259,2073517890209496320,117.50771,2.77547,9.90003,0.03627,2.0,2.0,,,4485.0,122.0,0.01,0.23,298.75985612320113,40.05789664590172,14.795362,22740.592437974996,4.804773,0.3262397933622622,0.018155852,1.7706220952629614,0.1500022666617267,,
kic-004989209,2103517171601735552,27.25449,0.73184,3.52447,0.04132,2.0,2.0,,,4503.0,109.0,0.1,0.21,283.55385706625304,40.19813810304848,13.859902,53825.19459528224,9.437064,0.2290853739923757,0.01236615,0.17545685998626226,0.1379133377922151,,
kic-004990032,2103508375508789888,53.8636,1.19289,5.7798,0.02291,2.0,2.0,,,4509.0,111.0,-0.3,0.2,283.9113973494931,40.19926847594741,13.896677,52032.65593042454,7.7079916,0.3156785831369849,0.0124649005,1.0053569778887201,0.10359139298190313,,
kic-004994976,2100681526817711616,33.48121,0.92304,4.1059,0.03542,2.0,2.0,,,4743.0,118.0,-0.1,0.22,286.2439507731857,40.14299284491102,13.342381,86695.11182100697,10.477895,0.2979908135373432,0.009125399,0.3985145909218648,0.08156449601710102,,
kic-005000666,2101287636901362304,115.919,3.55721,10.36721,0.0787,2.0,2.0,,,4512.0,120.0,-0.39,0.22,288.54141398058,40.11738052520754,14.096625,43280.94078099999,6.0394554,0.3986817392199042,0.012809503,1.833319130732395,0.08040484055508829,,
kic-005006450,2101104568216357632,29.22341,2.0328,3.90489,0.05858,2.0,2.0,,,4659.0,126.0,-0.2,0.22,290.3519391933864,40.16561677420151,13.950793,49502.76672817657,8.017692,0.2227964373989867,0.015457496,0.5450046154921271,0.15222466849892774,,
kic-005006799,2101103949741128704,50.00907,1.0798,5.4313,0.01511,2.0,2.0,,,4649.0,119.0,-0.4,0.21,290.4506186009896,40.15700958688704,14.426129,31951.76281341916,5.6025314,0.2048870711138266,0.0153861055,0.7657073790756641,0.1663141904622651,,
kic-005007722,2101113433029118976,26.3446,1.64766,3.46376,0.03463,2.0,2.0,,,4614.0,116.0,0.2,0.2,290.7594597603207,40.15323433833987,13.767228,58621.2842830737,8.525948,0.2247016964661971,0.012852901,0.283043780349697,0.1294127660626541,,
kic-005007758,2101112780194098048,29.65885,1.56452,4.18415,0.14072,2.0,1.0,,,4747.0,112.0,-0.76,0.26,290.7708721620068,40.157506809639635,16.349422,5434.722925864879,2.3810678,0.0529081806381081,0.035822418,-0.27517983793667966,1.4706826719497228,,
kic-005014690,2053296703131945472,30.35336,1.17041,4.09258,0.05923,2.0,2.0,,,4801.0,149.0,-0.35,0.25,292.849760476563,40.12398963138715,14.202905,39245.058341726864,6.087154,0.1876033210276367,0.01446563,0.2784484215882834,0.173020236817242,,
kic-005014756,2053297081089085312,27.74564,1.85503,4.24691,0.25644,2.0,1.0,,,4795.0,177.0,-0.78,0.29,292.8709883441194,40.132513070673646,15.509183,11783.475478214608,3.3246076,0.1008196098666311,0.0253654,0.2846920866393283,0.5475317942385062,,
kic-005015349,2053299280112450176,25.43467,1.21955,3.19817,0.02408,2.0,2.0,,,4397.0,126.0,0.12,0.24,293.0421590022213,40.12421500058947,14.473971,30574.410037674425,5.8523946,0.1598040374801186,0.016047051,0.2254721481338926,0.22168524614403964,,
kic-005018586,2052513953935130496,123.06904,2.59815,10.41899,0.0239,2.0,2.0,,,4574.0,114.0,-0.2,0.21,293.93559451472646,40.10227749191606,14.229315,38301.93056769678,6.633779,0.3512854389020747,0.01595075,1.6911781512156256,0.10639160873955238,,
kic-005023555,2076485815679789440,38.70662,1.16963,4.49654,0.02899,2.0,2.0,,,4623.0,143.0,-0.64,0.25,295.1583026400106,40.14751329801632,15.493657,11953.193868001825,3.588913,0.0639152021481847,0.023884077,-0.7447597559934458,0.812427781449133,,
kic-005024290,2076299688981538944,7.15654,0.60292,1.3702,0.08537,2.0,1.0,,,4822.0,167.0,-0.42,0.27,295.30001726264453,40.146363401791994,15.275392,14614.70528042306,3.7050617,0.0553330931352427,0.0200786,-1.3972288750614545,0.790098990059051,,
kic-005024516,2076299757701053824,30.75711,1.71587,4.04949,0.06841,2.0,1.0,,,4822.0,120.0,-0.78,0.25,295.32858283039303,40.16647188723508,15.264477,14762.373058512549,3.6898408,0.1087411067866401,0.019788515,0.0346785603452755,0.3999587421290814,,
kic-005025060,2076392563352990208,22.56166,0.6876,2.8032,0.01235,2.0,2.0,,,4497.0,108.0,0.2,0.2,295.4094344397389,40.15478780057296,14.12416,42197.10347057333,9.514129,0.184341225299889,0.013383951,-0.15326762814725825,0.1819516267532198,,
kic-005025168,2076389711494720640,32.14031,0.87376,3.91529,0.02714,2.0,2.0,,,4730.0,140.0,0.17,0.25,295.4304607568991,40.153412368004645,14.39062,33014.039852840055,6.4212213,0.1644322499741287,0.015025932,0.0345662132125053,0.20892990216948137,,
kic-005025221,2076389745854471808,51.29661,1.04115,5.34454,0.01412,2.0,2.0,,,4530.0,113.0,0.0,0.2,295.4381173313217,40.16389019191982,14.688404,25094.88425378926,5.4035788,0.2224642689108018,0.016404497,0.8191653560904015,0.1840925947942766,,
kic-005025733,2076388715062360960,38.44219,1.14891,4.44954,0.02698,2.0,2.0,,,4605.0,123.0,-0.51,0.23,295.54086294158986,40.11031542573242,14.985345,19090.130179609067,4.2158628,0.1120824973548271,0.018243972,-0.20295478846590242,0.3594557845308814,,
kic-005026375,2076378063543226240,33.40496,1.40373,4.17601,0.05316,2.0,2.0,,,4739.0,132.0,-0.68,0.24,295.6846007325082,40.14085226512883,15.116881,16911.97172668038,4.1871805,0.0637110564094358,0.019917887,-1.3222553812886773,0.6823648210377161,,
kic-005026427,2076378097902972288,52.5711,1.77996,5.18222,0.01371,2.0,2.0,,,4558.0,123.0,-0.4,0.21,295.6984004406959,40.14213208496364,14.879841,21038.2891543916,4.651717,0.0968495490314167,0.018416567,-0.6498813986484997,0.4186501240862361,,
kic-005026955,2076381362078182144,28.09995,1.69875,3.40312,0.6679,2.0,1.0,,,4759.0,146.0,-0.76,0.26,295.81119821635644,40.19528409490088,15.733415,9584.749565271304,3.3267431,0.0381417698249601,0.026465278,-1.8682343762682585,1.5086415481326683,,
kic-005032297,2073714977662504448,40.29378,2.07424,4.40658,0.03315,2.0,1.0,,,4720.0,145.0,-0.42,0.24,296.9335925849182,40.1342806410664,15.204842,15595.884750199464,3.9624581,0.134426317318624,0.021367954,0.04795079455995932,0.3654006379114986,,
kic-005033842,2073706181569679744,30.83381,2.96324,4.01057,0.07058,2.0,1.0,,,4530.0,147.0,-0.47,0.28,297.2784778997099,40.138483802940705,15.828732,8779.187442721459,3.4339323,0.1509957655910179,0.030367376,0.48825422841180277,0.47439789827977946,,
kic-005036430,2073674639329015936,34.41869,2.48217,4.22365,0.42098,2.0,1.0,,,4944.0,219.0,-0.46,0.33,297.8582543940663,40.17033533491628,15.657087,10282.807887098032,3.0960045,0.069852284244341,0.026973432,-0.9939875047923667,0.8486532140477717,,
kic-005036892,2073671409513667200,5.25146,0.52756,1.02343,0.09289,2.0,1.0,,,4250.0,100.0,0.2,0.2,297.94194222880714,40.13486172776967,14.699695,24835.26951262888,7.194607,0.1100936799061299,0.01835701,-0.745476233969157,0.3751249158780431,,
kic-005036917,2073671409513671168,30.88271,3.53073,3.85626,0.05724,2.0,1.0,,,4701.0,142.0,-0.01,0.24,297.94651349554624,40.132974039861104,15.288463,14439.81505537935,4.6407433,0.128707808243387,0.021953357,0.18250429824493075,0.3831531965034232,,
kic-005042186,2073539536845069312,49.02953,1.396,5.37728,0.02941,2.0,2.0,,,4568.0,129.0,-0.41,0.24,298.98785830804957,40.14153063441371,15.286526,14465.599725076778,3.7068653,0.1550154586496426,0.024122642,0.7297474668533859,0.3464192324111638,,
kic-005079026,2103414745222138240,32.71617,1.37764,3.99219,0.0186,2.0,2.0,,,4740.0,141.0,-0.7,0.25,284.1891768633576,40.20373436610585,15.123385,16810.968781836935,3.8656,0.1356009743858436,0.018561093,0.5182614611050766,0.29990659954866217,,
kic-005089920,2101317426794760704,34.26335,1.26306,3.68089,0.03692,2.0,2.0,,,4616.0,130.0,0.1,0.23,288.93004750648413,40.29450653006555,14.865571,21316.62206367529,4.710014,0.140243619432382,0.018976737,0.33354896777748344,0.296533354165124,,
kic-005095171,2101127795399636608,50.07111,2.11816,5.31944,0.02589,2.0,2.0,,,4466.0,118.0,0.1,0.21,290.5260866676118,40.21336278115711,14.432249,31772.19060903338,5.706771,0.2500333835218946,0.014784069,1.1558013994664496,0.13447205108415797,,
kic-005095225,2101127829759386368,65.75429,1.76599,6.72729,0.02369,2.0,2.0,,,4602.0,147.0,-0.36,0.25,290.53974885790007,40.21515889101773,15.613658,10702.454255243358,3.147205,0.1312717488954401,0.025391102,0.9380767661832667,0.42191206088938665,,
kic-005097109,2053454306950903552,89.0545,2.17457,8.25465,0.05522,2.0,2.0,,,4912.0,169.0,-0.43,0.27,291.14562502145947,40.28416656737131,14.770611,23264.971214492805,4.6217146,0.1842699569429493,0.018426528,0.8314460817012375,0.2207891067869057,,
kic-005104967,2053275743691028864,19.48869,0.75505,2.70242,0.01756,2.0,2.0,,,4603.0,144.0,-0.46,0.25,293.4278038241579,40.25468484425063,15.634563,10498.354356020862,3.0669405,0.040307166420808,0.026403723,-1.6776280450209722,1.4233598640844527,,
kic-005109013,2076523572731329024,8.87982,0.75745,1.53127,0.06683,2.0,1.0,,,4650.0,146.0,-0.24,0.25,294.48674895060543,40.22712696705808,14.8491125,21642.21623151248,5.1060767,0.0307892543554348,0.018350897,-3.096437258323867,1.2955378127776103,,
kic-005109828,2076500040611199360,32.56627,1.33985,4.24923,0.02432,2.0,1.0,,,4666.0,117.0,-0.4,0.2,294.6874548170194,40.27639089656855,14.135832,41745.91824284647,6.351788,0.2164406170551098,0.01336121,0.42498020157328753,0.1461105328553771,,
kic-005110625,2076497669789412608,24.92187,0.83491,3.24184,0.0243,2.0,2.0,,,4643.0,113.0,-0.4,0.2,294.89292465239265,40.26731004367617,13.888474,52427.22217280971,8.164476,0.2314733689969886,0.013003385,0.2992119785809493,0.13673155495267933,,
kic-005111029,2076502651951562752,46.24462,1.44643,5.09072,0.02739,2.0,2.0,,,4546.0,144.0,-0.06,0.26,294.9960899209978,40.282813911225375,16.033495,7270.236657307119,3.2010894,0.171723219947096,0.032221355,1.7958729315209538,0.412100300402299,,
kic-005111887,2076489079855045760,31.29564,2.03064,4.22793,0.19197,2.0,1.0,,,4667.0,226.0,-0.73,0.3,295.19425897771265,40.27229575343893,16.837603,3466.6137741301372,1.9006526,0.0540924032445966,0.046480875,0.11573876919121062,1.8668224642134856,,
kic-005112103,2076488014703171328,60.2026,1.57505,6.10934,0.01387,2.0,2.0,,,4517.0,145.0,0.0,0.22,295.2387765446289,40.23977300704191,14.804156,22557.157426395537,5.207259,0.2088578236838869,0.017374067,1.015864126097508,0.18975998375806225,,
kic-005112156,2076488873696651264,40.57965,1.00408,4.55882,0.0173,2.0,2.0,,,4563.0,123.0,-0.21,0.22,295.24845815295413,40.259962519306114,15.40337,12989.689223263736,3.302013,0.105829676592473,0.021258159,0.13886172935202268,0.44004351312920165,,
kic-005112211,2076488117782408192,38.70371,2.7829,4.11938,0.04013,2.0,1.0,,,4762.0,111.0,0.4,0.21,295.2578159450156,40.25028381566579,14.423902,32017.40644828299,6.1198816,0.1600997059599392,0.014317631,0.05830905602652692,0.2027079535112945,,
kic-005115295,2076383110115038336,61.23384,1.81314,5.87263,0.08012,2.0,1.0,,,4802.0,116.0,-0.4,0.21,295.8688771262139,40.24506960472307,13.330836,87621.81228284497,10.90471,0.3822864063973653,0.011228377,0.8497442390769052,0.0868539476575063,,
kic-005121234,2073710648335665408,29.70571,1.76223,3.75169,0.0595,2.0,2.0,,,4500.0,103.0,0.5,0.2,297.1844976264015,40.24532558707763,14.440124,31542.58662105596,9.7413,0.2426851520139224,0.017036393,0.2511464717990428,0.22620586495919098,,
kic-005122815,2073686665237287424,30.23748,1.84681,3.8251,0.11141,2.0,1.0,,,4612.0,140.0,-0.32,0.24,297.5611844043982,40.29493768421579,15.401186,13015.849476594249,4.103753,0.1099870635462298,0.024116235,-0.3609698678158253,0.4978123224452832,,
kic-005122881,2073685806243822720,31.62609,1.61237,4.16664,0.07453,2.0,1.0,,,4525.0,116.0,-0.4,0.21,297.5761306718431,40.26769262495262,14.579957,27730.890817220006,7.5412197,0.2251146812624657,0.016477505,0.37311219165839304,0.215368798161268,,
kic-005125977,2073578603869568512,54.80656,1.91071,5.89726,0.04586,2.0,1.0,,,4422.0,124.0,-0.1,0.22,298.2352342796489,40.2261900542474,15.313421,14111.662254957791,4.160875,0.1688702564702379,0.02342277,0.40965811302449495,0.33929727474935256,,
kic-005126643,2073577435638117888,40.74253,2.09966,4.54333,0.16697,2.0,1.0,,,4660.0,138.0,-0.42,0.24,298.39965645871604,40.278197183759254,14.732818,24089.044531968873,5.6622066,0.1597392853955402,0.017220857,-0.0736576831928808,0.26469141774789023,,
kic-005129127,2073544244129752832,39.34239,1.76569,4.26827,0.04414,2.0,2.0,,,4554.0,137.0,-0.27,0.25,298.9238766543314,40.23995409879791,15.796728,9041.81331189374,2.9411752,0.081190528631161,0.026694166,-0.43083638534924873,0.7233506178399776,,
kic-005129462,2073540327119599488,8.39607,1.1947,1.43455,0.032,2.0,1.0,,,4470.0,125.0,-0.13,0.24,298.9880608364246,40.202008043182666,15.249894,14961.987160290762,4.0459714,0.0813126979840637,0.021335376,-0.804854120810413,0.5769603328486268,,
kic-005129761,2073541598429956608,9.84002,0.68686,1.62794,0.01981,2.0,2.0,,,4450.0,127.0,-0.2,0.22,299.0452172866111,40.217467874879205,15.498487,11900.126394877509,3.9672163,0.0942517571089585,0.023458643,-0.42937843384705765,0.5536045949515155,,
kic-005131234,2073534760841800832,38.72152,1.52713,4.0432,0.03435,2.0,2.0,,,4558.0,140.0,0.16,0.25,299.3137573705794,40.24844345002908,15.574262,11097.933096830664,3.425506,0.0821862674787908,0.024841392,-0.6510544245469045,0.6672044444568196,,
kic-005168632,2103373307378883200,32.97476,2.12819,4.30964,0.07916,2.0,1.0,,,4651.0,161.0,-1.9,0.4,285.3402613531814,40.33164019420169,15.194687,15742.43906097763,4.4554105,0.0550856897415522,0.022676826,-1.4149998297717943,0.8951652141747103,,
kic-005171257,2100711389727511424,29.4317,1.33804,4.00758,0.03876,2.0,1.0,,,4730.0,120.0,0.0,0.21,286.52955182753885,40.389340729995354,13.800121,56871.95242577699,7.6320043,0.2473466255774115,0.012256579,0.28221899718557353,0.12983927746448856,,
kic-005175569,2102056779643698560,32.95585,1.07618,3.87205,0.04378,2.0,2.0,,,4580.0,150.0,0.5,0.2,288.2808128264945,40.3345600551923,14.2533045,37464.93773091122,6.946589,0.1756811600958537,0.014234682,0.23471447691481373,0.17965723417138807,,
kic-005179093,2101274717639632128,55.58258,2.11886,5.82976,0.04919,2.0,2.0,,,4490.0,139.0,-0.29,0.24,289.4469204113715,40.37922907632672,15.917346,8091.117924315798,3.746221,0.0597734147502604,0.029771976,-0.46655125500320693,1.0823064590899527,,
kic-005181676,2101156966817360768,40.94406,1.18727,4.49,0.01675,2.0,2.0,,,4527.0,121.0,-0.01,0.22,290.1939616209512,40.312810984767715,15.283412,14507.144992506086,4.1910334,0.1313421849106953,0.024853297,0.5363307956266024,0.4140345364748118,,
kic-005182285,2101176654948146560,98.28656,2.34726,9.30148,0.03487,2.0,2.0,,,4655.0,129.0,-0.8,0.22,290.3578458341127,40.30663771529651,15.143102,16508.43862570978,4.039041,0.2200683966420168,0.020948673,1.5652312073351098,0.21125415304915166,,
kic-005184194,2101121571988656768,37.44307,2.15976,4.33835,0.093,2.0,1.0,,,4692.0,128.0,-0.22,0.24,290.9491149466813,40.34336744420232,13.704905,62084.738576306685,8.934204,0.2167818086094073,0.012033206,0.11858158629375382,0.1269879534061602,,
kic-005184778,2101492764540093440,33.50332,1.023,4.06871,0.02271,2.0,2.0,,,4676.0,112.0,-0.67,0.24,291.14384807938796,40.30263744368005,14.80527,22534.024985588556,5.1223044,0.1376763994520654,0.018428482,0.23312990832354075,0.2933942782303585,,
kic-005186164,2053458949814535040,31.81711,2.30857,4.06638,0.04772,2.0,2.0,,,4667.0,151.0,0.03,0.25,291.5455325804444,40.36083866122488,15.314567,14096.786769708777,3.98701,0.0879453332927394,0.02471576,-0.1339201981113689,0.6107906187240353,,
kic-005196302,2076540447664706560,128.23168,1.70672,11.25036,0.01825,2.0,2.0,,,4562.0,112.0,-0.4,0.2,294.40298304748137,40.39617966720948,13.53411,72661.22656104647,9.206099,0.555027013397551,0.011477327,1.9407998163321096,0.0651707264991093,,
kic-005197214,2076548316046369792,65.93568,1.85651,6.50676,0.05967,2.0,2.0,,,4399.0,117.0,-0.1,0.2,294.62848677354447,40.37306548326692,15.075563,17567.956750129593,3.7644281,0.214432091139909,0.019214787,1.2960231203822055,0.205277138863053,,
kic-005198716,2076503236067148160,12.34435,0.76516,1.83156,0.02326,2.0,2.0,,,4468.0,117.0,0.12,0.24,295.0113316143583,40.3214492520688,14.055323,44959.10525090736,10.33745,0.1081232311490149,0.016925946,-1.1868491064627484,0.3454949067475405,,
kic-005198845,2076505091493090176,207.01234,4.81791,15.77859,0.04177,2.0,1.0,,,4668.0,126.0,-0.1,0.21,295.0460684313172,40.39247169735876,14.543242,28684.674309575115,5.235629,0.3978634822109755,0.016060729,2.105923613050752,0.10936493807134189,,
kic-005200069,2076583530470706176,33.61748,2.52381,4.37071,0.3639,2.0,1.0,,,4603.0,290.0,-1.82,0.8700000000000001,295.3341558555015,40.38502887333801,16.446898,4968.073831343672,2.4183514,-0.0396432581477937,0.038355123,0.4447249338607797,0.3459601550289016,,
kic-005200085,2076582469622361216,116.16578,3.34553,10.17343,0.08012,2.0,1.0,,,4587.0,131.0,-0.09,0.23,295.3360505850377,40.32231395427481,15.525777,11604.760168448094,3.2846096,0.1774784216121191,0.023282347,1.480845599295753,0.2881799577765461,,
kic-005201003,2076402424598121856,36.27182,3.37128,4.4285,0.04107,2.0,1.0,,,4687.0,119.0,0.1,0.21,295.5328086350524,40.37746936860326,13.644955,65609.2043242668,9.125734,0.3179774490328798,0.011005708,0.7936126179852465,0.09283784403171094,,
kic-005202729,2076410396058046592,24.2476,1.14085,3.11597,0.02327,2.0,2.0,,,4476.0,120.0,-0.4,0.22,295.89926813454827,40.35819508331547,15.214124,15463.129159201158,4.2950287,0.099563219919034,0.0225197,-0.2798132850313966,0.4965006003435686,,
kic-005206605,2076724444062499072,28.08349,2.39616,3.58004,0.21154,2.0,1.0,,,4411.0,118.0,0.5,0.2,296.7140397829334,40.38457245151826,13.900671,51841.58339132966,7.9585886,0.2856590970835754,0.013565737,0.6470361154280297,0.13047261118797604,,
kic-005210785,2073687558590550144,70.072,2.50484,6.42442,0.01648,2.0,2.0,,,4665.0,115.0,-0.2,0.2,297.56970032254264,40.387809654933534,13.066823,111742.26241248815,18.00053,0.5048928098418238,0.010187459,0.6866197034670734,0.14139010999922177,,
kic-005210804,2073687558590551040,44.06428,1.60466,4.66706,0.01577,2.0,2.0,,,4541.0,119.0,-0.59,0.23,297.5737323904479,40.384057875269406,13.917346,51051.470449690496,25.829185,0.2881623082408815,0.086581334,0.31933264501966896,0.66614659577813,,
kic-005213915,2073769128609831808,7.60134,4.52285,1.17042,0.12336,2.0,1.0,,,4251.0,104.0,0.21,0.23,298.22176773179586,40.34730782151468,14.198153,39417.18844177022,9.795784,0.1295783996397281,0.0144859,-0.7962807199419668,0.2567349243764571,,
kic-005214764,2073586884566574720,59.36386,1.2189,5.91469,0.02013,2.0,2.0,,,4472.0,120.0,-0.01,0.23,298.3747931710231,40.3746886448429,14.577443,27795.179771413303,5.858237,0.2638308062364062,0.017229438,1.320746536567487,0.1519196625357007,,
kic-005215279,2073584307586240000,9.68998,1.03828,1.53629,0.02591,2.0,2.0,,,4500.0,100.0,0.4,0.2,298.4629402027781,40.39243856764865,14.453714,31150.202765861475,8.467183,0.1013567357318521,0.01618943,-1.0983413018099277,0.3576363829618612,,
kic-005216860,2073592416484835840,29.80201,4.56356,3.90521,0.08048,2.0,1.0,,,4499.0,106.0,0.3,0.22,298.7451813785834,40.32951756183706,13.831674,55243.01238081024,16.333187,0.4165439919354547,0.012244299,0.7915631564032761,0.18230243421658904,,
kic-005217820,2073546202634897280,37.46879,1.64317,4.19866,0.02736,2.0,2.0,,,4510.0,116.0,0.2,0.22,298.95652976134465,40.323330975449046,15.3343525,13842.215547973135,4.5260844,0.1536452143739138,0.022834597,0.4918564577494067,0.34302607381818007,,
kic-005218812,2073551940711376256,18.87723,3.76346,2.696,0.04189,2.0,1.0,,,4377.0,126.0,-0.37,0.25,299.1420942879223,40.38428098024497,15.337791,13798.450715882596,8.717242,0.2397758744188066,0.039948724,1.6070568406419987,0.3739158540886789,,
kic-005218867,2073548229859599232,24.56566,2.92951,3.01953,0.05918,2.0,1.0,,,4352.0,192.0,0.35,0.35,299.1534884336002,40.32031001572669,15.529814,11561.68431060239,3.7615132,0.1106473805772562,0.025341233,0.09553650958312687,0.5069083872550589,,
kic-005219199,2073548023701427840,25.49492,3.34765,3.04638,0.0569,2.0,2.0,,,4486.0,120.0,0.32,0.24,299.21753277544843,40.349414277896145,15.587198,10966.483992672942,3.655565,0.1505787284658372,0.025141371,0.8811864489689079,0.37337748000817184,,
kic-005220108,2073536788066460928,22.80967,2.15765,2.95762,0.07373,2.0,1.0,,,4401.0,148.0,0.07,0.27,299.420629698919,40.33064537549178,16.129644,6654.100677308349,2.7995481,0.0764517194130625,0.033175692,-0.2769540833687216,0.9503580581525536,,
kic-005220564,2075035456771985664,18.3869,1.90052,2.2967,0.03994,2.0,1.0,,,4480.0,102.0,0.3,0.2,299.503519319593,40.362975809223194,12.97241,121894.057434662,23.69996,0.3611569619968595,0.013622234,0.25223637456052295,0.11193636179616975,,
kic-005220733,2075035388052525696,19.09932,1.379,2.65069,0.02802,2.0,2.0,,,4493.0,125.0,-0.1,0.22,299.53973758959376,40.36721468983184,15.593616,10901.861926537083,3.7261703,0.1071110527259488,0.027475294,-0.1049685299007237,0.5713404654136075,,
kic-005221052,2075036861206152192,5.27364,0.60616,0.99934,0.03082,1.0,1.0,,,4260.0,104.0,0.01,0.23,299.592501179976,40.396821598964166,13.276526,92116.26860788435,24.75586,0.1741021226984481,0.011298046,-1.2703233008617527,0.18039514448914007,,
kic-005255124,2103421995127071360,45.2557,1.17949,5.15478,0.02429,2.0,2.0,,,4532.0,119.0,-0.59,0.24,284.4899391920194,40.429897687370634,14.359752,33966.130064214776,5.596086,0.2139033981630448,0.013982158,0.7686244439741365,0.14651825438555052,,
kic-005263681,2102061315129177344,17.93087,0.59016,2.44386,0.01479,2.0,2.0,,,4481.0,117.0,-0.3,0.21,288.2235176789522,40.46020097912923,14.863887,21349.702286633183,4.792303,0.0670335688188441,0.018033072,-1.2226456842474835,0.5850743575626717,,
kic-005268351,2101354157356228480,29.87296,2.22713,4.05161,0.08466,2.0,1.0,,,4669.0,131.0,-0.11,0.22,289.7740041162596,40.40880614416413,14.828308,22060.922830807183,4.5567346,0.1291798361721141,0.01734716,-0.003263968292472441,0.29733835604532693,,
kic-005268587,2101360307749395072,26.76138,3.68999,3.24069,0.20684,2.0,1.0,,,4743.0,132.0,-0.39,0.23,289.85352634628634,40.45280088293879,14.988329,19037.724376059057,4.99018,0.1171898088111885,0.018977769,-0.05476738678143889,0.35642186745403776,,
kic-005269047,2101172153822352512,42.5392,1.6953,4.72519,0.02822,2.0,2.0,,,4500.0,100.0,-0.1,0.2,289.98887285539,40.44441657482228,12.710555,155140.3526658538,22.151726,0.5429949493356576,0.010070067,1.0212099635699605,0.0677632912912189,,
kic-005273507,2053462866825233664,27.50223,1.37903,3.80987,0.04917,2.0,2.0,,,4676.0,155.0,-0.36,0.25,291.3514487239811,40.455976847759274,15.579902,11040.436458044423,3.66194,0.0712077033880058,0.026160358,-0.35123591271191046,0.7982871343865147,,
kic-005281816,2077291036145753728,24.99312,1.51348,3.41911,0.19104,2.0,1.0,,,4815.0,182.0,-0.31,0.28,293.7755013352943,40.422890881035826,15.635712,10487.259920542048,3.3836088,0.0815711502403125,0.025514498,0.023843738117031776,0.6796871523764905,,
kic-005283078,2076543540041024640,142.64681,3.47337,11.72126,0.05114,2.0,1.0,,,4482.0,113.0,0.0,0.21,294.1016980920848,40.42892437962374,14.180395,40067.15573087108,6.830561,0.4289431598408392,0.013825323,2.0517345443921897,0.08245822030936831,,
kic-005284600,2076552988969518720,58.73169,1.78423,6.06055,0.03132,2.0,2.0,,,4543.0,150.0,-0.07,0.26,294.5086629215093,40.49095632767305,16.166912,6429.574716566994,2.6607215,0.0720451254400378,0.03500064,0.04316782456119128,1.0567416767546591,,
kic-005284765,2076552679731890304,16.37682,0.64141,2.23183,0.02075,2.0,2.0,,,4466.0,128.0,0.36,0.25,294.553321816445,40.46784258428272,14.019709,46458.28422834205,8.69097,0.1875884297989785,0.013179957,-0.09869271137836222,0.16898840488606406,,
kic-005286230,2076509558259213440,41.4571,1.16667,4.69527,0.01521,2.0,2.0,,,4511.0,107.0,-0.2,0.21,294.9415736612331,40.49960680508087,13.367553,84708.26125936996,11.349349,0.4046370911032826,0.010865191,1.0395574630233675,0.07981170267916839,,
kic-005286517,2076505881767064192,5.28525,0.36858,0.91932,0.04526,2.0,1.0,,,4340.0,115.0,0.2,0.21,295.0129938848536,40.414244946484686,15.001316,18811.36369303723,5.128113,0.0581404058482462,0.01913066,-1.612282488680263,0.7174932941167643,,
kic-005287170,2076587451784383744,8.6091,0.36162,1.35992,0.02916,2.0,2.0,,,4465.0,115.0,-0.0,0.2,295.17944185623713,40.42473135831207,14.200052,39348.28916340051,7.7357817,0.0995007244620186,0.013849108,-1.1256975741096156,0.30590695887928127,,
kic-005289361,2076399022984132736,23.11678,1.37816,3.11241,0.0239,2.0,2.0,,,4590.0,206.0,-0.71,0.29,295.6744101714106,40.4050291356599,16.278498,5801.596025353702,2.7882771,0.0422201428635701,0.03683482,-1.0783354595879509,1.8958868333301053,,
kic-005295054,2073722880402686464,7.44675,0.41823,1.28533,0.023,2.0,2.0,,,4493.0,125.0,-0.2,0.23,296.90016712594814,40.414233612088445,15.906394,8173.143236038779,3.118038,0.0607632044557326,0.030300533,-0.8778290285228465,1.0879532031720947,,
kic-005296401,2073726007138963712,28.85118,2.01143,3.59954,0.09711,2.0,1.0,,,4671.0,186.0,-0.53,0.3,297.16560662904675,40.43185365606407,15.456266,12372.012828816723,3.9377398,0.0842960117633864,0.023952685,-0.7624548303299896,0.6299906934263299,,
kic-005296428,2073726007138963584,34.16846,2.14341,4.19102,0.0789,2.0,1.0,,,4632.0,130.0,-0.2,0.22,297.17030885213285,40.425982216498994,15.072605,17615.891708348976,4.703185,0.1396716554849793,0.02116184,-0.04960956489470014,0.35272282310323,,
kic-005298190,2073734871951801344,16.38443,0.99669,2.45274,0.04196,2.0,2.0,,,4571.0,111.0,-0.0,0.2,297.55518099166125,40.4308120618371,13.580779,69604.15453956887,11.959881,0.2980766777474507,0.0113836955,-0.016444919009851233,0.16732616535368752,,
kic-005299448,2073691372521756928,7.41933,0.44885,1.32178,0.0678,1.0,1.0,,,4510.0,102.0,0.1,0.2,297.7920965002926,40.42327178037749,13.524872,73282.11991471924,13.269585,0.2097886454938251,0.011334351,-0.7139740738974343,0.17301548123079957,,
kic-005300271,2073784624852395904,14.33876,0.89439,2.21674,0.01442,2.0,2.0,,,4491.0,112.0,-0.2,0.2,297.9728575617219,40.45708031180724,14.455477,31099.68463830064,5.869796,0.1221171199646455,0.014883049,-0.764623409470893,0.2822446862728454,,
kic-005300338,2073772495864001920,25.72584,1.40661,3.19131,0.01903,2.0,2.0,,,4507.0,117.0,-0.02,0.24,297.9840259481489,40.41027037104125,14.0874815,43646.99252228177,8.414813,0.219842769392013,0.013425856,0.04717279966271448,0.17398766948102382,,
kic-005301619,2073769987603360128,29.83136,1.32654,3.9965,0.09892,2.0,1.0,,,4827.0,122.0,-0.3,0.22,298.22610503191186,40.42011513453212,14.409867,32433.94199622028,5.9878497,0.1857255111361271,0.014700685,0.29401439849148403,0.18522270109384312,,
kic-005302833,2073587262523745792,51.43124,3.2691,5.38596,0.09374,2.0,2.0,,,4597.0,138.0,-0.23,0.25,298.4526142283733,40.42113068287263,15.030803,18307.361682277115,5.482551,0.0061478625311974,0.03496697,-0.6993362555236811,0.48765659671039074,,
kic-005303615,2073585200939269632,23.95177,0.93117,2.84713,0.02895,2.0,2.0,,,4490.0,111.0,0.2,0.2,298.58674676640413,40.4217379852672,13.515145,73941.55831089658,11.587367,0.2596270239871362,0.011627794,0.15090569219946026,0.11719667367451166,,
kic-005305625,2073594168831717504,28.24063,1.01872,3.82135,0.19397,2.0,1.0,,,5015.0,195.0,0.06,0.3,298.976795842746,40.444580870675466,16.397512,5199.266948736612,2.2382145,0.0155435035790573,0.03743161,0.48939196387481587,0.2571769715926998,,
kic-005306842,2073550566321910656,34.62651,1.225,4.17492,0.06228,2.0,2.0,,,4733.0,119.0,-0.1,0.2,299.2077720121775,40.408976223679495,13.676992,63701.51122213482,8.93835,0.2454244813878398,0.012005246,0.06948463040280828,0.13515103833354175,,
kic-005307201,2073551047358369920,36.59385,3.55249,4.24059,0.16297,2.0,1.0,,,4641.0,120.0,-0.1,0.21,299.27783584234527,40.47863085400498,14.376629,33442.22899598631,6.098358,0.1714927648120357,0.015558242,-0.009238768778800477,0.2139919871477659,,
kic-005309372,2075036521928592512,4.52805,0.44681,0.91623,0.05985,2.0,1.0,,,4316.0,119.0,0.19,0.23,299.683738522538,40.43082000719252,14.918176,20308.44285199511,6.599442,0.1264294347446257,0.024912875,-0.42844474218126827,0.44673189456004264,,
kic-005309815,2074292290000130432,31.61152,1.58248,3.76313,0.04785,2.0,2.0,,,4530.0,132.0,0.32,0.24,299.7721970285717,40.480111316482585,14.534975,28903.908175116263,6.827432,0.1790850136468454,0.01675251,0.12206644688451362,0.22718092151082148,,
kic-005343336,2103434433352471168,33.05316,1.3459,4.08756,0.04156,2.0,2.0,,,4711.0,117.0,0.1,0.2,284.7674645972001,40.51133325834398,13.533046,72732.48112458932,11.292611,0.2719469822288703,0.011731994,0.5116944115388833,0.09808464419478441,,
kic-005352783,2101335087700315264,25.14658,1.59235,3.32989,0.03905,2.0,2.0,,,4572.0,148.0,-1.39,0.32,288.7770920998172,40.51083533385531,15.760209,9351.111206289675,2.9923356,0.0561292728550975,0.026192848,-0.6876167274816218,1.0137391856860827,,
kic-005355646,2101359792351722240,28.38209,1.92939,3.88743,0.05265,2.0,1.0,,,4716.0,164.0,-0.51,0.27,289.68457093663557,40.55369386535369,15.751015,9430.632924364774,2.9900837,0.0942743215189816,0.027116762,0.4049876856990835,0.6254507765991199,,
kic-005358419,2101185932077654016,31.62439,1.60222,4.14662,0.04618,2.0,2.0,,,5124.0,188.0,-0.15,0.3,290.5190188457415,40.5633867983513,15.822272,8831.570725873891,3.001579,0.073876659733745,0.02871538,-0.10162933521983852,0.8449830348512677,,
kic-005360532,2101505924320078976,31.8854,0.84002,3.70405,0.01391,2.0,2.0,,,4448.0,119.0,0.2,0.2,291.2248783466765,40.59107628304164,14.814797,22337.14492670093,4.503038,0.1723933296906622,0.017558808,0.7067401003949563,0.22542777207974551,,
kic-005363805,2053523065085622144,28.13859,1.28426,3.9025,0.16452,2.0,1.0,,,4658.0,125.0,-0.4,0.21,292.21109753598296,40.57775750255061,15.012903,18611.67365043093,5.2001085,0.0992620976601408,0.018551288,-0.24539573260245895,0.40745394922648853,,
kic-005369645,2077293853644416512,40.87875,5.04723,4.52775,0.16758,2.0,1.0,,,4859.0,153.0,-0.16,0.25,293.8847434554594,40.56593544056991,14.35164,34220.84337636527,9.664965,0.1428127942722394,0.014916427,-0.09251880874647256,0.2291499303539901,,
kic-005369993,2077298835806530048,26.15581,2.00943,3.89956,0.07916,2.0,1.0,,,4797.0,186.0,-0.47,0.3,293.9788111715503,40.56372963237342,15.614917,10690.054778790329,3.759162,0.09377705039107,0.025582375,0.1847406536308256,0.5939799631064737,,
kic-005371052,2076545979582576000,124.97457,1.37694,11.18956,0.02832,2.0,2.0,,,4616.0,126.0,-0.89,0.23,294.24817185748964,40.5509260527742,14.131939,41895.85440806594,41.235634,-0.0920568632011238,0.10501327,0.21809733520889196,0.22203937240545846,,
kic-005371573,2076565633353180160,38.38995,0.72317,4.27576,0.02424,2.0,2.0,,,4454.0,114.0,-0.1,0.2,294.3817500690768,40.53986471429494,14.146739,41328.64157839696,7.26572,0.2595019308209841,0.014059588,0.8783395803684613,0.1281736552986743,,
kic-005375856,2076592433946657664,34.21948,1.64518,4.08922,0.0347,2.0,2.0,,,4777.0,141.0,-0.27,0.24,295.4566243803128,40.57564752873758,14.954544,19639.44204791523,5.0786815,0.166550114824173,0.021690274,0.6989446956782519,0.28800031155306066,,
kic-005376891,2076405207737145088,7.55756,0.51748,1.2649,0.04143,2.0,2.0,,,4322.0,114.0,-0.0,0.22,295.68362459950686,40.54519920608692,14.767745,23326.454830126266,6.1040025,0.0751082568345385,0.017735237,-1.2655837713135298,0.5164543529355134,,
kic-005380409,2076744578869491584,29.79926,1.37583,3.80163,0.06967,2.0,2.0,,,4790.0,162.0,-0.15,0.27,296.4680383929365,40.57449859661604,14.93363,20021.419762381534,5.0089636,0.1381689325673635,0.020577494,0.054363633727245286,0.3349467714701022,,
kic-005384520,2073739888473793920,8.80262,0.66384,1.38604,0.02129,2.0,2.0,,,4245.0,187.0,-0.06,0.6000000000000001,297.3743356118304,40.547237333291584,15.931482,7986.45198873707,3.1429594,0.0578340876813062,0.02843969,-1.565564906098981,1.0856876501815338,,
kic-005386397,2073696148525535744,28.09739,1.29535,3.46407,0.02332,2.0,2.0,,,4500.0,101.0,0.5,0.2,297.80907316675933,40.57690403937433,14.245137,37747.805864578586,10.196122,0.3219870324883276,0.014672204,0.5248057543640687,0.21327202948576005,,
kic-005387086,2073785140247811456,48.80365,2.00105,4.83754,0.01504,2.0,2.0,,,4624.0,128.0,0.19,0.22,297.99084686448066,40.51339240384645,14.603606,27133.398485785183,5.5352755,0.1731375247567952,0.016798595,0.06891404883080376,0.23721110927567032,,
kic-005388606,2073776962630411520,25.7901,1.19439,3.2007,0.01601,2.0,2.0,,,4573.0,139.0,-0.3,0.24,298.2958795498349,40.525256247113816,15.713025,9766.453291974944,3.0969028,0.0612315850890149,0.02656404,-0.8849726698939495,0.9454328021447596,,
kic-005389609,2073589289748358656,17.01839,0.69623,2.35687,0.02186,2.0,2.0,,,4495.0,108.0,-0.5,0.2,298.48086797663814,40.50511506489273,14.198384,39408.79687559038,8.47187,0.1854675970430817,0.014335605,0.031070644822904114,0.18437081397825017,,
kic-005390572,2073610214829760896,31.62609,2.08292,3.64573,0.06517,2.0,1.0,,,4720.0,149.0,-0.61,0.26,298.6573750674222,40.53146931834871,15.593195,10906.080513443552,3.8876078,0.0779313571560064,0.025602508,-0.5295621812489522,0.7186954808706904,,
kic-005391699,2073605335747120512,29.59787,1.37358,4.37188,0.17358,2.0,1.0,,,4767.0,165.0,0.05,0.27,298.8611210859458,40.58843673218978,15.132321,16673.17109446321,4.2925143,0.1286536186284769,0.020692851,0.04966945374264675,0.3618124491873596,,
kic-005392680,2073600697182077312,49.4602,1.15254,5.22956,0.02355,2.0,2.0,,,4601.0,114.0,-0.1,0.2,299.0327068643082,40.53233735466008,14.088413,43609.53531137662,7.0918736,0.2652654858661958,0.014247873,0.7708279505653337,0.1337174751383982,,
kic-005394182,2075052533562083328,51.73956,1.17251,5.30706,0.02023,2.0,2.0,,,4784.0,164.0,-0.39,0.26,299.30163202949734,40.51585850902284,14.76307,23427.11766060641,4.7862563,0.1834148766288374,0.018461103,0.5231460107965482,0.2339936548489241,,
kic-005394210,2075052533562097536,34.47262,1.90055,4.34872,0.08117,2.0,1.0,,,4904.0,165.0,-0.3,0.26,299.3068385607571,40.52701567859864,14.849841,21627.696083923107,4.599338,0.1134889728766154,0.018776765,-0.4324874519426736,0.3688608044308552,,
kic-005394564,2075052052525845760,43.64527,1.58957,4.63559,0.05698,2.0,1.0,,,4671.0,125.0,0.01,0.22,299.3767324818688,40.53507829503677,13.07657,110743.684375562,16.354765,0.3415398347349542,0.010945398,0.332009634953204,0.09304658454578894,,
kic-005395744,2075041126129311872,8.50968,0.40582,1.32046,0.02346,2.0,2.0,,,4472.0,109.0,0.4,0.2,299.5854735883804,40.55291443353437,13.340959,86808.6754894069,15.9348755,0.1460187995877086,0.0117987115,-1.3698723111990656,0.19280960677832207,,
kic-005395962,2075046829845936128,11.48374,0.83097,1.54753,0.02964,2.0,2.0,,,4492.0,106.0,0.2,0.2,299.6227458660375,40.55906202684246,13.373328,84258.8186568748,15.218553,0.1699891672598404,0.014096576,-1.0074409483288047,0.19701535673919143,,
kic-005397174,2074293698749612672,34.60776,2.18267,4.15878,0.06693,2.0,1.0,,,4705.0,157.0,-0.06,0.26,299.86127674795193,40.52063711786792,15.240538,15091.471894580933,3.910083,0.1024641091425172,0.022130873,-0.7239103197629966,0.49320888319341233,,
kic-005428241,2103617227159647232,50.54847,1.00722,5.43968,0.02554,2.0,2.0,,,4519.0,117.0,-0.3,0.21,284.2167539479342,40.627208237739005,14.476031,30516.468860775007,6.2294145,0.219400189686413,0.016277937,0.843113606151844,0.16894694654201842,,
kic-005430630,2103764802237213696,42.463,2.20128,4.89135,0.01731,2.0,2.0,,,4716.0,147.0,-0.33,0.24,285.40983782380374,40.64710711057681,13.808618,56428.65467782311,8.336431,0.2443823239131362,0.012393521,0.5309725597845691,0.11487559710036237,,
kic-005431443,2103780298479034496,25.33211,1.71485,3.1258,0.03893,2.0,2.0,,,4532.0,109.0,0.2,0.21,285.7891428748458,40.68453828650482,14.290178,36213.89515799901,6.1643133,0.1869983871312856,0.013711242,0.3587081145009403,0.16507996471508718,,
kic-005435641,2100633152604377088,92.91191,1.9789,8.66393,0.03017,2.0,2.0,,,4806.0,146.0,-0.33,0.25,287.55916484154756,40.63026160752985,14.33575,34725.38309610586,5.5529094,0.2712865391032674,0.013653446,1.2848968338340399,0.11407412025896903,,
kic-005436156,2100628067363182464,44.2969,1.09232,4.65782,0.03034,2.0,2.0,,,4847.0,179.0,-0.86,0.3,287.75828339977284,40.653828410512254,15.584061,10998.219327414008,3.2449315,0.0966914194246962,0.02370234,0.3414494847748486,0.5329087144442355,,
kic-005437357,2102075574420801280,43.86505,1.09856,5.11947,0.02959,2.0,2.0,,,4616.0,136.0,-0.63,0.25,288.2391112269495,40.61497668780247,15.056354,17881.553209846537,4.252619,0.159322534623839,0.020478994,0.8497456424747405,0.2810256217840546,,
kic-005437802,2102069389668820736,92.76252,4.1869,8.61965,0.06168,2.0,2.0,,,4738.0,157.0,-0.31,0.25,288.41896683375364,40.66014633038446,15.473879,12172.934739869524,3.609435,0.1856247279593801,0.022859242,1.5506205608050472,0.27038184550421135,,
kic-005438033,2102067671680843648,20.33865,1.10941,2.46815,0.04672,2.0,2.0,,,4877.0,203.0,-0.73,0.32,288.50973354584505,40.65155736790223,16.254433,5931.627407085554,2.833511,0.0481176648999551,0.03458301,-0.5520386753113709,1.5610179235637762,,
kic-005438890,2101340860136472832,43.88864,1.51391,5.09906,0.01752,2.0,2.0,,,4693.0,133.0,-0.79,0.23,288.81441785548395,40.685264731851355,14.397641,32801.24353478264,5.668872,0.1733882495749432,0.014149216,0.3505233350929622,0.18088780339032798,,
kic-005440939,2101374429600541824,30.23087,1.87001,3.77404,0.05323,2.0,1.0,,,4619.0,124.0,0.5,0.2,289.48501565398357,40.64453151764638,15.196517,15715.922776966168,3.8919935,0.1473952783533357,0.019900206,0.7967188818646562,0.29541875922471494,,
kic-005442825,2101386799106184832,36.13375,2.10742,3.99826,0.04025,2.0,1.0,,,4993.0,137.0,-0.41,0.23,290.0669288605049,40.66288530321321,14.401601,32681.826901137585,5.6763206,0.1159717219048628,0.015403796,-0.6399624592678403,0.29352681353290067,,
kic-005445300,2101515441967408512,76.12108,2.4233,7.09789,0.0161,2.0,2.0,,,4530.0,104.0,0.2,0.2,290.81830857977576,40.6238862753169,13.611915,67636.4736809377,7.918435,0.4112612867820147,0.011676672,1.4887313424513557,0.06816127960908812,,
kic-005450194,2053522103013080320,31.02388,1.43779,3.73733,0.01825,2.0,2.0,,,4406.0,122.0,0.01,0.23,292.3720137414002,40.66138242563051,14.656207,25850.190016729237,4.637139,0.1675395396416246,0.015131696,0.5587991969377981,0.19882859281342918,,
kic-005455870,2077299793580007296,15.36118,0.5398,2.13396,0.01568,2.0,2.0,,,4481.0,103.0,0.1,0.2,293.99020689664883,40.624369784572885,12.526402,183816.960449484,23.47313,0.3588519237083704,0.010594449,0.08298400163257114,0.07196657574336125,,
kic-005459082,2076558761405808768,22.20798,1.10427,3.08247,0.03541,2.0,2.0,,,4492.0,120.0,-0.5,0.22,294.8371308048817,40.61986081717758,15.179757,15960.411182557093,3.870369,0.0992009558901844,0.020729393,-0.17676610247229618,0.4566009054864227,,
kic-005459385,2076653113245942016,36.31796,1.04615,4.40031,0.03443,2.0,2.0,,,4413.0,125.0,-2.7,0.36,294.9167356243423,40.685887621301674,15.724535,9663.464446789114,3.0905583,0.0579105028448371,0.02607522,-0.8492239354932245,0.9794702073076407,,
kic-005460022,2076604700373381760,79.38863,1.51308,7.68043,0.02024,2.0,2.0,,,4525.0,120.0,-0.39,0.23,295.08740284577,40.65752001594425,14.516671,29395.32936566085,5.7635818,0.2820576782980358,0.016465118,1.3808150184529584,0.13945386525519365,,
kic-005460463,2076603360343618944,31.02938,3.18538,3.75899,0.06044,2.0,2.0,,,4578.0,120.0,0.49,0.22,295.201653418058,40.66780063330014,13.892375,52239.240716750755,8.464312,0.2637989136194034,0.012834607,0.5143080612421969,0.12822572995659,,
kic-005461778,2076597278669820928,31.09464,1.32904,4.1977,0.08065,2.0,1.0,,,4864.0,166.0,-0.5,0.27,295.5064164073178,40.683333651336,14.576916,27808.69140792519,5.3532267,0.1591306433949587,0.0167115,0.22236110704785794,0.23446440203647773,,
kic-005462289,2076593670897319424,19.1839,0.83868,2.5603,0.02277,2.0,2.0,,,4432.0,119.0,0.2,0.21,295.6177966508285,40.64674217598365,14.22108,38593.56228020087,8.368154,0.2147132011694213,0.016734196,0.3717201533533103,0.18564288838434945,,
kic-005467119,2076743135760280704,60.1982,1.92791,6.19575,0.06667,2.0,2.0,,,4627.0,156.0,-0.6,0.27,296.6771110373639,40.625664903816016,15.818855,8859.409209135736,3.0028107,0.1032777354639889,0.02884657,0.28334855612145304,0.6132791072662982,,
kic-005471078,2073745867068422272,19.57011,0.686,2.84879,0.02284,2.0,2.0,,,4410.0,124.0,-3.06,0.34,297.5610829814613,40.63295506504477,14.908584,20488.647378357648,5.55346,0.1723341044336523,0.018765781,0.19424093165828182,0.2719977273415465,,
kic-005472117,2073790122409802624,7.40671,0.42469,1.15437,0.03052,2.0,2.0,,,4266.0,117.0,0.0,0.22,297.8351213124263,40.6102694510505,15.321781,14003.41970783536,4.91343,0.0981289859673554,0.023441356,-0.9787555982470959,0.5520624158527655,,
kic-005472324,2073790775244950656,17.85975,1.36751,2.32867,0.02446,2.0,2.0,,,4546.0,146.0,-0.27,0.26,297.886441444715,40.68735294224509,15.978429,7648.4827375606255,2.7732956,0.0328464040910105,0.032132573,-2.674433456491885,2.1323472319759813,,
kic-005472973,2073788335703633920,36.64993,2.06838,4.25223,0.03591,2.0,1.0,,,4567.0,112.0,-0.1,0.2,298.0332020309715,40.6340858897189,13.569539,70328.47306518647,21.733635,0.2538718892723191,0.018388571,-0.2309222945957714,0.19999606599417186,,
kic-005474190,2073780810921175680,6.31251,0.683,1.07163,0.03056,2.0,1.0,,,4514.0,108.0,-0.0,0.2,298.28612394758017,40.616808251576984,13.636887,66098.57710764656,13.500309,0.1412737045443531,0.012243221,-1.3394543051492942,0.217473290050318,,
kic-005476516,2073612001536706688,9.29577,0.67899,1.46548,0.02523,2.0,2.0,,,4469.0,127.0,-0.08,0.24,298.7259010912056,40.61016290491275,15.305825,14210.739367719483,4.1653028,0.061580878472007,0.023602817,-1.2313775523947221,0.8354515286225028,,
kic-005477574,2073606229100439936,195.53466,13.54521,14.12261,0.06037,2.0,1.0,,,4480.0,116.0,-0.1,0.21,298.9207992165661,40.67497868078488,14.113553,42611.383064786576,6.43868,0.5059860917615461,0.014315321,2.295143509475965,0.07975956241841156,,
kic-005477877,2073604854710424576,14.90377,0.80981,2.11759,0.02262,2.0,2.0,,,4348.0,111.0,0.2,0.21,298.976046726408,40.61094001484883,14.075802,44119.034216743494,8.454494,0.1990896831602737,0.013893303,-0.03449420033291872,0.1766719279910169,,
kic-005478403,2073603686480026368,47.84669,1.52215,5.06395,0.02437,2.0,2.0,,,4624.0,136.0,-0.29,0.23,299.083450855149,40.642506945583925,15.236681,15145.174573387058,4.3419995,0.1234955630642345,0.02181808,0.06517619629211069,0.395095258627464,,
kic-005480535,2075053976671386880,11.57613,1.09524,1.78687,0.03541,2.0,1.0,,,4505.0,127.0,0.01,0.23,299.4820152779008,40.60316868061421,15.842494,8668.60207845527,3.6693769,0.0544009642014374,0.032726843,-1.1092345906935428,1.3097379019409379,,
kic-005480981,2075047894979213952,27.38393,2.64545,3.20012,0.07817,2.0,1.0,,,4650.0,175.0,0.16,0.28,299.5663475360199,40.605528113681935,16.129648,6654.075763558891,2.8772295,0.0767583861079729,0.036752008,-0.12292760059529861,1.0446688292999406,,
kic-005513661,2103620285176571008,40.59054,1.62572,4.77295,0.02602,2.0,2.0,,,4710.0,154.0,-0.58,0.26,284.24166258782736,40.73727153664006,15.720424,9700.1229157074,3.306371,0.0701888606151154,0.03204419,-0.33889422667054525,0.9923275095938812,,
kic-005516847,2103782531862047232,28.72928,1.91572,4.07591,0.19888,2.0,1.0,,,4804.0,169.0,-0.62,0.29,285.85315570312946,40.79027953980211,16.020796,7355.769952193428,2.715812,0.0765484216250865,0.030198729,0.17403961126849055,0.8575883971228918,,
kic-005521539,2102126873511121024,28.67417,1.36751,3.56428,0.15594,2.0,2.0,,,4553.0,131.0,-0.42,0.24,287.8588687491401,40.70200441209464,15.456569,12368.567792538224,3.359239,0.0690747524793736,0.023091614,-0.5163855069537924,0.7263662860234785,,
kic-005521980,2102127801223095424,83.21971,1.73955,7.86464,0.02995,2.0,2.0,,,4679.0,145.0,-0.13,0.25,288.02067673914803,40.75380629412499,14.687785,25109.1913678906,5.264126,0.2320123675978781,0.017590845,1.3700110849361877,0.16607502350086908,,
kic-005529471,2101205345329905536,25.33892,1.41843,3.24678,0.02912,2.0,2.0,,,4541.0,129.0,-0.44,0.25,290.4625006813464,40.79907406595815,14.341201,34551.45533872095,6.265451,0.1686708800954827,0.014111051,0.2584071631300091,0.1845854707822445,,
kic-005535927,2053530448127854848,28.96248,2.08255,3.97039,0.23539,2.0,1.0,,,4835.0,135.0,-0.39,0.23,292.53723310559405,40.78719547954437,13.428718,80068.12310723527,10.506101,0.2636997392973096,0.010882334,0.2920505260563999,0.09669742714405755,,
kic-005544332,2076656476199271296,52.83579,1.78265,5.66111,0.03723,2.0,2.0,,,4402.0,136.0,-0.3,0.24,294.86529773968056,40.74193586193805,16.332436,5520.424425722944,2.6416292,0.0663587649698588,0.037468214,0.15126828375146673,1.2268556218288702,,
kic-005544761,2076653903519989248,28.62822,1.39887,3.71302,0.02467,2.0,1.0,,,4630.0,141.0,-0.46,0.25,294.9812003031398,40.78213998070304,14.728365,24188.04359652017,5.614554,0.1630104564821464,0.018083142,0.474561529608966,0.24547366132382684,,
kic-005544984,2076654281477118464,36.58035,1.06315,4.59625,0.0367,2.0,2.0,,,4505.0,135.0,-2.75,0.42,295.03973106227056,40.73703296415325,15.178048,15985.54173169962,4.1528845,0.121339046021855,0.021787753,0.2831700924758387,0.39276204949496163,,
kic-005547540,2076618547348344832,28.28319,1.43301,3.58675,0.09212,2.0,1.0,,,4500.0,107.0,0.21,0.23,295.65471085372434,40.73273283261181,14.737682,23981.362235282733,5.9270453,0.1513130527299928,0.017739851,0.17685355335346742,0.26377543982786456,,
kic-005550230,2076797973904265344,52.19148,1.72402,5.5513,0.05233,2.0,2.0,,,4499.0,145.0,-0.18,0.26,296.2988278107036,40.79627263767284,16.32303,5568.452468584962,2.546065,0.0985031971488898,0.03888642,0.5394120020196098,0.8646066567324024,,
kic-005550769,2076796118478483584,59.77612,3.1926,5.328,0.03799,2.0,2.0,5550766.0,2.0767961184784835e+18,4898.0,113.0,-0.0,0.21,296.40485719829377,40.78939817010728,12.912774,128776.64961125288,16.44007,0.2963238074886356,0.014485946,-0.2854900527329036,0.13509859465077598,,
kic-005552550,2076752099344928256,36.70542,1.61514,4.20619,0.17455,2.0,1.0,,,4717.0,114.0,-0.3,0.21,296.7735073315126,40.79677283236241,12.638394,165801.72344829628,24.299252,0.4615172319535606,0.011562609,0.3053504301735188,0.11217316626982521,,
kic-005553172,2076739424908692992,106.64559,1.80383,9.51079,0.02374,2.0,1.0,,,4564.0,125.0,-0.2,0.22,296.8928698282342,40.73738205545267,15.070924,17643.188826041573,4.7371635,0.2854067604257476,0.022517685,1.7669269016889526,0.1922364459621754,,
kic-005559539,2073794005060707584,14.53006,0.58965,2.03453,0.02195,2.0,2.0,,,4541.0,124.0,-0.33,0.24,298.1963619365143,40.72289322205917,13.422156,80553.47984365528,20.232306,0.2394955336307857,0.01420915,-0.5775561331920542,0.18619679998169442,,
kic-005561139,2073804759659490688,11.63197,1.20069,1.59507,0.03183,2.0,2.0,,,4436.0,138.0,0.38,0.25,298.56316394094705,40.7923611804925,14.929577,20096.28663890678,4.8638797,0.0914306206116376,0.0197386,-0.9189478373714337,0.47894458150821934,,
kic-005561158,2073804484781566976,37.97813,2.38096,4.23055,0.02224,2.0,2.0,,,4663.0,130.0,-0.01,0.23,298.5675227865644,40.764543403984874,14.417163,32216.72698929963,5.8015203,0.1666567221497679,0.015285079,-0.07926279879870535,0.21889375278863873,,
kic-005561285,2073804450421847296,31.68942,1.36448,4.16099,0.04495,2.0,2.0,,,4913.0,171.0,-0.36,0.27,298.5907405505569,40.76321007343542,15.224346,15318.216163631523,3.9822476,0.0557698609537111,0.022885531,-1.552309772626817,0.8943386207727057,,
kic-005562896,2073618117569923584,19.96902,1.25458,2.53303,0.01605,2.0,2.0,,,4475.0,123.0,0.02,0.24,298.88773573247875,40.7253436545348,14.316579,35343.9516109328,20.463968,0.2101688105522772,0.041132968,0.5176531470361994,0.4294527282567843,,
kic-005565081,2075059298118895360,5.84378,2.79584,0.99276,0.05555,2.0,1.0,,,4482.0,125.0,-0.09,0.23,299.29998116134925,40.74808317217288,15.391373,13134.02435793918,4.568263,0.0495941847259954,0.025025552,-1.8096779981993407,1.1004516468444854,,
kic-005565519,2075065487183799168,37.80649,1.16545,4.19363,0.02025,1.0,2.0,,,4663.0,135.0,0.18,0.24,299.386387983551,40.782663409586625,13.444351,78923.50523773947,10.814382,0.310402997725091,0.012206066,0.5164349186491144,0.10329902392783905,,
kic-005566635,2075060711180375936,35.01287,2.44136,4.28961,0.10048,2.0,1.0,,,4975.0,167.0,0.11,0.27,299.59476826328415,40.73607092698695,15.067803,17693.980503341183,4.7228994,0.1402232321308918,0.022594055,0.002590155906995406,0.36986033924894546,,
kic-005597442,2104351391689409920,29.31465,1.82103,3.86425,0.32246,1.0,1.0,,,4932.0,148.0,-0.13,0.24,283.17300383648154,40.88809433368488,13.78389,57728.57097924159,8.051951,0.2194148354034263,0.011562007,0.19956075276742524,0.12245000611201307,,
kic-005606857,2100645247232544256,28.52709,1.18787,4.08342,0.11802,2.0,1.0,,,4893.0,181.0,-0.6,0.29,287.5070363276625,40.88067055942343,15.537731,11477.682604177677,3.3656185,0.1055983373089897,0.022930149,0.5106868058836778,0.47202808868355767,,
kic-005609053,2102084954629488512,21.4855,1.77727,2.83524,0.14922,2.0,1.0,,,4827.0,124.0,-0.22,0.26,288.3475404167843,40.81125230160337,15.069355,17668.702217119222,4.6081424,0.0621727360357836,0.020609323,-1.156417908780906,0.7203969651800867,,
kic-005617138,2101518534344549376,14.36811,0.78636,2.13615,0.02498,2.0,2.0,,,4468.0,137.0,-0.2,0.2,290.9194892266176,40.802270657751464,14.435409,31679.86376732294,6.0943294,0.1156050808247214,0.014850896,-0.4919223677358495,0.28130856696520457,,
kic-005629022,2076578827493105920,31.08142,3.64625,4.01639,0.16695,2.0,1.0,,,4783.0,169.0,-0.39,0.27,294.4621294933033,40.8409665228882,15.56797,11162.422636721956,3.2820027,0.0797930847973071,0.024954086,-0.23708451230591265,0.6807359315117149,,
kic-005630884,2076659057480776064,30.63368,3.27226,3.95399,0.08585,2.0,1.0,,,4777.0,127.0,-0.29,0.23,294.9704592148196,40.88241936921641,14.311319,35515.590667438475,6.306327,0.1619130695734436,0.0152149405,-0.05403865330419677,0.21319598556870517,,
kic-005633387,2076622979754750848,76.26554,1.91438,7.53697,0.03449,2.0,2.0,,,4627.0,145.0,-0.28,0.24,295.5846007519204,40.8555450009693,15.526948,11592.24686365088,3.1648734,0.1695102541939054,0.025081944,1.1884959234405699,0.3294209141206336,,
kic-005643742,2073844513877941248,34.06566,2.47689,4.17615,0.06272,2.0,1.0,,,4683.0,161.0,-0.38,0.25,297.81274219248905,40.89838199411448,15.91371,8118.256354121519,2.5717576,0.1125104719047645,0.028917506,0.4430267582340939,0.5686569466024702,,
kic-005645718,2073796513321763072,18.05726,0.73418,2.35834,0.01737,2.0,2.0,,,4261.0,110.0,0.2,0.2,298.2553979479252,40.84306448955041,14.493813,30020.752678794914,8.649631,0.2263277609122818,0.01912169,0.6135189588352397,0.20804085682524806,,
kic-005646894,2073808814108612480,26.19934,1.79128,3.49458,0.06663,2.0,2.0,,,4546.0,114.0,-0.0,0.22,298.50633915251456,40.85293266317114,14.67172,25483.49352523736,5.532067,0.1950975159438954,0.017142754,0.6627682863916249,0.20290603090662274,,
kic-005648905,2073620900708828928,39.05642,1.86634,4.41576,0.14068,2.0,1.0,,,4548.0,129.0,0.0,0.24,298.89311226052325,40.82719291345638,15.5358515,11497.57129616456,3.8133116,0.1147497929321975,0.02582496,0.2290710750434748,0.49706919611020645,,
kic-005649144,2073621446152624768,21.55716,1.69525,2.53808,0.0412,2.0,2.0,,,4745.0,154.0,-0.35,0.25,298.9430244155654,40.872196307557935,14.941556,19875.78329726347,5.938914,0.0557488641414559,0.020810602,-1.8843606630883656,0.8148892003805626,,
kic-005649308,2073620350953105152,11.9019,0.75388,1.78008,0.01709,2.0,2.0,,,4388.0,114.0,0.0,0.2,298.9771006671908,40.82840348851397,14.389816,33038.48254179732,8.146993,0.1582920217716247,0.01706462,-0.19682788526410278,0.24994527816017575,,
kic-005649439,2073608531203112192,22.44214,1.90074,2.94574,0.03317,2.0,2.0,,,4650.0,175.0,0.15,0.28,299.0046200759812,40.80057185391585,16.421093,5087.563204312892,2.7294009,-0.0142861986443758,0.042397298,-0.4571541418380747,0.6114929058670879,,
kic-005650671,2075107406066956416,24.45634,0.57271,2.95851,0.0273,2.0,2.0,,,4499.0,104.0,0.3,0.2,299.2392540906509,40.818012364957674,13.612242,67616.08685545133,11.175552,0.2919244795999295,0.012114305,0.33305459587200836,0.12794710884370508,,
kic-005693272,2102144500056399872,29.65019,1.81122,3.96113,0.09268,2.0,1.0,,,4901.0,163.0,-0.44,0.27,287.695414765857,40.92023352173684,13.467452,77261.99989596041,8.952088,0.2586290022143602,0.0098472005,0.36128692786725125,0.0865013635089593,,
kic-005694325,2102135978840926464,111.38354,1.8863,10.34913,0.02413,2.0,2.0,,,4915.0,127.0,-1.18,0.27,288.11432054724844,40.93856421076197,14.598703,27256.216996668172,5.1928315,0.266418721222488,0.016580967,1.5569755033332697,0.1375172303979201,,
kic-005694719,2102090039870788608,58.98523,1.10254,6.11344,0.01802,2.0,2.0,,,4754.0,128.0,-0.39,0.23,288.25483079049826,40.955869113223294,13.2441845,94901.45753054175,10.240406,0.3751389720071318,0.010640202,0.9213726121892627,0.06810433961079586,,
kic-005702671,2101576293064805888,70.44316,1.90794,7.00615,0.02475,2.0,2.0,,,4574.0,116.0,-0.1,0.2,290.8756951407251,40.975719798375216,14.592892,27402.48622659695,5.189092,0.2452155350506015,0.016055856,1.3226375101732994,0.14589225399496178,,
kic-005703334,2101526849401379968,27.63983,1.42458,3.70928,0.07551,2.0,1.0,,,4830.0,143.0,-0.06,0.25,291.10086815520685,40.9374376521369,14.51394,29469.376063090407,5.390956,0.1505947993427494,0.015968347,0.20921706303552057,0.23207987518146986,,
kic-005706887,2053584431579197440,23.35356,1.35797,3.35681,0.06214,2.0,1.0,,,4799.0,177.0,-0.52,0.29,292.26186990349123,40.964149196171014,14.794191,22765.129383933858,4.6937795,0.0971375116556763,0.01784556,-0.5110901057196457,0.4005818807231781,,
kic-005707801,2053559039732738560,75.29588,3.12273,7.41587,0.02331,2.0,2.0,,,4614.0,140.0,-0.38,0.24,292.5355473872654,40.99822004414737,15.614219,10696.93266241199,3.2646554,0.1525944657629128,0.026684342,1.2654753252783628,0.38182499088382826,,
kic-005708067,2053558043299686016,43.39339,1.32361,4.85291,0.03712,2.0,2.0,,,4587.0,153.0,-0.46,0.27,292.6152508760388,40.966485947108325,15.9239855,8041.784627694956,3.145433,0.0973543115031802,0.032349363,0.599323858679174,0.7226534899746948,,
kic-005709542,2053545708153767936,31.74582,0.9421,3.72106,0.02532,2.0,2.0,,,4395.0,123.0,-0.25,0.25,293.0675478746208,40.94290647833659,14.111521,42691.225572324336,53.821186,-0.0339840710769704,0.12826237,0.3077842834911344,0.6974469701825498,,
kic-005716992,2076661634461225216,6.84745,0.4783,0.94691,0.02917,2.0,1.0,,,4230.0,105.0,0.3,0.2,295.15668758802644,40.90088485108159,12.920183,127900.90500449858,28.51297,0.2730287498324308,0.012531366,-0.3589855102076758,0.12123780329765416,,
kic-005721921,2076812576793180032,36.39207,1.93933,4.23774,0.06578,2.0,2.0,,,4563.0,138.0,-0.42,0.25,296.2946524091144,40.94409356423277,15.644301,10404.615713945892,3.5897923,0.1160493560012695,0.024653815,0.4346394934838269,0.46818677246441515,,
kic-005721945,2076813367067204352,31.36681,1.55993,3.97437,0.04695,2.0,2.0,,,4622.0,133.0,0.21,0.23,296.3019084693971,40.99520356354392,14.304272,35746.8894838237,6.8541274,0.1910093507277507,0.01453469,0.22511318949954173,0.1805083127838872,,
kic-005722310,2076801031921156992,46.55952,4.41522,4.77735,0.04057,2.0,2.0,,,4742.0,150.0,-0.05,0.25,296.3821549179917,40.945847876183414,12.864565,134623.44856961482,19.85191,0.3803695313281676,0.0116680525,0.23271842698663114,0.10404845728936263,,
kic-005722874,2076803059145803008,50.29135,3.09901,5.14128,0.04231,1.0,2.0,,,4488.0,108.0,0.0,0.2,296.50055925303116,40.935118552091424,13.952287,49434.71813338639,7.5897245,0.283259253858901,0.019334342,0.6076675565954961,0.17383537450315054,,
kic-005723216,2076802475030291584,39.65167,2.29703,4.04522,0.01849,2.0,2.0,,,4590.0,102.0,-0.0,0.2,296.5730967984524,40.925249560194466,13.131179,105311.39304277816,14.885685,0.3412492779523466,0.009979202,0.2152193271927434,0.1078694069534185,,
kic-005723953,2076757223253430656,19.48922,1.15902,2.57478,0.02853,2.0,2.0,,,4513.0,124.0,-0.27,0.25,296.7302286292747,40.95784987128275,14.552866,28431.538017606956,6.4580655,0.1353045433175401,0.01602595,-0.6141064705674424,0.28532438190348247,,
kic-005726269,2076767599895038464,37.27601,2.35694,4.48646,0.07789,2.0,1.0,,,4790.0,146.0,-0.07,0.25,297.2234714094756,40.90068261207526,15.250749,14950.205041635383,3.94849,0.0971519609829896,0.022729274,-0.4901979192204653,0.5181143255982792,,
kic-005727391,2073765726997357568,65.9693,2.30593,6.58038,0.06793,2.0,2.0,,,4510.0,116.0,-0.1,0.2,297.4490812284293,40.93647651159108,14.3985195,32774.705616334504,6.20374,0.2578466256923413,0.014990272,0.849786784394011,0.15552249194050619,,
kic-005727836,2073856230548471296,11.20549,0.6624,1.70554,0.02862,2.0,2.0,,,4633.0,166.0,-0.3,0.26,297.5370657743335,40.90081272463891,16.60316,4302.120089894649,2.2056181,0.1186013053673915,0.04106508,1.3438457686040017,0.7577721736026699,,
kic-005728207,2073856711584915712,20.50126,1.10848,2.75895,0.01989,2.0,2.0,,,4510.0,131.0,-0.36,0.25,297.60712662298766,40.95475526379723,15.797435,9035.930639423,3.1310258,0.0007139059469977,0.027925517,0.1847677970504762,0.5788247884615099,,
kic-005730898,2073800842648885632,7.67433,0.56041,1.2624,0.0163,2.0,2.0,,,4337.0,108.0,0.0,0.2,298.17393173914417,40.926646997655425,12.993248,119576.985943163,27.719284,0.2713984986035316,0.014126259,-0.5169195709499323,0.15206520156121245,,
kic-005731125,2073824275991195136,30.94131,1.76906,3.91915,0.05287,2.0,2.0,,,4626.0,144.0,0.12,0.25,298.21978265472774,40.960809573699805,15.568398,11158.029347922367,3.5121648,0.0990551464192509,0.02601879,-0.1304215535039397,0.5793813236775156,,
kic-005731755,2073820633858538368,29.23862,0.87244,3.58394,0.02436,2.0,2.0,,,4483.0,109.0,-0.2,0.2,298.3457714985351,40.93707813566521,12.979465,121104.71606976308,20.187578,0.4285735724175601,0.01234326,0.6551599836348014,0.09587217532559068,,
kic-005732962,2073815308099284992,29.99513,3.26274,3.85466,0.04816,2.0,2.0,,,4574.0,116.0,0.2,0.2,298.5777191914078,40.947168264083984,14.373291,33545.18716855345,7.6808996,0.2169204849322425,0.015000469,0.5703618809760549,0.16681939230139894,,
kic-005735715,2075124238027689984,29.61109,2.4364,3.57387,0.1012,2.0,2.0,,,4540.0,156.0,-0.21,0.27,299.1298343491402,40.980096312182866,16.550303,4516.744512589863,2.3624656,0.101941748379405,0.04520867,0.8654154159444722,0.9691438545033378,,
kic-005737851,2075067445689384320,28.82658,1.71947,3.64716,0.08089,2.0,1.0,,,4577.0,131.0,0.17,0.25,299.5525259114965,40.92467490527453,14.478299,30452.79092445425,5.843098,0.193922847934198,0.015605712,0.21501727746964328,0.20397654311563282,,
kic-005773144,2103830291898702080,196.67499,3.83885,14.71925,0.02849,2.0,2.0,,,4542.0,107.0,0.2,0.2,285.3430641062672,41.07884585183197,13.760893,58964.35482610608,8.042586,0.5660719561841857,0.011562675,2.1861488125719504,0.0674882097203724,,
kic-005773152,2103830326258442240,57.50248,0.96686,5.86474,0.0265,2.0,2.0,,,4524.0,119.0,-0.0,0.2,285.3475456314839,41.077945713140906,14.01986,46451.79575481239,7.0475965,0.2824758371884179,0.012667118,0.9356641348615664,0.10986058996364544,,
kic-005773404,2103849945669100288,29.14502,1.21916,3.87709,0.07028,2.0,1.0,,,4729.0,118.0,-0.3,0.21,285.46885089148105,41.08171983471507,13.615146,67435.50957215569,9.821602,0.246508959089519,0.010745946,0.2594287508847106,0.10578943281607035,,
kic-005781826,2102103199651410944,31.89516,1.75086,4.16969,0.19215,2.0,1.0,,,4917.0,205.0,-0.57,0.32,288.9167723304371,41.07558252479266,15.705262,9836.529100140098,3.254393,0.0649411002384867,0.025365425,-0.4016909826541397,0.8485394051385485,,
kic-005785371,2101413118666671616,32.96808,2.835,3.95697,0.05827,2.0,2.0,,,4745.0,126.0,0.0,0.22,290.0358482050198,41.048976771904655,14.472261,30622.60190950955,5.7255287,0.1539859346615449,0.014599902,0.11900707801492061,0.21045009638946585,,
kic-005792138,2053585599810314624,27.67112,1.19908,3.40371,0.02769,2.0,1.0,,,4462.0,119.0,-0.1,0.2,292.2165396190708,41.03414495424872,14.756328,23573.04955702464,4.9563565,0.1298398216470542,0.017349696,0.0569299611531342,0.29290000699028435,,
kic-005792648,2053583641305323008,36.24643,1.47074,4.20345,0.04521,2.0,1.0,,,4632.0,110.0,-0.0,0.22,292.3616271875127,41.03508986198269,14.258837,37274.51662576936,7.0435534,0.1691816008711361,0.014372214,0.13416506052555377,0.18874940110387078,,
kic-005794305,2053562819303455872,22.20424,0.70733,2.75223,0.016,2.0,2.0,,,4605.0,113.0,0.0,0.2,292.89114479055456,41.07319056750081,14.48578,30243.68899525661,5.993019,0.1326384360239687,0.016627051,-0.2399754256706892,0.2769192598946616,,
kic-005802789,2076664039642968576,88.63943,2.53257,8.12713,0.04622,2.0,2.0,,,4519.0,125.0,0.19,0.23,295.25681786910275,41.0423668520657,15.684703,10024.568262124778,2.9134874,0.1627190346276488,0.025780173,1.2574628428772172,0.3516246494305838,,
kic-005802930,2076687576064268416,33.26672,1.1184,4.11506,0.04933,2.0,2.0,,,4718.0,114.0,0.0,0.2,295.2969839843194,41.07957848086317,13.283003,91568.43331481374,12.314281,0.3086263068149281,0.010515685,0.2699572966341748,0.10119063040016353,,
kic-005807026,2076814157341169152,31.72996,3.69329,4.20157,0.14285,2.0,1.0,,,4779.0,180.0,-0.3,0.28,296.23332816126737,41.0464779541805,16.0668,7050.617791468349,2.6946216,0.0274278876154658,0.030073779,0.42566561870575015,0.3251904494118386,,
kic-005811647,2076773166172769920,57.49662,3.08702,5.46873,0.23494,2.0,2.0,,,4715.0,126.0,-0.11,0.22,297.2529047125089,41.06390474884371,13.676118,63752.83376795829,9.692394,0.3394560042092484,0.011186047,0.7208796997127234,0.11605780540244669,,
kic-005811888,2076770554832689408,31.17467,1.70007,4.11533,0.03171,2.0,2.0,,,4665.0,135.0,-0.4,0.22,297.30020673775226,41.0578798873732,14.937454,19951.013978225135,5.0068207,0.1596336936200426,0.01840504,0.37175843409607445,0.26511150020880486,,
kic-005811976,2076769833278166784,40.75655,1.36372,4.75525,0.02504,2.0,2.0,,,4439.0,133.0,-0.54,0.25,297.31743599273454,41.013887278647374,15.845972,8640.88079198477,3.127527,0.0858212466225773,0.027301855,-0.06737228485428126,0.6962806598322304,,
kic-005816152,2073825341145816448,31.55351,2.06149,3.73638,0.02405,2.0,2.0,,,4460.0,128.0,0.2,0.22,298.19626747042923,41.018252333369986,15.750375,9436.193610295051,3.525505,0.0586585762404853,0.031087369,-1.1830586429317265,1.1566763640707942,,
kic-005816155,2073825409862572288,30.54451,1.22538,3.79503,0.02574,2.0,2.0,,,4633.0,157.0,-0.26,0.26,298.19728601718725,41.02947262802529,16.050365,7158.1489187584975,3.0447662,0.1203926288440397,0.035029475,0.6782732572963504,0.6424205673252419,,
kic-005816619,2073826371935283072,45.65152,2.28202,4.7158,0.02358,2.0,2.0,,,4534.0,114.0,0.0,0.21,298.30372872941774,41.043839540658,14.280388,36541.9318114963,6.5058756,0.242052599450641,0.015518897,0.49751038092197675,0.17459709950673266,,
kic-005816727,2073826509374253056,5.41661,1.01892,0.96959,0.11045,2.0,1.0,,,4490.0,100.0,0.3,0.2,298.3223192534535,41.071236168482194,13.215383,97452.70632531696,18.331148,0.1596850638687828,0.011308531,-1.4222786940829444,0.18240353370472112,,
kic-005819227,2073814066844050688,16.47468,1.13449,2.1745,0.01852,2.0,2.0,,,4421.0,154.0,0.09,0.28,298.7969949300714,41.041579368049064,16.215792,6146.529766102505,2.8916254,0.1103835674275118,0.035105567,0.72788775447777,0.6985904837657629,,
kic-005820185,2075126681880090240,57.45906,1.62823,5.69134,0.0216,1.0,2.0,,,4522.0,110.0,0.2,0.21,298.9872313384299,41.02872294506722,13.5919075,68894.39522273066,10.035082,0.4413557242365314,0.012638075,1.2345329396238025,0.10709692236457653,,
kic-005820230,2075128159348847616,33.0238,2.57305,4.31257,0.11996,2.0,1.0,,,4723.0,160.0,-0.4,0.26,298.9920878049977,41.03027826985816,14.896625,20715.566060407953,6.4158115,0.1522835128420714,0.021147536,0.13168465747351732,0.31824901875217765,,
kic-005820317,2075125135691875968,34.14277,3.20531,4.11379,0.24862,2.0,1.0,,,4944.0,158.0,-0.17,0.26,299.010292229075,41.0147122021669,15.222398,15345.732524538906,3.7765238,0.1328094540323216,0.021881297,0.16033818192725136,0.37194800821843976,,
kic-005823552,2075092390860336512,30.39199,2.90813,3.92559,0.06788,2.0,2.0,,,4585.0,132.0,-0.08,0.24,299.6290460036626,41.03199520100931,13.107397,107643.52558081236,15.1971245,0.4093248483744066,0.009541968,0.5864191696536132,0.10082599148876378,,
kic-005865320,2102142541551480064,64.15135,2.09283,6.42798,0.02591,2.0,2.0,,,4826.0,116.0,-0.3,0.22,288.10239725181026,41.130339142051234,13.470237,77064.07604796533,9.001165,0.3058648835775189,0.01736976,0.6798907000344308,0.1275775174602192,,
kic-005868755,2101449123374272640,30.62132,1.35907,3.73248,0.03135,2.0,2.0,,,4538.0,126.0,0.22,0.24,289.36293162226264,41.12743185917139,13.299307,90203.6085418824,11.701518,0.3242105998434569,0.010796954,0.5627838593016588,0.08444134330382616,,
kic-005869158,2101439335147364864,30.18668,1.32674,3.59007,0.29737,2.0,1.0,,,4711.0,172.0,-0.77,0.28,289.49412609091786,41.18806699489354,16.273043,5830.823926779736,2.6472542,0.0585479961008549,0.036047056,-0.08316963153230716,1.3372565154416287,,
kic-005871944,2101775579545546752,49.44497,0.89981,5.36596,0.02846,2.0,2.0,,,4583.0,128.0,-0.29,0.24,290.36240819509015,41.1461240432403,13.853365,54150.30386815463,6.91542,0.3070102228936637,0.012651689,1.046913208634784,0.09657959534773454,,
kic-005872138,2101777022654622976,35.75715,0.96485,4.16982,0.01353,2.0,2.0,,,4751.0,176.0,-0.34,0.27,290.4240519871559,41.18563987214876,15.641805,10428.574685337246,2.9396036,0.1009323623643063,0.025028905,0.4197412149651516,0.5396996442925212,,
kic-005877182,2053598862669297792,29.54824,1.30366,3.97937,0.21701,2.0,1.0,,,4850.0,167.0,-0.09,0.27,292.0949375117749,41.11598860948448,15.309119,14167.689196181072,4.0978074,0.1002028075043735,0.023724467,0.07130247318260707,0.5154098329387106,,
kic-005887430,2076668815646822528,29.04828,2.32207,3.75344,0.04996,2.0,2.0,,,4912.0,200.0,-0.58,0.32,295.07381189507765,41.1102254957277,15.514664,11724.149907201068,3.3557005,0.055920188011629,0.025446719,-1.2319248377384646,0.9908059665620566,,
kic-005891543,2077004544648543104,43.35486,2.37549,4.75229,0.0295,2.0,2.0,,,4559.0,131.0,-0.29,0.23,296.0779523190775,41.10394464613696,15.739097,9534.7255525627,3.193003,0.1238796137547831,0.02657879,0.7438858002427793,0.4709833002759042,,
kic-005893527,2076809484416998016,28.28732,1.37786,3.38983,0.02154,2.0,2.0,,,4504.0,108.0,0.0,0.2,296.52273402751507,41.12923791325934,13.218095,97209.49071563146,15.407357,0.3563913434432074,0.010400168,0.3721907560006006,0.11075087936093402,,
kic-005894168,2076832505442109568,17.72572,1.16296,2.35695,0.02265,2.0,2.0,,,4612.0,139.0,-0.01,0.23,296.67076244800387,41.16167535691519,15.414733,12854.45326487148,3.8981993,0.1044805572866335,0.02436317,-0.16829437279995219,0.5164704399105651,,
kic-005894452,2076831509009739008,19.19156,0.989,2.66032,0.01842,2.0,2.0,,,4475.0,135.0,-0.67,0.31,296.7390313115738,41.19445487906857,15.433529,12633.830235310774,4.02712,0.1184623836603246,0.023496252,0.0747833625426324,0.4442757282097786,,
kic-005894691,2076830645712673024,28.82841,1.87581,4.12034,0.13657,2.0,1.0,,,4778.0,188.0,-0.35,0.29,296.79968487306303,41.19807693327678,16.188023,6305.766881643082,2.421528,0.1338758084716568,0.032557037,1.094885559629864,0.5392083672929878,,
kic-005903140,2073819018951487872,7.49213,2.27079,1.29895,0.31677,2.0,1.0,,,4500.0,102.0,0.2,0.2,298.62536550213485,41.140587611381626,13.328477,87812.40957519646,20.683504,0.1943056987155785,0.0110663725,-1.0284080205671167,0.17225065176517135,,
kic-005903452,2073818503555123200,106.03951,3.29136,9.21633,0.03203,2.0,2.0,,,4651.0,118.0,-0.7,0.21,298.6913131216246,41.1360844354499,14.285741,36362.21892068216,5.931634,0.3264130975654392,0.014450368,1.2732605056351627,0.12978729665462233,,
kic-005904173,2075315900952141184,21.80859,1.37355,2.70157,0.01563,2.0,2.0,,,4583.0,146.0,-0.26,0.25,298.8406217735439,41.12292386268473,15.994741,7534.427980711629,2.891763,0.0544837211131067,0.029814767,-1.1959027615025217,1.1954574462309326,,
kic-005904692,2075317447140413184,8.26072,1.50659,1.37352,0.18097,2.0,1.0,,,4472.0,107.0,0.2,0.2,298.9405608846796,41.16969143670398,12.328133,220644.7756271357,36.012295,0.3532390454187369,0.008967159,-0.5128418660856031,0.10316071068838144,,
kic-005905184,2075129121421674880,30.97569,1.99833,3.94605,0.07733,2.0,1.0,,,4636.0,120.0,-0.0,0.21,299.0349036298867,41.13877254176305,14.642741,26172.804267310858,5.435351,0.1545040995818549,0.016852317,0.006122658548555648,0.25239168250556193,,
kic-005905702,2075135237455277440,62.44407,2.90348,6.52683,0.02881,2.0,2.0,,,4427.0,124.0,0.01,0.23,299.1338730629284,41.18079836060181,15.015274,18571.074799874652,4.762699,0.2218470087286755,0.01943616,1.0188939133789958,0.21925621226827235,,
kic-005905817,2075131560963235840,29.84062,1.85882,3.59932,0.17384,2.0,1.0,,,4512.0,111.0,0.4,0.21,299.16032080634017,41.11493019574969,14.191607,39655.537102394854,8.622139,0.1585496987216585,0.022190826,-0.5099922684011879,0.32166799127836576,,
kic-005905871,2075131560963247104,75.90868,1.99277,7.66334,0.03011,1.0,2.0,,,4525.0,110.0,-0.3,0.21,299.1731889161047,41.109734207765875,13.710837,61746.41907938254,9.19021,0.4435991062127024,0.012652039,1.5098015283544495,0.09007052283236645,,
kic-005906157,2075131045567264128,41.96498,2.62003,4.45283,0.13856,1.0,1.0,,,4594.0,117.0,0.0,0.22,299.23719951158074,41.118214790947775,14.084017,43786.4979867329,8.589553,0.2020285635449319,0.015433173,0.19931369499814267,0.17700703834965265,,
kic-005906641,2075121253042001920,156.37728,2.53283,12.99774,0.03952,1.0,2.0,,,4486.0,113.0,-0.6,0.22,299.3417293152541,41.16377973643241,13.991403,47685.44714367315,10.285664,0.6274401004738757,0.0146718025,2.179951646972601,0.13020602872261333,,
kic-005907351,2075140288337417600,33.51887,2.83172,4.19551,0.0539,2.0,2.0,,,4617.0,111.0,0.2,0.2,299.4854401241594,41.10988172180269,13.991138,47697.02468678616,8.340126,0.2934787788516595,0.01289742,0.7234815391100131,0.13174598121681083,,
kic-005942097,2104028478868992640,189.65263,8.10732,14.42802,0.0481,2.0,2.0,,,4921.0,158.0,-0.27,0.25,284.8775188527602,41.20598447815376,14.074932,44154.39419543661,6.6554914,0.4132313484118336,0.013027926,1.9379039100479005,0.07586844802280127,,
kic-005949547,2102167486721631744,32.99275,1.4534,4.13196,0.09303,2.0,2.0,,,4753.0,121.0,-0.2,0.22,288.29498396945036,41.25628546947661,13.588514,69110.03382679759,9.8348255,0.2603798174332161,0.012252634,0.3516698024548255,0.11257067715491276,,
kic-005954349,2101466032663801344,63.6606,2.13395,6.53533,0.02406,2.0,2.0,,,4643.0,150.0,-0.39,0.24,289.88510859956824,41.26720605040974,15.865532,8486.606316078625,3.1015067,0.1182911973891299,0.028704748,0.7700837268163276,0.5314359730209846,,
kic-005960300,2101640133457684736,10.0955,0.58975,1.52726,0.01577,2.0,2.0,,,4582.0,108.0,-0.1,0.2,291.82110294216864,41.28498642731371,12.91937,127996.73294552328,22.61124,0.2379111988715064,0.013836568,-0.3438851672415115,0.12815744955495623,,
kic-005960977,2053603810471682304,8.96192,0.73647,1.45107,0.03074,2.0,2.0,,,4636.0,156.0,-0.33,0.25,292.04876182792844,41.26271880621346,16.231073,6060.626259939789,2.78115,-0.0069334191605127,0.033473715,0.5418240954141602,0.27143532180324015,,
kic-005962303,2053613980954525952,234.15056,9.0526,19.05973,0.08418,1.0,1.0,,,4975.0,121.0,-1.42,0.28,292.47448810995235,41.29027953336408,14.014358,46687.8403777355,8.1033535,0.5401902252960897,0.013398998,2.4590972150548467,0.0630107244856943,,
kic-005966712,2077396829782156544,28.75221,1.46055,4.06982,0.07916,2.0,1.0,,,4644.0,134.0,-0.49,0.23,293.78992258338155,41.23335681916017,14.840204,21820.51155928395,5.3284698,0.166011917349858,0.018837554,0.6744627372319165,0.24961963694520348,,
kic-005976514,2076825530414925696,11.97195,0.65325,1.78851,0.0206,2.0,2.0,,,4609.0,136.0,-0.09,0.24,296.2492781498618,41.265185939050774,15.483195,12068.92102483382,3.4643297,0.0892851827094884,0.023988055,-0.17467522631854848,0.5866652563678564,,
kic-005977549,2076823228312525568,36.50317,0.95892,4.3182,0.02683,2.0,2.0,,,4744.0,151.0,-0.46,0.25,296.4781631679053,41.27233753823254,14.502096,29792.598440586265,5.8494287,0.146590254474645,0.015692137,-0.20025368644641262,0.24580987574672614,,
kic-005978273,2076834189069317248,38.45293,1.98664,3.6505,0.43623,2.0,1.0,,,4697.0,148.0,-0.13,0.25,296.6448457427473,41.25846789528633,13.654803,65016.76175101846,9.731953,0.2525655545826943,0.012214108,0.06113362380105691,0.13884512965020865,,
kic-005978458,2076834876264098176,36.52916,2.62786,4.04474,0.04707,2.0,2.0,,,4647.0,115.0,0.4,0.2,296.68344447208943,41.256625797849864,13.54138,72176.29583789894,10.377414,0.2952731951217333,0.011531861,0.09318740690967076,0.1468586206992691,,
kic-005978523,2076834807544627456,51.86816,0.93117,5.45138,0.09451,2.0,1.0,,,4483.0,117.0,-0.1,0.21,296.7023470086097,41.2483250227161,14.664655,25649.86018131358,5.788253,0.2666427654461112,0.016858967,0.9949913137229274,0.1822781159775131,,
kic-005979286,2076830924894247168,27.33931,1.52257,3.8325,0.13935,2.0,1.0,,,4707.0,153.0,-0.44,0.25,296.87615313261216,41.22616449039746,14.891552,20812.575533911982,4.9096265,0.1761111525655131,0.017628916,0.29695192724152975,0.2500161179017557,,
kic-005980348,2076787562903130880,29.62754,2.59193,3.86289,0.06257,1.0,1.0,,,4595.0,143.0,-0.34,0.28,297.1032835674886,41.21350774873204,16.578724,4400.044009748475,2.3473115,0.1317180117166078,0.04458477,1.3776371213086112,0.7447290484331286,,
kic-005981002,2076881227548304512,44.07686,1.25857,5.08593,0.04488,2.0,2.0,,,4493.0,129.0,-0.47,0.25,297.2497676674091,41.29133329292555,15.724133,9667.048993905206,3.707418,0.1534528923129551,0.028832138,0.6609228294187908,0.4343397005332628,,
kic-005981669,2076868273926997248,31.66545,2.29203,3.93291,0.03385,2.0,2.0,,,4648.0,147.0,0.43,0.25,297.3801657245447,41.21297675335791,15.152463,16366.718584118244,4.7486925,0.1438351545217541,0.021387903,0.3120266445733577,0.336426705959002,,
kic-005981670,2076868170847777664,143.87414,2.89832,12.02106,0.03558,1.0,2.0,,,4580.0,141.0,-0.45,0.26,297.38030071626906,41.206013697232926,14.382331,33267.06100690989,23.969946,0.2526191428064769,0.050361183,0.7649007090802424,0.44308397057953824,,
kic-005988836,2075318134335190400,43.68692,1.85275,4.55598,0.05106,2.0,2.0,,,4569.0,127.0,-0.11,0.24,298.93805243004283,41.21717995208662,13.588976,69080.63490758643,10.339349,0.3219008849168116,0.011311149,0.5462684744415256,0.11586867321367995,,
kic-005991105,2075156918450823808,69.91339,2.94398,7.105,0.0286,2.0,2.0,,,4474.0,118.0,-0.0,0.2,299.3810428583445,41.281408378766706,14.777136,23125.574816770295,5.682597,0.3044096455658885,0.018312804,1.5162232722995892,0.16557180527612522,,
kic-005991980,2075146507450293376,22.44839,1.36498,2.88373,0.03235,2.0,2.0,,,4651.0,171.0,-0.15,0.27,299.55803658820827,41.294939152596065,16.362774,5368.307908609838,2.3098376,0.091129526056918,0.03679394,0.19220565360696718,0.8887048667920561,,
kic-006021195,2104466943489391488,31.66193,3.4419,4.00188,0.13953,2.0,1.0,,,4909.0,171.0,-0.14,0.27,283.19298771293245,41.338951105455855,16.094467,6873.216502751753,2.9222832,0.0447579077652793,0.031925417,-0.8691785070190257,1.5492371224160673,,
kic-006024736,2104036312889389312,50.19239,1.2459,5.52839,0.02187,2.0,2.0,,,4550.0,139.0,-0.35,0.25,284.94418918085,41.3650097353578,15.519113,11676.204350114953,3.414445,0.1612441627151078,0.024023293,1.338538615424401,0.32516973188887394,,
kic-006029300,2100903598105151616,21.46976,0.56562,2.8824,0.01626,2.0,2.0,,,4659.0,128.0,-0.41,0.22,287.1156293460991,41.31275133102746,14.4891405,30150.21734220808,6.6106405,0.139666210506613,0.015833499,-0.0760619401671292,0.2500038206712498,,
kic-006029305,2100903529385671424,37.57315,0.96043,4.40622,0.01736,2.0,2.0,,,4546.0,112.0,-0.4,0.21,287.11618678953585,41.30303510932785,14.005261,47080.62659923952,7.6871543,0.2709706686836981,0.013030121,0.8792132260660548,0.11315594976841135,,
kic-006031948,2102167795959291008,35.99506,1.29396,4.01047,0.01632,2.0,2.0,,,4478.0,117.0,0.5,0.21,288.2847417398148,41.30034047001156,14.386763,33131.5416901511,8.476945,0.223185242159224,0.016696142,0.790987982790309,0.17022212762827485,,
kic-006032761,2102172262725453056,28.57466,1.90906,3.42426,0.02409,2.0,1.0,,,4897.0,159.0,-0.36,0.25,288.6020153570082,41.39311035347064,14.095383,43330.49676975185,6.6363688,0.1547436087228646,0.012966712,-0.17454778855313435,0.18487299153662226,,
kic-006035262,2101476615463541760,37.73597,1.78244,4.37386,0.07169,2.0,1.0,,,4833.0,145.0,-0.17,0.25,289.4921731208937,41.37011118890517,13.803637,56688.15378810546,7.984443,0.2094515285388202,0.012184058,0.26372507593906747,0.12818460219889832,,
kic-006036003,2101464555194994560,108.24358,2.844,10.03365,0.02966,2.0,2.0,,,4540.0,118.0,-0.72,0.24,289.73613087657753,41.33033495196204,14.847532,21673.737672823416,4.522707,0.2631814181804738,0.017995378,1.6823705240522937,0.15376219590282558,,
kic-006038675,2101784100760890240,43.89275,1.70597,4.90631,0.03202,2.0,2.0,,,4916.0,180.0,-0.19,0.28,290.5639223847108,41.32126179637279,15.706385,9826.365958160402,2.9056876,0.1125313736938753,0.025401898,0.7932019084147548,0.49082960704600165,,
kic-006041875,2101652296805015936,26.65726,3.74101,3.82289,0.15603,2.0,1.0,,,4899.0,161.0,-0.36,0.26,291.6456656388663,41.34643986451599,15.502439,11856.906968871772,3.5740526,0.0843199137739999,0.024319846,-0.037461424930086196,0.6268199598473146,,
kic-006042430,2101640442695347968,40.0458,5.07529,4.53272,0.03973,1.0,1.0,,,4740.0,181.0,-0.48,0.29,291.82014606226824,41.32948795103877,16.269001,5852.563327647654,2.5179083,0.0572671811122705,0.03607511,-0.20790755926972793,1.3684895313615455,,
kic-006043076,2101642504279504384,10.87242,0.56508,1.67499,0.02295,2.0,2.0,,,4965.0,169.0,-0.12,0.27,292.03772633892333,41.317991941447026,16.018507,7371.294442022773,2.6388166,0.0098565929332336,0.029204067,0.40724712231826743,0.30521868627026044,,
kic-006044881,2053619856469918592,37.84367,1.0958,4.48278,0.02858,2.0,2.0,,,4793.0,144.0,-0.62,0.26,292.58085123108805,41.373213462707106,14.815786,22316.81069673426,5.014099,0.1541400248177472,0.017893119,0.4647039336497407,0.2558149969516671,,
kic-006046149,2077585980138890624,29.97186,2.61905,3.45005,0.35299,2.0,1.0,,,4948.0,193.0,-0.43,0.3,292.9661330715141,41.337162646785416,15.6138115,10700.948429011924,3.288351,0.0660785620749553,0.025212461,-0.6734311964234774,0.830568299758027,,
kic-006046327,2077586147634524032,30.92811,1.2087,3.66508,0.03616,2.0,2.0,,,4684.0,111.0,0.5,0.2,293.0251110946386,41.354724681257274,13.169942,101617.82961181938,12.640174,0.322046950721472,0.009615175,0.4188787679014858,0.07812889836493264,,
kic-006047235,2077580242055873280,31.64183,1.56079,4.22904,0.06666,2.0,1.0,,,4877.0,202.0,-0.46,0.31,293.31201188969544,41.380968978878165,16.350447,5429.601663405503,2.221874,0.0319813624210809,0.032484382,0.7062087068290701,0.5915041047933922,,
kic-006048473,2077413494255280256,22.05698,1.9575,3.04073,0.45513,2.0,1.0,,,4591.0,147.0,-0.38,0.25,293.6744808525313,41.387076747503755,15.808454,8944.688798773726,3.1684213,0.0243349370218881,0.028063918,0.45512487793350154,0.2545205476295296,,
kic-006049430,2077405277973950208,29.13629,1.58607,3.49392,0.02024,2.0,2.0,,,4539.0,137.0,-0.32,0.25,293.95142095312093,41.39850494170239,15.885042,8335.462574183834,2.695525,0.0726924770666336,0.027586106,-0.025505051343920115,0.8247017815203713,,
kic-006050030,2077403083254789888,43.74731,1.88195,5.13876,0.03327,2.0,2.0,,,4715.0,131.0,-0.5,0.22,294.1164261893659,41.39864760516093,14.586729,27558.46947492498,4.7713346,0.1986229322990013,0.015389156,0.786216756546251,0.17380149532024608,,
kic-006057622,2077018288544071040,30.07206,1.41792,3.61514,0.32721,2.0,1.0,,,4780.0,161.0,-0.38,0.26,296.0794407782218,41.393643210208246,15.91608,8100.552169153912,2.8798444,0.0605763196710723,0.028611228,-0.656837531576933,1.0281943995822425,,
kic-006057879,2077014131015719808,65.13291,6.06199,6.36066,0.71902,2.0,1.0,,,4521.0,144.0,-0.3,0.2,296.1327096289455,41.32125029469106,14.654655,25887.17583717176,6.4110427,0.2674796658045691,0.017331494,1.282455278409513,0.16005764712254955,,
kic-006058215,2077013581259964160,33.30304,2.26072,4.10976,0.04393,2.0,2.0,,,4570.0,105.0,0.0,0.2,296.2126448059444,41.33554542838942,13.780584,57904.61040312137,8.541845,0.2836831859909337,0.011757759,0.5845415660666298,0.11342612633013378,,
kic-006060691,2076841438974197120,28.64612,1.64111,3.16171,0.1935,2.0,1.0,,,4686.0,127.0,-0.4,0.21,296.79236331164714,41.35397701477364,14.8303175,22020.12974875819,5.050437,0.1386570675379625,0.01846376,-0.04129082317728461,0.30201787458247753,,
kic-006061045,2076838655835416832,32.26285,1.29318,4.07373,0.19339,2.0,1.0,,,4673.0,148.0,-0.57,0.26,296.8723823683736,41.35523154657107,14.465308,30819.361466365994,5.792945,0.1867151012180237,0.015874391,0.28833004181040245,0.2011778519488974,,
kic-006062241,2076791342474442880,30.06371,2.19169,3.74134,0.04166,2.0,2.0,,,4494.0,139.0,0.14,0.26,297.12883350844095,41.324110917995725,16.518719,4650.065722423118,2.5174952,-0.0307329958876553,0.041676555,0.6473324719848641,0.32866062854063677,,
kic-006063747,2076870713468581504,50.83312,1.97507,5.33436,0.02875,2.0,2.0,,,4478.0,126.0,0.3,0.23,297.4705996019533,41.33164645960829,14.543525,28677.20103047073,5.8829865,0.2918995433809113,0.015936682,0.8523849158188792,0.1932377665046023,,
kic-006067272,2073883065505477632,30.53159,1.8039,4.15345,0.03631,2.0,2.0,,,4568.0,137.0,-0.33,0.25,298.32583216088125,41.36263082566259,15.288739,14436.134140719294,4.4250264,0.1413250796233445,0.021171432,-0.02591516640800151,0.3624594429121713,,
kic-006067681,2073884096297408512,47.56126,3.50992,4.89685,0.08058,2.0,2.0,,,4479.0,110.0,0.21,0.23,298.4376683533283,41.39780452008239,13.780073,57931.85570817616,10.633135,0.4328509636065212,0.011689299,0.9929010388960595,0.15671485634802693,,
kic-006070451,2075324868844380288,41.02515,1.43778,4.73324,0.01775,2.0,2.0,,,4526.0,119.0,-0.3,0.22,299.0407101434938,41.3450778472545,15.087701,17372.661842754955,3.8543036,0.1947969051030847,0.019204563,0.7605200321689018,0.24361378239045123,,
kic-006071309,2075162244210187264,22.33168,4.25061,2.68174,0.08391,2.0,1.0,,,4529.0,142.0,0.16,0.26,299.20641845472386,41.38694511984828,16.094814,6871.016719974713,2.7347562,0.1042639066666587,0.032646205,0.4588359943671687,0.6885939185275738,,
kic-006107277,2103861245724818048,18.11754,0.66332,2.46903,0.0293,2.0,2.0,,,4537.0,110.0,-0.0,0.21,285.8108992876956,41.40151679559265,12.467491,194066.41224056252,32.44249,0.3671814455601181,0.008871365,0.09812182869710995,0.05997804149660946,,
kic-006114102,2102218820170357248,7.37537,0.62831,1.3265,0.09688,2.0,1.0,,,4490.0,101.0,0.2,0.2,288.7586273684978,41.420499163096366,13.526385,73180.00647425714,14.8135605,0.1388788486849703,0.010604027,-0.9784288543343287,0.1689955439511663,,
kic-006115523,2102208958925269248,5.78408,0.45684,1.03391,0.01713,2.0,2.0,,,4443.0,121.0,0.19,0.23,289.2522332006463,41.48270623062668,14.030474,45999.94616030923,8.453353,0.1090336740328178,0.013054428,-0.9754955754411903,0.2616067116746516,,
kic-006115550,2102208649687618304,48.15083,1.39767,5.28694,0.02387,2.0,2.0,,,4607.0,142.0,-0.34,0.25,289.26319211624195,41.44403181764793,14.746555,23786.165632435353,6.323876,0.1929443525345169,0.020233668,1.0041641629325415,0.22913374570778006,,
kic-006117861,2101468987601477632,60.50722,1.91026,6.18627,0.03779,2.0,2.0,,,4622.0,147.0,-0.19,0.25,289.9973979538113,41.43622324490356,16.09073,6896.903584340309,2.7611964,0.0575944469037511,0.030696781,-0.37380453023865456,1.158044779843145,,
kic-006127240,2077592096172413824,33.26722,2.08841,4.1982,0.15406,2.0,1.0,,,5006.0,226.0,-0.57,0.34,292.9857419347035,41.465936516308055,16.53675,4573.480118299565,2.2026215,-0.0174886922942247,0.036886297,0.515017610073091,0.23627663346095076,,
kic-006127342,2077591065380267776,33.56679,1.62718,4.09901,0.09802,2.0,1.0,,,4668.0,117.0,0.2,0.2,293.01707858639105,41.43859553958802,13.938064,50086.555691380825,7.601274,0.2251529421735431,0.01224894,0.3371281457447335,0.1300991358399638,,
kic-006129640,2077413631694256640,12.2733,0.64502,1.84395,0.02743,2.0,2.0,,,4518.0,122.0,-0.38,0.24,293.7015185554758,41.40735972161085,13.90672,51553.57220245721,10.302403,0.1331025768429682,0.013158915,-0.811450070316031,0.22062198236929534,,
kic-006137943,2077025641527998976,25.9188,0.93639,3.41026,0.02856,2.0,2.0,,,4497.0,115.0,-0.4,0.2,295.8964793456532,41.461551586500086,14.389421,33050.514162450265,5.5030675,0.167503171510317,0.015491743,0.09776898724610561,0.2101147292215826,,
kic-006138603,2077030417531728256,39.18822,1.7196,4.425,0.01699,2.0,2.0,,,4677.0,115.0,-0.3,0.2,296.0452109462632,41.459336338852566,13.578859,69727.35159452779,10.989777,0.2922690113948205,0.011831749,0.617113663586272,0.09812454626608468,,
kic-006139216,2077017773148072448,33.23745,2.3041,3.95876,0.02766,2.0,2.0,,,4655.0,116.0,0.2,0.21,296.17907834025584,41.42098238392064,13.904509,51658.69710095359,8.354053,0.2296662711010689,0.012455949,0.24978468316781033,0.1365104857492136,,
kic-006139976,2077040278777215360,29.49139,2.3528,4.08777,0.0365,2.0,2.0,,,4591.0,143.0,-0.26,0.25,296.33997690220457,41.49883844256008,15.395659,13082.270395517897,3.6681426,0.0736335886245475,0.02348836,-0.7049499494645524,0.6957579097938249,,
kic-006140036,2077039110546092800,26.37607,1.17065,3.60358,0.06739,2.0,1.0,,,4598.0,115.0,-0.2,0.2,296.352070447215,41.437305658808846,13.612658,67590.20589845053,10.867387,0.2375904197111287,0.012507598,0.08003543893106091,0.12993320994236804,,
kic-006140245,2077039213625338880,23.30711,1.34311,3.21109,0.09827,2.0,1.0,,,4777.0,168.0,-0.52,0.28,296.4015140139701,41.46347104474765,15.570042,11141.154094187972,3.2465498,0.0792135650383198,0.02616772,-0.3235058187980968,0.7196844038856127,,
kic-006142630,2076840511261326080,29.03932,1.71163,3.38935,0.20787,2.0,2.0,,,4609.0,138.0,-0.12,0.24,296.92871043410236,41.43419945467632,15.485448,12043.912725343172,3.6270509,0.0765276399450969,0.02387964,-0.7252219755498697,0.6841381482167936,,
kic-006145917,2076875833069837952,7.33551,0.7156,1.28088,0.01361,2.0,2.0,,,4267.0,110.0,-0.0,0.2,297.6710639211148,41.439762235336715,13.722057,61111.62774707499,15.221347,0.2418143930194379,0.01251573,-0.49894748285504775,0.20442940886545616,,
kic-006147217,2073893545225546624,50.47697,1.24147,5.48281,0.0194,2.0,2.0,,,4536.0,127.0,-0.42,0.24,298.0033199587681,41.41637856389863,15.120603,16854.10096176932,4.6434884,0.2067201231159791,0.020497043,0.6559880730535212,0.2660183824941826,,
kic-006148267,2073889215898656384,29.46894,2.15667,3.71995,0.0681,2.0,1.0,,,4597.0,154.0,-0.02,0.26,298.22798032080436,41.49789681507567,16.023544,7337.183186873755,2.810629,0.0434628168901589,0.030088762,-1.5851793599044512,1.5080568328676758,,
kic-006151465,2075329954085619456,9.05638,0.81445,1.50814,0.037,2.0,2.0,,,4442.0,128.0,-0.03,0.25,298.91395685313006,41.450784601801445,15.29242,14387.27373679667,4.6607776,0.0421519282118091,0.023059957,-2.213254347021328,1.1916923381981062,,
kic-006195926,2102226860349289472,70.49459,3.00389,7.07088,0.10622,2.0,1.0,,,4596.0,133.0,-0.41,0.24,288.9071477659519,41.560072454748365,15.629618,10546.29157075142,3.394282,0.0917133468786577,0.02529989,0.272229518112292,0.5995584951552319,,
kic-006204156,2101706104155363328,101.40012,4.29139,9.2636,0.04213,2.0,2.0,,,4634.0,133.0,-0.4,0.22,291.5646532095579,41.58354801694328,15.735883,9562.985267294012,2.8243306,0.0975558258496735,0.02460143,0.5610410606965281,0.5478988384188628,,
kic-006204965,2101662673446192640,144.75148,2.89924,11.98689,0.02662,2.0,2.0,,,4492.0,127.0,-0.39,0.23,291.8274079209085,41.58159841579047,15.01402,18592.547165363103,4.3669157,0.2056021056954669,0.01850144,1.3611633991736625,0.19812071875879356,,
kic-006205833,2101669407955003392,36.17796,1.72832,4.29763,0.02379,2.0,2.0,,,4797.0,161.0,-0.52,0.27,292.1127073693086,41.50695145591555,15.600324,10834.705467040272,2.8950636,0.0621810990326979,0.02449102,-0.6251568387039725,0.8557629283303829,,
kic-006207316,2053635146553611008,22.1559,1.75169,3.12339,0.05117,2.0,2.0,,,4514.0,137.0,-0.38,0.24,292.58018624662316,41.551840450828195,15.7794285,9187.035282842902,3.3167622,0.047393374900724,0.026946882,-1.0841992957182995,1.2351883346206556,,
kic-006209925,2077583849835525120,43.68502,1.26036,5.03665,0.03387,2.0,2.0,,,4853.0,131.0,-0.69,0.23,293.37849855502765,41.52026745413725,14.092345,43451.8769251672,6.6425924,0.2148494630432073,0.012825218,0.5592435553945396,0.13284272181130788,,
kic-006212140,2077419644648713472,11.61688,0.69341,1.72033,0.0253,2.0,2.0,,,4397.0,119.0,0.0,0.22,294.02595100317956,41.55647845543935,13.8858595,52553.63839401407,10.027893,0.1585899147289952,0.013498287,-0.4034218612271552,0.18989645999724097,,
kic-006221474,2077041137770719872,9.35874,0.47921,1.47098,0.02618,2.0,2.0,,,4485.0,121.0,-0.4,0.22,296.38129224441786,41.57679843711195,14.780826,23047.119421650423,5.7060256,0.0971298922321817,0.018139113,-0.6941766503519275,0.4102016432535028,,
kic-006225277,2076889233367510912,7.66262,4.83922,1.28932,0.07377,2.0,1.0,,,4386.0,133.0,0.18,0.25,297.2274153697961,41.54663441404414,13.73241,60531.68014011368,16.046928,0.1967318460914637,0.013539686,-0.5006430374448883,0.18285556880496637,,
kic-006225723,2076894387328385664,27.98177,1.42815,3.48247,0.04008,2.0,1.0,,,4953.0,216.0,-0.32,0.34,297.3264358727624,41.59187683696451,16.559877,4477.089026756408,2.3473618,0.0998298215558524,0.04191958,0.9264168974455878,0.916704170018447,,
kic-006225812,2076890951354503936,53.06153,1.50134,5.7706,0.03213,2.0,2.0,,,4557.0,132.0,-0.42,0.24,297.3475930419431,41.50423410211859,15.3225975,13992.896779176064,4.045456,0.1995159369681509,0.022420036,0.9989510908177515,0.27349983614305273,,
kic-006228220,2073898699186333952,32.86362,1.51746,4.15416,0.07539,2.0,1.0,,,4497.0,109.0,0.1,0.2,297.94355734662287,41.573325914802105,13.923086,50782.301517472646,11.520215,0.3360077505320064,0.013196371,0.22395171470834008,0.2170855518028475,,
kic-006230275,2075390289787874304,48.38367,1.7321,5.18053,0.02869,2.0,2.0,,,4508.0,127.0,-0.09,0.23,298.3843329283501,41.59615770960615,15.794692,9058.782452953425,3.1470616,0.1218118729918829,0.027856247,0.5449353301562283,0.5068913023429028,,
kic-006231417,2075341224079632640,46.59778,1.20923,5.08555,0.01891,2.0,2.0,,,4406.0,118.0,-0.09,0.22,298.62521249484223,41.570315679756106,14.452093,31196.76644423205,6.5897784,0.2179372175460912,0.017801352,0.24755078292196053,0.22255548994646454,,
kic-006232871,2075331878231044480,87.38076,0.33009,8.12112,0.49577,2.0,2.0,,,4502.0,120.0,-0.3,0.21,298.9318938453317,41.5200688257292,14.60047,27211.901615070565,7.260572,0.3144212907684932,0.018301988,1.4582681545578424,0.15779753973534338,,
kic-006263847,2104521094437263232,109.53842,1.52667,9.86737,0.02971,2.0,2.0,,,4773.0,155.0,-0.26,0.25,283.126328817748,41.60666739018725,14.284396,36407.28099378664,5.688555,0.3316587455363806,0.014483178,1.6698588767409657,0.1003055584388586,,
kic-006265493,2104491888659863552,27.71321,1.179,3.78939,0.03422,2.0,2.0,,,4708.0,108.0,0.01,0.25,283.91192993992445,41.67493568619577,14.403537,32623.597137508783,6.256171,0.1495014112651709,0.014953049,0.03454748557060405,0.2202075283754334,,
kic-006267253,2104055623062665600,60.00209,1.99549,6.32126,0.03333,2.0,2.0,,,4660.0,162.0,-0.47,0.26,284.7892527744024,41.636345377964794,15.772485,9245.9806869182,3.2520134,0.1040167186619653,0.027909711,0.6400063545318311,0.5835652979911687,,
kic-006267805,2104066927416357248,7.9231,0.25241,1.24993,0.03007,2.0,2.0,,,4709.0,155.0,-0.29,0.25,285.0532830311036,41.67789530951309,16.095753,6865.074945059051,3.5488985,-0.0179551337810013,0.032596413,0.6060531445531829,0.22660590691829688,,
kic-006285635,2101685866269699200,24.65525,2.11289,3.44567,0.17745,2.0,1.0,,,5139.0,259.0,-0.38,0.38,292.00303391667774,41.66871541870032,16.858593,3400.236945065897,1.9866129,0.0180113795577355,0.04735054,2.1587395648412695,0.455363277408738,,
kic-006287183,2053639647679485312,78.1748,4.57568,7.32369,0.05367,2.0,2.0,,,4675.0,127.0,-0.1,0.21,292.50393972465486,41.66841543048795,14.578244,27774.679698515785,6.314568,0.2008382874614444,0.017167775,0.8502605714291587,0.18914127149626192,,
kic-006288732,2077646040961789184,40.60713,1.41925,4.74999,0.01637,2.0,2.0,,,4791.0,132.0,-0.4,0.23,293.0166152446826,41.63246996617871,14.6173725,26791.54785297934,4.9609375,0.1892643229573582,0.015055937,0.7605003014910316,0.1765198312990254,,
kic-006290004,2077607798573254528,19.39737,0.8871,2.62993,0.04378,2.0,2.0,,,4612.0,130.0,-0.28,0.24,293.4030814006509,41.609319181824425,13.819117,55885.63250122268,8.343406,0.1903392937686925,0.0126814805,0.022986460184760915,0.14756671105934968,,
kic-006290124,2077608382688871680,17.70875,1.13055,2.6079,0.04543,2.0,2.0,,,4804.0,190.0,-1.05,0.35,293.43929575024276,41.66521658690952,15.873563,8424.062169350322,2.7210793,0.0636892024655261,0.028303975,-0.44521033463051296,0.9663588313496496,,
kic-006291002,2077611131468939776,30.0082,1.7624,4.6176,0.11099,2.0,1.0,,,4864.0,168.0,0.11,0.27,293.6988774402529,41.66349401611267,15.44051,12552.864946458143,3.539412,0.0975442430649693,0.024067812,0.09585902571780558,0.5375545053842425,,
kic-006291909,2077424523731647360,30.02406,2.12378,3.95066,0.05776,2.0,2.0,,,4597.0,130.0,0.01,0.23,293.9501550373856,41.69547723077987,14.946401,19787.294984157677,5.06071,0.1299943269557136,0.020601405,0.1284773835768931,0.349008807005622,,
kic-006292023,2077420744160345088,38.22888,1.2109,4.49909,0.0384,2.0,2.0,,,4677.0,150.0,0.06,0.25,293.9847123213021,41.60695779514616,15.539891,11454.87461672604,3.5477622,0.0661681776223519,0.027382452,-0.5748575237066493,0.899217686178988,,
kic-006292183,2077420125685074688,27.84323,1.05218,3.35342,0.01165,2.0,2.0,,,4544.0,121.0,0.0,0.21,294.0329071990398,41.60347459392713,13.980265,48177.12955762632,8.074829,0.2293228838211987,0.014072829,0.46762118443789547,0.14137961473517316,,
kic-006292185,2077515199080043264,26.94748,2.70916,3.9053,0.06932,2.0,1.0,,,4757.0,148.0,-0.36,0.25,294.0338286233527,41.68076175875479,14.362949,33866.24150751413,8.622574,0.1420773614905548,0.016245542,-0.14086417384812222,0.25148857774243183,,
kic-006294929,2077479052634775808,64.94535,1.28643,6.54228,0.0154,2.0,2.0,,,4530.0,134.0,-0.34,0.25,294.79411341224954,41.66681063023231,15.222564,15343.387113072971,4.4149804,0.1864480057042478,0.024858788,1.2604719236580202,0.29334623137599025,,
kic-006295266,2077467748280897664,30.8421,2.45162,4.13493,0.0904,2.0,1.0,,,4734.0,145.0,-0.17,0.25,294.88825522527515,41.68613111239975,14.309206,35584.79987062551,6.6087575,0.2160159042969808,0.014632368,0.7151970474412188,0.1524229861131119,,
kic-006307582,2076905313725757312,56.64701,1.54593,5.75739,0.01722,2.0,2.0,,,4508.0,109.0,-0.0,0.2,297.77159427166845,41.66819866414269,13.942838,49866.804346609744,9.426234,0.4365773365844826,0.013342133,1.0773935747577426,0.17308949849318464,,
kic-006308892,2073905502414638976,29.24689,1.68819,4.09171,0.06045,2.0,1.0,,,4490.0,124.0,-0.53,0.25,298.11009824146373,41.63106912826335,15.23408,15181.495885721104,4.8483567,0.133023098573532,0.022592273,-0.3089214576248658,0.4079522271320644,,
kic-006309274,2073902375678499456,62.28041,1.28743,6.1733,0.02862,2.0,2.0,,,4633.0,125.0,-0.1,0.22,298.1925948652467,41.62004092079162,13.944334,49798.14359277886,9.328565,0.3229082809987931,0.014115665,0.908411534868435,0.12889559508995582,,
kic-006309490,2073901963357379200,35.16219,3.62137,4.20108,0.13864,2.0,1.0,,,4578.0,144.0,-0.28,0.25,298.2377736923031,41.613619685844434,15.932089,7981.99071235812,3.2754917,0.067958349588888,0.033936914,-0.609123257901615,1.0894927375085262,,
kic-006309965,2075391247554195584,31.01215,2.05406,3.8352,0.23599,2.0,1.0,,,4708.0,113.0,0.3,0.2,298.32914646103814,41.618433759031326,12.635228,166285.97089167926,23.923334,0.4632987394263818,0.011083748,0.4470256820107057,0.09340546846976815,,
kic-006311163,2075388606160945920,21.01228,1.13239,2.38604,0.03397,2.0,2.0,,,4521.0,104.0,0.2,0.2,298.59986614450696,41.62652161025676,11.084961,693365.7721419495,159.90099,0.6141387913861176,0.012627594,-0.6276895258990081,0.10778070842162682,,
kic-006311918,2075349367338029824,16.22536,0.98774,2.09431,0.01976,2.0,2.0,,,4505.0,123.0,-0.2,0.23,298.7617140728902,41.698411934595,15.584569,10993.071370221358,4.1263947,0.0542218979190911,0.026557576,-1.640756651178588,1.0720367944895703,,
kic-006312322,2075345038010830848,50.5377,2.07905,5.48754,0.02198,2.0,2.0,,,4436.0,124.0,-0.22,0.24,298.8436519203536,41.616162502884755,14.900709,20637.78848521467,5.4370027,0.2188163455957229,0.018860167,0.7049085771213282,0.23043758263740013,,
kic-006312882,2075344660053841536,32.85517,1.70048,4.22142,0.04097,2.0,2.0,,,4635.0,116.0,-0.6,0.21,298.9613669975769,41.639141025912714,13.680993,63467.22182653324,10.257331,0.2862340145965931,0.012322177,0.3106160334507919,0.1355054612547109,,
kic-006313237,2075368333914000512,27.47657,3.63283,3.77589,0.11807,2.0,1.0,,,4538.0,123.0,-0.19,0.23,299.0387068284456,41.67153337939816,14.749873,23713.59489307256,6.4519024,0.1863915129997798,0.018204741,0.2542476997037415,0.24728774789930433,,
kic-006313923,2075356990888986880,8.76705,2.83059,1.46436,0.24253,2.0,1.0,,,4490.0,102.0,0.4,0.2,299.1899441285898,41.65399146485934,11.812878,354646.57401360443,54.536987,0.41979929583533,0.009305573,-0.6047886514028082,0.09330573344998136,,
kic-006314187,2075354383860380288,73.93404,2.17503,7.21188,0.03323,2.0,2.0,,,4512.0,131.0,-0.16,0.25,299.2427815426553,41.657494121552354,15.520479,11661.520309025018,3.2300668,0.1669313058850598,0.024309283,0.9791847784078715,0.3310860776433523,,
kic-006350076,2103930003859708672,14.47257,0.66159,2.06914,0.01244,2.0,2.0,,,4380.0,109.0,-0.1,0.21,286.67302562974515,41.70704432025306,12.910195,129082.89156476244,23.110281,0.2912671372692952,0.0138486605,0.013658044819317539,0.10829995305726413,,
kic-006357881,2101867251328149504,13.32269,0.63486,1.91281,0.01409,2.0,2.0,,,4352.0,110.0,-0.0,0.2,289.7511789523768,41.79674920379434,13.490252,75656.50819999125,12.871963,0.1781907564936819,0.0108534945,-0.424873335723543,0.1346862500374779,,
kic-006358116,2101863162519290112,40.11981,2.07902,4.65858,0.0361,2.0,2.0,,,4738.0,159.0,-0.43,0.26,289.8326532446937,41.73336186830154,15.711887,9776.687914450164,3.0535047,0.0887901079104142,0.026947975,0.28415872531256525,0.6595368409939477,,
kic-006366022,2101679715876747008,60.89665,5.15406,6.10588,0.05394,2.0,2.0,,,4666.0,169.0,-0.44,0.27,292.44902969191406,41.78619200396899,16.108458,6785.211526399518,2.8103845,0.0793245878126889,0.035107557,0.43594592674818067,0.9613890377128923,,
kic-006367841,2077649339496797184,17.58404,0.8852,2.25847,0.01491,2.0,2.0,,,4540.0,103.0,0.2,0.2,293.05915160427327,41.784769136211274,11.92082,321084.08237344923,38.32761,0.3971834528979744,0.00839687,-0.2779970726589376,0.054335196677141935,,
kic-006368972,2077621439389477120,58.05635,2.0208,6.05708,0.02174,2.0,2.0,,,4633.0,115.0,-0.2,0.2,293.38799510419625,41.75332686398311,14.280221,36547.54696462658,6.158757,0.241382216927174,0.014656951,0.9757529664062865,0.13584806009406242,,
kic-006370926,2077424626810867584,165.62774,4.79555,13.02396,0.09729,2.0,1.0,,,4847.0,158.0,-0.16,0.26,293.9681568733949,41.70921853357118,14.76705,23341.398049371408,4.5630307,0.3043673847532983,0.020689417,1.7964949479791184,0.1586408902952292,,
kic-006372533,2077506884023523840,33.69531,1.26754,3.90119,0.01745,2.0,2.0,,,4438.0,124.0,0.05,0.25,294.4313375663629,41.71855088775313,13.689101,62995.01660444003,7.9940643,0.2884305958160038,0.011485726,0.7228700453380643,0.09526037098689319,,
kic-006374045,2077479602390624128,52.59364,2.15568,5.49741,0.03827,2.0,2.0,,,4496.0,149.0,-0.11,0.26,294.84517194656434,41.70363936365484,16.667292,4055.366818228361,2.2246559,0.048722584501884,0.044307683,-0.23315879994291677,1.9753637796801662,,
kic-006380328,2077046429170776320,26.40268,1.49023,3.35453,0.02431,2.0,2.0,,,4629.0,162.0,-0.34,0.26,296.42647893185415,41.72547550131831,15.952827,7830.97581157323,2.925295,0.0411846793726056,0.03293877,-1.4579265057324626,1.738224350246703,,
kic-006381658,2076861814299393920,12.26595,0.35899,1.79827,0.05533,2.0,1.0,,,4382.0,109.0,-0.2,0.2,296.7297865461228,41.70305284606975,13.859533,53843.514688251555,10.423172,0.1515540988601007,0.014306982,-0.6736173509136201,0.21517032419012816,,
kic-006381940,2076956715895057024,16.46035,0.55279,2.3869,0.02899,2.0,2.0,,,4452.0,119.0,-0.3,0.2,296.7919404397164,41.79964778974693,14.660387,25750.860516429264,6.312391,0.1405731989183694,0.018759254,-0.0845323129501061,0.29875120683905887,,
kic-006382105,2076952489647219712,30.51122,2.38761,4.03517,0.3375,2.0,1.0,,,4629.0,113.0,-0.2,0.2,296.83565674096445,41.71806722583147,13.685632,63196.66946538714,11.075922,0.2480316943787039,0.013282851,0.1737359481488454,0.13712522828388024,,
kic-006384710,2076898063820641408,50.80933,1.86554,5.38848,0.02424,2.0,2.0,,,4496.0,109.0,0.2,0.2,297.4122843359443,41.76256705890054,14.818888,22253.159759935686,5.335693,0.2827562031510105,0.019151466,1.203971138947864,0.1968233115883522,,
kic-006384741,2076898166899857792,5.70187,0.81583,1.00726,0.04158,2.0,1.0,,,4259.0,106.0,0.2,0.2,297.4195346181606,41.769083002331065,13.507367,74473.14679847508,22.37657,0.1944128862364378,0.011815427,-0.920985328612911,0.18580695993993646,,
kic-006384971,2076897101747921280,93.58835,1.64576,8.5037,0.06851,2.0,2.0,,,4519.0,112.0,-0.3,0.21,297.471968125469,41.729191961568866,14.309196,35585.10447930876,6.7555523,0.3925025131257,0.015167665,1.5942375456563234,0.13256504829649352,,
kic-006385637,2076916961677037184,12.25556,0.43886,1.82883,0.02547,2.0,2.0,,,4524.0,144.0,-0.06,0.27,297.6482243439391,41.746506110603555,16.55417,4500.685644076324,2.4878495,0.0033875743770926,0.040904418,0.233864175720214,0.7449409748701137,,
kic-006387660,2073907289121139072,37.35957,4.5513,4.28162,0.03657,2.0,2.0,,,4706.0,151.0,0.04,0.25,298.13783518240655,41.764829213571915,14.298375,35941.53131479404,6.3579574,0.1634634445478345,0.014119468,-0.3127265435811175,0.2133772207231568,,
kic-006387789,2075408466089408512,39.30187,1.16835,4.24853,0.02526,2.0,2.0,,,4599.0,164.0,0.35,0.27,298.1651765933156,41.77334336897622,15.952706,7831.847675949303,3.068001,0.0669386146210276,0.029634368,-0.5971151756402993,0.9666995222921889,,
kic-006388555,2075404823957276672,57.3586,1.41891,5.98549,0.0218,2.0,2.0,,,4463.0,118.0,-0.1,0.2,298.3184709439263,41.76483839813982,14.559685,28253.538858674823,6.119116,0.2456562418902504,0.01619864,0.8815624414405825,0.1715406800867629,,
kic-006388626,2075404789599594368,48.09203,1.25221,5.22476,0.02415,2.0,2.0,,,4491.0,120.0,-0.3,0.21,298.3327918115407,41.77059063271554,15.003922,18766.253624290992,4.253048,0.2056892405968038,0.020618722,0.891775098987786,0.2402721745201588,,
kic-006389451,2075392832408740608,39.57472,1.82397,4.49062,0.07973,2.0,1.0,,,4692.0,116.0,-0.2,0.2,298.50814879914725,41.712273934521,13.281601,91686.71110601688,15.296584,0.3371804551317309,0.011384987,0.17004333093743185,0.13439316661598522,,
kic-006390106,2075395443749260928,23.97402,1.28342,3.00836,0.02488,2.0,2.0,,,4549.0,148.0,0.02,0.26,298.6468380102508,41.707352829044,16.088839,6908.942486453886,2.927992,0.0486900660568821,0.032417808,-1.2732718920354351,1.4507277018786113,,
kic-006392620,2075358919345866752,14.55265,0.44926,1.99033,0.02461,2.0,2.0,,,4262.0,109.0,0.19,0.23,299.1646946900323,41.79002607714878,15.094756,17260.144737057035,5.0735574,0.0582873552651133,0.021370463,-1.8282418814888999,0.804075628685878,,
kic-006392825,2075364760501418880,32.1187,1.87037,4.3146,0.05359,2.0,1.0,,,4552.0,173.0,-1.02,0.41,299.206381422857,41.7915427884349,15.835463,8724.925560017607,2.6754706,0.0974155497877272,0.028547283,0.10039965471069756,0.6444228460081944,,
kic-006423941,2104117058275125248,28.84601,1.82497,3.74139,0.02801,2.0,2.0,,,4650.0,114.0,0.2,0.2,284.2491426511948,41.816511876913616,14.119134,42392.89022277704,7.3804736,0.2107039383138393,0.012875142,0.47105967576791485,0.1385769067319221,,
kic-006431962,2102386839290453888,23.74874,0.93917,3.42323,0.05676,2.0,1.0,,,4753.0,145.0,-0.28,0.24,288.0075593952382,41.85405773549852,15.124688,16790.79915014292,4.150568,0.0777437820140769,0.01915318,-0.6641996561110446,0.5362025416073489,,
kic-006443543,2101689783279979776,72.58731,1.60369,7.2137,0.02815,2.0,2.0,,,4438.0,116.0,-0.4,0.21,292.05467898234383,41.87255438377203,14.800419,22634.938952100085,4.796267,0.2346465210254283,0.017775757,1.4344952058390934,0.1677195184176526,,
kic-006445516,2077662052600641536,29.67729,1.13223,3.92851,0.02378,2.0,2.0,,,4916.0,151.0,-2.63,0.47,292.7039244487562,41.892352804048315,15.594459,10893.397010429182,3.229006,0.0822513330884214,0.024437629,-0.047820664385412215,0.6459926645743878,,
kic-006447337,2077625734356748928,19.54134,0.87345,2.61109,0.09238,2.0,1.0,,,4628.0,166.0,-0.24,0.26,293.27027007065163,41.84820629281522,16.340609,5479.021442690742,2.520032,-0.0007295680279758,0.03612255,0.4178397515144354,0.645711660401196,,
kic-006449082,2077614739240839296,28.92296,1.26026,4.01025,0.05613,2.0,2.0,,,4530.0,118.0,0.4,0.22,293.812135290281,41.84871919222642,13.906447,51566.5115895726,8.915116,0.2783814398380824,0.013768296,0.7421027683419528,0.12212113930422298,,
kic-006449459,2077519906364435840,14.53046,0.36105,2.12181,0.02195,2.0,2.0,,,4520.0,131.0,-0.36,0.25,293.9231987719624,41.81488715205241,15.208608,15541.881317796342,4.0955977,0.0963058801799146,0.026020866,-0.23645196255218082,0.5892354652552405,,
kic-006450202,2077518188377586432,23.96818,1.8745,3.32435,0.02716,2.0,2.0,,,4491.0,138.0,-0.85,0.27,294.1451486295346,41.86184686988782,16.062658,7077.553082820531,3.0633595,0.022139554911755,0.035960656,0.6265544772224416,0.30177557609094857,,
kic-006462022,2076948022881516800,54.73565,1.57829,5.66923,0.03867,2.0,2.0,,,4485.0,124.0,-0.12,0.24,297.13880383573104,41.82563503733866,15.072931,17610.59646632131,4.6594343,0.2057101112076512,0.020426076,0.9852260190770181,0.23688398435154293,,
kic-006462030,2076948400838643200,30.11484,1.6395,3.76186,0.02169,2.0,2.0,,,4537.0,112.0,0.2,0.21,297.1404138743084,41.833856562551034,13.925884,50651.572580163505,10.015688,0.3071754203680893,0.013334587,0.7088331306264202,0.13604751912997673,,
kic-006462741,2076945789498611200,48.89962,1.56747,5.37603,0.0228,2.0,2.0,,,4632.0,126.0,-0.41,0.23,297.3026789782351,41.8071202488038,14.444133,31426.325794036875,7.3310766,0.2772525835287714,0.01631152,1.0357771772731468,0.15826082408117775,,
kic-006462807,2076946339254456448,34.50762,1.71693,4.2135,0.14169,2.0,1.0,,,4805.0,209.0,-0.54,0.33,297.3198511444619,41.862166345548125,16.498259,4738.5296611550575,2.4303458,0.0152482356717489,0.03768891,0.5213287393417367,0.32284425311247184,,
kic-006464255,2076920152829636864,20.33382,1.11856,2.42281,0.02816,2.0,2.0,,,4530.0,102.0,0.2,0.2,297.66156725397326,41.86965862911651,12.353708,215507.9412963397,35.947495,0.3957800055584015,0.009865129,-0.43411397953397923,0.12824533121263706,,
kic-006466485,2075408878406302720,17.97832,0.96977,2.41132,0.02312,2.0,2.0,,,4277.0,118.0,0.01,0.22,298.16414925108893,41.82183448668383,15.906267,8174.0971826454,3.2629046,0.0510278325221713,0.028621605,-1.3297886235460137,1.2235193861705402,,
kic-006468260,2075400735148782976,27.51874,2.53567,3.9423,0.24761,2.0,1.0,,,4639.0,116.0,-0.3,0.21,298.5399134233339,41.89560735064917,13.172337,101393.99552822052,14.619754,0.3809333702459657,0.0112665,0.4710421178214723,0.11124279350631187,,
kic-006469587,2075421179193680000,23.78751,1.92254,3.05407,0.02212,2.0,2.0,,,4493.0,115.0,0.01,0.22,298.83505258254536,41.89650966972348,14.716014,24464.775562056577,5.165491,0.160720557488346,0.017024737,0.019723177798534053,0.25453699612301606,,
kic-006469718,2075421110474206720,6.03442,0.26536,1.04014,0.05229,2.0,1.0,,,4409.0,135.0,0.03,0.25,298.8595234711182,41.87044482985875,15.608884,10749.62609811638,3.5999942,0.0540165131479907,0.025185306,-1.600460835896289,1.0208670734541054,,
kic-006470166,2075373041198573056,34.73562,1.23567,4.19848,0.04276,2.0,2.0,,,4646.0,111.0,-0.1,0.2,298.9517271853716,41.80975433592464,13.130333,105393.43466610504,13.180825,0.3779923671879094,0.010865427,0.5817593671799095,0.09040527111959121,,
kic-006470305,2075374896624481920,33.79887,2.82568,4.14826,0.05372,2.0,1.0,,,4565.0,113.0,0.0,0.21,298.97743098260094,41.89231496074388,14.327955,34975.55605698166,6.3978977,0.2227037896631552,0.014863216,0.4742664551018887,0.16999138176588377,,
kic-006470624,2075372010406481536,29.69391,2.08005,3.74837,0.05135,2.0,1.0,,,4531.0,107.0,0.1,0.21,299.0453575702445,41.86972794661934,13.644579,65631.95649952136,13.046072,0.3145638247313612,0.011878243,0.5275829059568196,0.12236755229269805,,
kic-006470698,2075371288851614720,27.91385,1.90083,3.42853,0.26846,2.0,1.0,,,4475.0,116.0,-0.4,0.21,299.05992030102004,41.81419221658055,14.785762,22942.575704836378,4.922735,0.1939667904617639,0.018097421,0.546194123407787,0.2267085018855232,,
kic-006470889,2075371666808775936,61.85887,1.72569,6.49512,0.02638,2.0,2.0,,,4536.0,122.0,-0.7,0.24,299.0960610004955,41.83028659943222,14.999014,18851.288740935543,4.764566,0.2232509314356192,0.021202138,1.16166201907461,0.22390210688050347,,
kic-006471424,2075364794861170304,29.68305,2.25842,4.21592,0.19379,2.0,1.0,,,4837.0,109.0,-0.8,0.38,299.2072856085927,41.81127139062162,15.567374,11168.55714066732,3.5737271,0.1252053653777384,0.025560254,0.37728392478776307,0.45482202344098177,,
kic-006501305,2104510099321207168,9.91323,0.59036,1.51179,0.01886,2.0,2.0,,,4571.0,157.0,-0.47,0.28,283.6799976930149,41.90653266523588,16.278696,5800.53598056008,2.6686883,-0.0379518004208381,0.035752684,0.5108200901947022,0.26925438878699604,,
kic-006508933,2102435046003539328,29.19138,2.80365,4.09284,0.09147,2.0,1.0,,,4804.0,180.0,-1.19,0.36,287.17679397360774,41.93297292102822,16.488554,4781.072470286322,2.285998,0.0239871543827664,0.038007468,1.315067752341271,0.7429183726179336,,
kic-006521132,2101731491702372224,26.84313,2.9965,3.70942,0.20778,2.0,1.0,,,4944.0,148.0,-0.7,0.25,291.41300536689073,41.95661625741607,14.643854,26145.98213155095,5.0803037,0.1425072995011556,0.015661756,0.2192667438958793,0.24041152937007165,,
kic-006521496,2101720260368309504,31.87395,0.91286,3.80173,0.03062,2.0,2.0,,,4907.0,200.0,-0.44,0.3,291.5159011537884,41.9358531961892,16.14247,6575.953213559465,2.789876,0.0631827743214212,0.03137281,0.00013386350507182954,1.0784445667172478,,
kic-006521519,2101720707044937472,27.23367,1.43472,3.55839,0.03436,2.0,2.0,,,4612.0,144.0,-0.72,0.26,291.52217305838116,41.97047541614411,15.583317,11005.758103875663,3.583164,0.0937851292087857,0.025729883,0.20177092928583917,0.59684887466608,,
kic-006523042,2101699507086694272,51.80443,2.45316,5.69877,0.01822,2.0,2.0,,,4549.0,135.0,-0.38,0.24,292.0224924321329,41.98349072648168,15.055662,17892.953341835208,4.1891437,0.1902765225725881,0.021505946,1.258815221311668,0.247145263027122,,
kic-006523262,2101697857819302272,27.33399,1.43839,3.88577,0.07903,2.0,1.0,,,4793.0,160.0,-0.55,0.27,292.0988734966702,41.98741191456731,14.196292,39484.78750520844,7.088989,0.1586671016358732,0.016252777,-0.019267949042161447,0.2248216003775116,,
kic-006525418,2077665316775833472,23.64092,0.81795,3.0876,0.01507,2.0,2.0,,,4579.0,147.0,-0.46,0.25,292.79635548398176,41.95085599251549,15.852375,8590.069349782338,3.2195263,0.0883997704770671,0.02900534,0.3666362951000899,0.7132439491208951,,
kic-006525433,2077665454214800896,26.64187,5.90277,2.86244,1.12107,2.0,1.0,,,4755.0,112.0,0.5,0.2,292.80167411516453,41.98104205548012,14.446985,31343.8587067348,6.029439,0.1835113056051522,0.015549492,0.4988615351258048,0.18828626382423813,,
kic-006526132,2077653600105136896,33.23575,1.48866,4.08137,0.10571,2.0,1.0,,,4975.0,140.0,-0.38,0.24,293.0095284190417,41.93290195041268,14.162216,40743.67286008559,6.6351285,0.152919841995206,0.014125992,-0.2061239861672135,0.2052736462519993,,
kic-006526279,2077653359586275712,32.61882,1.43895,3.96278,0.21346,2.0,1.0,,,4894.0,236.0,-0.49,0.35,293.04697032793655,41.91656450251392,16.223654,6102.179828635693,2.7084618,0.0192805108383128,0.03586575,0.6226052324333189,0.5080314314300034,,
kic-006526938,2077674795764023040,8.57884,0.47164,1.39637,0.04625,2.0,2.0,,,4471.0,113.0,-0.0,0.2,293.24720862531257,41.968192114021264,13.538762,72350.55384260425,14.129895,0.1608706321904989,0.012207444,-0.6468485493510165,0.16799241639511045,,
kic-006529742,2077521383833255936,33.05494,1.30858,4.17795,0.05453,2.0,2.0,,,4754.0,125.0,-0.89,0.32,294.103250135498,41.911159031265015,16.412407,5128.4267421144505,2.7984996,0.0796201258480491,0.04232361,0.6026405101591781,1.155254033792175,,
kic-006529773,2077521315113780224,38.66014,1.3535,4.32044,0.0249,2.0,2.0,,,4743.0,199.0,-0.9,0.36,294.1101390419658,41.90508317598046,16.142527,6575.616106843515,3.026328,0.0622955182674013,0.039555002,-0.1516265736602449,1.3793717245570734,,
kic-006530417,2077525060325348096,54.40968,1.36409,5.56823,0.02358,2.0,2.0,,,4901.0,150.0,-0.39,0.25,294.29846164407627,41.93643032427211,14.602597,27158.626171688913,5.0249195,0.173122377591619,0.01769445,0.4794822511209773,0.22691158124316418,,
kic-006534952,2077105321763294464,61.40419,2.33638,6.31372,0.09737,2.0,1.0,,,4619.0,165.0,-0.6,0.28,295.5050347607468,41.96393846282429,16.577248,4406.029318502537,2.3123505,0.0748705161991978,0.03951497,0.6096997496083567,1.1471825332400385,,
kic-006535204,2077101988868423168,30.4036,1.32049,3.87763,0.05137,2.0,1.0,,,4563.0,136.0,0.25,0.25,295.56498102487416,41.90190257499449,14.577434,27795.416256230867,5.752543,0.1780522054597384,0.015877826,0.44262517192259665,0.20217892059144454,,
kic-006535705,2077103225819139328,10.44057,0.87736,1.56916,0.02643,2.0,1.0,,,4280.0,101.0,0.2,0.2,295.68538216765654,41.97346854615233,13.237935,95449.2630451491,15.912198,0.2376870824462675,0.010155503,-0.31802588476102045,0.11351182782183664,,
kic-006541526,2076961629337907712,37.34051,1.48351,4.37025,0.01819,2.0,2.0,,,4460.0,123.0,-0.1,0.21,297.02860095641506,41.94846671901512,15.357175,13554.285100596542,4.2063804,0.1734459907924739,0.022509452,0.8263483547819632,0.30215369896107247,,
kic-006547100,2075411214868697856,81.91984,2.71306,7.52462,0.01852,2.0,2.0,,,4598.0,139.0,-0.27,0.24,298.25955236050993,41.93307445152129,14.262297,37155.92499221033,6.444694,0.3179362181701557,0.013927703,1.1200138443712717,0.1366450917230042,,
kic-006547830,2075413070294722688,52.1618,1.07157,5.50681,0.02056,2.0,2.0,,,4512.0,113.0,-0.1,0.21,298.41552739217354,41.907077654623855,13.837511,54946.768933698055,8.625413,0.3523525748808085,0.014750978,1.0373886846865243,0.12126177771395305,,
kic-006550956,2075381867339553152,13.12113,1.4505,1.88878,0.05849,1.0,1.0,,,4628.0,118.0,0.2,0.21,299.04399165065945,41.99861772490206,11.83743,346716.6440415345,41.813637,0.4139850504121186,0.009292678,-0.5698444599300281,0.08846862782850165,,
kic-006551258,2075378092080234112,27.41576,1.35966,3.93069,0.28757,2.0,1.0,,,4582.0,154.0,-0.67,0.28,299.1022589887408,41.93088986374164,16.406414,5156.811209321324,2.3629513,0.0242732111204174,0.040304262,0.5089215316429154,0.30169719062984424,,
kic-006551374,2075377920281549568,28.88209,2.24947,3.57157,0.0405,1.0,1.0,,,4490.0,118.0,-0.1,0.21,299.12443125549464,41.91935556308645,15.186211,15865.815788694918,4.20501,0.132975097299953,0.02269985,0.1753010072113792,0.3825339127412454,,
kic-006585609,2104149768745822464,31.1907,1.81462,4.47933,0.30585,2.0,1.0,,,4839.0,152.0,-1.2,0.3,284.367777932439,42.08043590518815,15.0468645,18038.522601839475,4.3541293,0.1481784055179103,0.019526353,0.6827946941881606,0.28801026666885565,,
kic-006585674,2104125304612087040,27.62563,1.37904,3.72042,0.02199,2.0,1.0,,,5000.0,140.0,-0.4,0.3,284.39102207280496,42.016132096276245,15.982074,7622.848154578247,2.8104343,0.1031988636704085,0.03006409,0.8324541844414544,0.6334421658365135,,
kic-006585949,2104136849484477056,29.31707,1.06904,4.17009,0.02659,2.0,1.0,,,4815.0,106.0,-0.3,0.21,284.47458804350794,42.0181276454157,12.845652,136989.0820596645,22.60012,0.3917250222060803,0.010703972,0.568342593120704,0.06957608316588801,,
kic-006604828,2101733935544205824,30.24729,1.58978,3.9921,0.03877,2.0,1.0,,,4961.0,135.0,-0.21,0.23,291.41985193342884,42.07052899125944,14.1838045,39941.55445848334,6.2569213,0.1900159698772701,0.013329181,0.3597606217437175,0.15579407785208732,,
kic-006605948,2101742388040042368,92.57971,1.50965,8.518,0.02355,2.0,2.0,,,4895.0,141.0,-0.31,0.24,291.7672727537342,42.03526218417087,14.457787,31033.598998216752,5.5810256,0.2511368390321113,0.015741015,1.2635663105041743,0.1391749045139898,,
kic-006607432,2125716689326670848,15.17856,0.66528,2.22496,0.0182,2.0,2.0,,,4619.0,129.0,-0.21,0.23,292.2232515994073,42.03523778715088,14.381881,33280.86298975926,6.2740393,0.1116427232511848,0.016654776,-0.5969612844306198,0.3255848403682053,,
kic-006613123,2077714691718352384,28.86384,1.76849,3.7672,0.12342,2.0,1.0,,,4720.0,156.0,-0.43,0.25,293.84709604609526,42.06960327555983,14.044141,45424.54374301092,11.344037,0.2288116824791677,0.014069688,0.5266511843659174,0.14163229991452167,,
kic-006620040,2077104836425532160,37.52441,1.76519,4.22456,0.05593,2.0,2.0,,,4533.0,114.0,-0.2,0.21,295.6303293880386,42.06911066717548,15.035825,18222.877523302635,4.4380283,0.156814730082549,0.019335292,0.6252136588682227,0.2739812374515882,,
kic-006620230,2077103328898367616,29.13709,2.09319,3.90921,0.08169,2.0,1.0,,,4707.0,135.0,-0.21,0.23,295.6757860750968,42.00313259388851,14.848098,21662.448755326783,4.846043,0.125075907729246,0.017271608,-0.05357929829814623,0.30543947533391064,,
kic-006629212,2076931392767530496,27.30397,1.96714,3.69012,0.13577,2.0,1.0,,,4870.0,215.0,-0.31,0.32,297.6855864343347,42.04814405738903,16.339125,5486.521614924063,2.428714,0.0378456844307244,0.03704126,-1.4005547578390907,2.1274152876160475,,
kic-006629954,2076927750635318912,31.92029,1.4497,3.5259,0.01947,2.0,2.0,,,4546.0,128.0,0.21,0.23,297.82898474190813,42.00304631314454,15.144553,16486.39310752594,4.2766953,0.1151785935766317,0.019963218,-0.20257132004979184,0.3889425783528954,,
kic-006630483,2078417657609676032,26.16846,1.4459,2.99523,0.02038,1.0,2.0,,,4498.0,115.0,-0.0,0.2,297.9320907606654,42.066204825162835,14.45881,31004.368061397847,6.4982452,0.141727074749569,0.015703663,-0.3652442616101155,0.2559173362870245,,
kic-006631327,2078414943190221056,40.78028,2.05522,4.31591,0.02015,2.0,2.0,,,4542.0,107.0,0.2,0.2,298.1022758944359,42.018528877440374,13.107429,107640.36837827144,19.262877,0.4142671847013816,0.011148894,0.5882916871602664,0.1080067981334674,,
kic-006631459,2078414668312318336,31.32699,1.34881,3.9849,0.0294,2.0,2.0,,,4502.0,107.0,0.2,0.2,298.12850610157653,42.00280455277948,14.0219555,46362.268353961255,8.411296,0.2552832180496441,0.013426356,0.3546404552919764,0.155385617147317,,
kic-006631515,2078414702672061568,11.81757,0.4819,1.76365,0.02877,2.0,2.0,,,4310.0,102.0,0.2,0.2,298.14117882101743,42.01494658774117,12.795833,143421.27598341333,27.920397,0.3438275883890986,0.011825035,-0.22488976839239605,0.12914724757933782,,
kic-006631880,2078420337669173248,10.42375,0.73192,1.56886,0.02768,2.0,2.0,,,4578.0,150.0,0.05,0.26,298.2121118101746,42.05040609025838,15.6773815,10092.390139339645,3.4691806,0.0598117635465236,0.02890545,-1.1411118352108396,1.054691629520065,,
kic-006632631,2075419491258344064,49.56206,1.79938,5.28027,0.05453,2.0,2.0,,,4523.0,156.0,-0.08,0.27,298.3593649641873,42.08152058390967,16.27921,5797.8009497156,2.8806913,0.095668012351644,0.040446002,0.48061738068360427,0.9240699911370712,,
kic-006670979,2104152002129121920,33.5833,1.37798,4.14782,0.0511,2.0,2.0,,,4754.0,140.0,0.16,0.25,284.4067223693675,42.195334899330554,13.123757,106033.64780316102,26.528597,0.328517339719168,0.011092786,0.4401108964893652,0.08350748532336999,,
kic-006678999,2102499328773027584,129.67428,5.54769,10.8633,0.05705,1.0,2.0,,,4577.0,139.0,-0.01,0.25,287.8470468736701,42.12896049675709,15.610703,10731.621546819357,3.8501697,0.1835130781518047,0.026818087,1.6626005094061025,0.3198399117758256,,
kic-006681939,2102314988780681472,32.02727,1.28388,3.78982,0.02935,2.0,2.0,,,4497.0,111.0,-0.4,0.21,288.8724389776984,42.17096885733386,12.915899,128406.51518631776,20.69804,0.4264672218933964,0.013364522,0.8715544776799522,0.07399683846787458,,
kic-006693783,2125709542501006976,73.64888,1.48221,7.3963,0.02127,2.0,2.0,,,4517.0,113.0,-0.4,0.2,292.517012033198,42.13532722624227,14.700385,24819.491108831306,5.2317667,0.201677456081213,0.016802762,1.0298989652820154,0.18323640113246759,,
kic-006694174,2125710642012654976,23.02884,1.30803,3.14078,0.04841,2.0,1.0,,,4834.0,130.0,-0.3,0.23,292.6290173496117,42.19137873057599,14.6628895,25691.587275087262,4.8824162,0.1086036823776162,0.016144678,-0.3274389390353427,0.3238045762902085,,
kic-006701706,2077541930957473408,32.62414,2.61462,4.11592,0.05926,2.0,1.0,,,4744.0,149.0,-0.15,0.25,294.61040729766944,42.11993521324936,15.275913,14607.689860477203,3.6176417,0.1059167767682864,0.021587431,0.15852080368279076,0.44406759985943883,,
kic-006719552,2075439046257540352,29.77923,2.91166,4.19357,0.19991,2.0,1.0,,,4648.0,131.0,-0.29,0.23,298.55890946186645,42.11416292739096,14.508118,29627.82157497629,5.9919186,0.2097029069578664,0.016342785,0.5348218756190537,0.19037358626727666,,
kic-006719811,2075440867323786240,31.1982,2.12527,3.76259,0.26142,2.0,1.0,,,4562.0,160.0,-0.22,0.27,298.60685836930173,42.19665381230588,16.498396,4737.9303717713055,2.6157231,0.1525110387278509,0.039100643,1.664032763207146,0.5679993808020865,,
kic-006753221,2104743981763695488,48.44893,1.05299,4.92281,0.01346,2.0,2.0,,,4660.0,114.0,0.1,0.2,282.48885515667723,42.224093846430016,12.47053,193524.04477249164,31.97364,0.5223382372776817,0.010503127,0.7696299063676122,0.06170427993952406,,
kic-006755840,2104897471012371456,63.68886,1.31851,6.53633,0.0273,2.0,2.0,,,4496.0,119.0,-0.1,0.21,283.71743848124515,42.29746134511029,14.816403,22304.144411461468,5.002909,0.2046416607962833,0.017769577,1.1049356684918,0.19274383314493324,,
kic-006774487,2101941021685956864,29.96704,2.04895,3.93399,0.19646,1.0,1.0,,,4851.0,146.0,-0.25,0.25,290.8979330772141,42.26515437132595,14.35001,34272.24918165435,5.618911,0.1598859975967953,0.013697267,0.17528934738896496,0.18828487686328876,,
kic-006774851,2101928446021740288,52.36965,1.61145,5.68737,0.04485,1.0,1.0,,,4687.0,119.0,-0.3,0.21,291.0243981383328,42.210497390846,14.153462,41073.51339879519,7.17268,0.2312740621572242,0.01368596,0.756102250671546,0.13259519193191444,,
kic-006776924,2101753383156389120,111.45224,3.26141,10.25563,0.04372,2.0,2.0,,,4772.0,150.0,-0.51,0.25,291.67988310927234,42.23025470481139,15.6766405,10099.285611177367,3.2901008,0.1743140784448759,0.026971364,1.641086845088152,0.3379476612728494,,
kic-006778473,2125718785270774144,48.05495,1.1772,5.40484,0.04779,2.0,2.0,,,4464.0,131.0,-0.52,0.25,292.15348387537045,42.20022427275563,16.142887,6573.422423059988,2.6577184,0.1120316449322811,0.037196387,1.2200393695610163,0.7214138705751414,,
kic-006780448,2077695587705416448,29.50958,2.65168,4.29783,0.06606,2.0,1.0,,,4943.0,152.0,-0.84,0.26,292.7419293833814,42.20034822569954,14.618625,26760.655198117885,6.7730274,0.162957091089174,0.01787961,0.48521851011767225,0.24001996253576274,,
kic-006780553,2077696171821014272,75.17009,2.54132,7.09985,0.0491,2.0,2.0,,,4583.0,129.0,-0.12,0.24,292.77730375181267,42.264598934501635,14.113429,42616.238373208704,7.372236,0.2981036061300321,0.013940807,1.243049172291368,0.1078528952937612,,
kic-006781172,2077699126758613760,32.49191,2.67322,4.21825,0.14675,2.0,1.0,,,5048.0,232.0,-0.66,0.35,292.97241720614176,42.27297294334195,16.276709,5811.16251209791,2.5613563,0.0617149999116049,0.03550328,-0.11043972389815693,1.2502354835381253,,
kic-006783364,2077731768508695680,63.58187,2.69042,6.29668,0.01968,2.0,2.0,,,4492.0,110.0,0.3,0.21,293.56635206125947,42.24086747297102,14.351705,34218.82121328694,6.6256514,0.2630433424096568,0.015576995,1.2338471797791009,0.13268358128957985,,
kic-006783375,2077731867285241984,28.34363,0.79869,3.57254,0.02295,2.0,2.0,,,4609.0,141.0,-0.35,0.25,293.5694302283733,42.251939730215064,14.753615,23631.99697936126,4.8171263,0.1646255349486089,0.016958186,0.5696634059107737,0.2272271985166568,,
kic-006790164,2077864294020657280,56.66887,2.17778,5.92942,0.06698,2.0,1.0,,,4466.0,127.0,-0.71,0.24,295.34251282532944,42.27690211646401,15.53131,11545.770023764098,3.408456,0.1532069040137126,0.022378843,1.118599295043511,0.32123847871317035,,
kic-006803991,2078446622869811456,12.49813,0.68677,1.83461,0.01293,2.0,2.0,,,4494.0,130.0,-0.18,0.24,298.3459961628468,42.25871265687485,16.100737,6833.641398874395,2.894823,0.0228072294311978,0.03260179,0.1671840195770251,0.77842733871255,,
kic-006806118,2075435404125552896,90.82936,4.21471,7.92299,0.02782,2.0,2.0,,,4626.0,142.0,-0.24,0.25,298.79181567626705,42.216868246775384,13.9061165,51582.23619655495,8.04178,0.3361162873692116,0.013017311,0.9572459106645645,0.12114438969722108,,
kic-006806688,2075432930224453120,44.18287,1.04323,5.09311,0.0234,2.0,2.0,,,4639.0,117.0,-0.7,0.21,298.8998903761322,42.20792533258358,13.819888,55845.943894317825,9.63639,0.3289974290059804,0.013009842,0.8245321421087031,0.12238007091442114,,
kic-006851908,2102493526277598464,29.08993,4.26647,3.8988,0.17207,2.0,1.0,,,4699.0,156.0,-0.36,0.25,288.25585812757214,42.326767420939476,14.93371,20019.94334825492,4.7500906,0.0702243483771268,0.019240651,-0.9549593980350579,0.5952354008297133,,
kic-006860822,2101954147106142592,153.63339,2.05858,12.60381,0.03306,2.0,2.0,,,4603.0,136.0,-0.26,0.25,291.12748479046894,42.36149362195652,14.298414,35940.24808398408,5.6842785,0.3576465058096713,0.013282626,1.823467955698744,0.08845277399190736,,
kic-006861517,2101764584431281664,128.30586,5.59557,11.1606,0.13736,2.0,1.0,,,4622.0,147.0,-0.73,0.26,291.34916972000127,42.34640457438828,15.523756,11626.373987301196,17.097393,0.1079331898637805,0.096096374,0.4230934719513293,1.933745095476495,,
kic-006863585,2125772111584727680,32.60622,1.66189,3.80803,0.02538,2.0,2.0,,,4708.0,126.0,-0.3,0.21,291.97913435058064,42.39245629526186,14.328318,34963.875412244575,6.286469,0.1871994388444424,0.016243644,0.5687327246793448,0.18929650008956853,,
kic-006863869,2125725141822406144,32.02375,2.24015,3.93694,0.05654,2.0,1.0,,,4593.0,124.0,0.2,0.22,292.0641013839486,42.34637224085505,14.927083,20142.501418234875,5.2711053,0.1070388260519215,0.018302785,-0.118983121086643,0.3724404711663293,,
kic-006864679,2125728852674329600,34.91704,1.7525,4.08297,0.02636,2.0,2.0,,,4945.0,248.0,-0.41,0.36,292.2973100555639,42.39878268594265,16.314035,5614.781382337089,2.546564,-0.0074822667637785,0.033868387,0.5495893971061712,0.2832441552967926,,
kic-006864851,2125727718802960512,24.4658,1.24736,3.03242,0.03396,2.0,1.0,,,4580.0,117.0,-0.2,0.22,292.3482422069995,42.34120655158127,13.798755,56943.60891097602,11.901912,0.1833458571942496,0.011876874,-0.07866230135567243,0.14363655145494575,,
kic-006865094,2125716586249694464,45.09948,0.80926,5.08633,0.01663,2.0,2.0,,,4638.0,119.0,-0.5,0.21,292.42002809419387,42.38990741301965,13.430122,79964.63342842578,11.457113,0.3427330374533157,0.011048068,0.911129041717075,0.07579281383556968,,
kic-006867553,2077689265513804672,32.15252,1.42425,4.16499,0.05894,2.0,1.0,,,4744.0,119.0,-0.4,0.22,293.1265017817875,42.3230898713308,14.105516,42927.96401290889,6.9354844,0.1965892867620562,0.013953609,0.33109925903967863,0.15835231902699445,,
kic-006871236,2077557805156430720,7.03487,0.56192,1.22533,0.03304,2.0,1.0,,,4656.0,115.0,-0.1,0.2,294.1836143316718,42.36001285215218,13.630809,66469.63728763028,10.806917,0.1079366382492678,0.011064034,-1.3728977558134154,0.22403487959332463,,
kic-006871782,2077562993477063680,28.92976,1.53666,3.93765,0.04669,2.0,2.0,,,4664.0,120.0,-0.3,0.2,294.33803643627846,42.38392789584635,14.548656,28541.989100720464,6.493697,0.1270807041814191,0.015577193,-0.2216051258213234,0.26972014740220823,,
kic-006875311,2077877453800450816,14.66829,0.52939,1.96192,0.04553,2.0,2.0,,,4510.0,103.0,0.0,0.2,295.23306231649485,42.393293057763145,11.282632,577954.7275474677,88.35465,0.5051061484759382,0.010042625,-0.5153355130490151,0.06399114109801671,,
kic-006875898,2077888380197481600,27.40718,1.10627,3.38871,0.02055,2.0,2.0,,,4712.0,151.0,0.01,0.24,295.3601401561526,42.396312932918306,16.166681,6430.934876005565,2.482002,-0.0063816151493411,0.030527055,0.3907767021713262,0.721216711777071,,
kic-006876684,2077886112454809472,12.69379,0.44658,1.91165,0.03206,2.0,2.0,,,4639.0,141.0,-0.28,0.24,295.53992614806407,42.38489178199034,14.413614,32322.20073001601,5.854628,0.1086303672095469,0.013899587,-0.8910617141878525,0.28719140165480933,,
kic-006877398,2077140707991524736,21.61002,0.63454,2.78344,0.01419,2.0,2.0,,,4500.0,104.0,0.3,0.2,295.70497969749954,42.38995825956063,13.061511,112290.30109675004,17.83078,0.3585181587724498,0.0095186345,0.4949643994102271,0.07688381000777955,,
kic-006878193,2077136584830841856,5.77341,0.46168,1.07467,0.02884,2.0,1.0,,,4333.0,112.0,0.1,0.22,295.8832395090896,42.32001194750625,11.956528,310695.98184306204,49.764748,0.350323876119459,0.008626716,-0.6602257003607086,0.07380120590049179,,
kic-006878469,2077138685070209280,34.27559,2.82582,4.17871,0.11369,2.0,1.0,,,4796.0,142.0,-0.31,0.25,295.948575121999,42.39147625157523,14.938191,19937.479880105868,4.5752144,0.1371943580439821,0.01883995,0.2373266440156918,0.3038068269504108,,
kic-006880917,2077176068462322560,49.48797,1.97133,5.17556,0.02545,2.0,2.0,,,4607.0,123.0,-0.21,0.22,296.47821717978076,42.394956247577554,14.745923,23800.04042442644,5.3558083,0.1992809639600304,0.017915322,0.6861552971473852,0.21234870721580065,,
kic-006881721,2077173766359998592,30.6456,2.07476,3.67158,0.01386,2.0,2.0,,,4632.0,151.0,-0.16,0.25,296.66176783375516,42.38015073511516,15.800839,9007.638126007843,3.2768707,0.0655935877141571,0.02859799,-0.6719508504919833,0.9504158952505614,,
kic-006888460,2078427690657015808,29.94582,2.19954,3.76532,0.06131,2.0,1.0,,,4656.0,138.0,0.02,0.24,298.1636312740364,42.34539775726094,14.75197,23667.84294748387,4.7593093,0.1606514080624949,0.018369064,0.15163110518764178,0.2656516092814971,,
kic-006888572,2078427587574403200,29.88708,1.72185,3.74663,0.03922,2.0,2.0,,,4648.0,109.0,0.2,0.2,298.183852799423,42.3243946289392,12.724361,153179.99837824164,21.917982,0.4620008729898767,0.009719717,0.4904782016195295,0.09523702511840763,,
kic-006888729,2078451261434476160,33.14859,1.71847,4.16788,0.04866,2.0,2.0,,,4909.0,176.0,-0.26,0.27,298.21903821655167,42.381384148356645,15.4726095,12187.172160146403,3.682758,0.1197072319259602,0.02501047,0.3303362618737946,0.46067394706837617,,
kic-006889563,2078447138265942144,40.74088,2.47494,4.40321,0.02878,2.0,2.0,,,4502.0,114.0,0.37,0.25,298.3922565330433,42.302391232138355,16.003914,7471.037523057252,2.8385282,0.1600775175922529,0.030024575,1.3715825284623904,0.41893461531169895,,
kic-006890139,2075452480915901824,54.39937,1.73109,5.85559,0.01826,2.0,2.0,,,4568.0,110.0,-0.3,0.2,298.52260913887955,42.378074548750654,13.282522,91608.9365143187,11.571515,0.4847202938528514,0.010408458,1.2013244327159462,0.08941816310164026,,
kic-006890179,2075452480915739136,31.22946,2.44971,3.74833,0.05183,2.0,1.0,,,4708.0,157.0,0.29,0.26,298.52967989383603,42.38540000500342,16.353662,5413.541755643616,2.4098742,0.0957417321159293,0.035167973,0.5325204283169107,0.8050409905163546,,
kic-006890667,2075448873143240576,47.6748,2.03348,5.35293,0.03001,2.0,2.0,,,4539.0,138.0,-0.46,0.26,298.6323127362526,42.340735035953045,15.650224,10348.023305417437,3.2499573,0.1644328676041978,0.024141265,1.100405576729031,0.33250640758341937,,
kic-006922814,2104724641528008064,27.50977,3.50317,3.92883,0.08928,2.0,1.0,,,4873.0,148.0,-0.37,0.24,281.6145238511879,42.48157341844423,13.647809,65436.986779614046,8.988698,0.2171331209623793,0.010297019,0.08922339758031406,0.1091984639851553,,
kic-006933288,2105464681573520640,24.86902,2.9328,3.18134,0.04239,2.0,2.0,,,4908.0,230.0,-0.85,0.38,286.4832369689499,42.4470444679554,16.850246,3426.478194215418,1.7564328,0.0656684456498989,0.04314807,0.7917000894099164,1.4269530074760428,,
kic-006935897,2102553754599361024,29.75826,2.57727,4.23988,0.35025,2.0,1.0,,,5212.0,181.0,0.02,0.43,287.51326807566846,42.42055707162592,16.90721,3251.347021359702,2.3026109,0.0899383693496425,0.053753812,1.4589406541684902,1.2982443813955633,,
kic-006937656,2102518643246815872,12.35746,0.39383,1.8711,0.01724,2.0,2.0,,,4730.0,115.0,-0.3,0.2,288.21697013401524,42.43559952817375,13.961137,49033.411836507075,8.145866,0.1086249918496498,0.01323686,-0.9561006195049551,0.26501084829054095,,
kic-006945537,2101947412597319040,35.5068,1.32689,4.33829,0.07285,2.0,1.0,,,5072.0,255.0,-1.65,0.55,290.7991415623402,42.43665467818965,16.582006,4386.759397058052,2.1090653,0.0100842059661799,0.03720616,1.4272079542455671,0.9570605660420043,,
kic-006950050,2125729161911984384,129.31486,2.23613,10.41461,0.02768,2.0,1.0,,,4601.0,121.0,0.19,0.23,292.2795524078931,42.435602173001655,14.367536,33723.47976644577,5.7183275,0.3447029330585089,0.013700649,1.8609880863416493,0.09107092179933009,,
kic-006955469,2077748467341870464,11.73322,0.76766,1.91549,0.02955,2.0,2.0,,,4769.0,145.0,-0.91,0.27,293.89484983465815,42.4184842618676,15.139214,16567.66703109676,3.8057249,0.0448211579800891,0.018102478,-1.8455866131753247,0.8777718299789946,,
kic-006956343,2077752659230138752,40.3167,1.47321,4.40882,0.03385,2.0,1.0,,,4843.0,139.0,0.17,0.25,294.1227519437587,42.4849040787356,14.244751,37761.24409153516,5.953995,0.177879651083442,0.013288762,0.20472315525265294,0.16797979160833695,,
kic-006956900,2077564092988672768,13.65595,0.65473,1.98092,0.01926,2.0,2.0,,,4353.0,116.0,-0.0,0.21,294.2766406422471,42.42940447211385,14.802782,22585.7246032136,5.4476333,0.1138112442093184,0.017165713,-0.20695133337428828,0.3304041546583813,,
kic-006956908,2077564092988675456,38.99284,1.13244,4.59645,0.02792,2.0,2.0,,,4730.0,123.0,0.2,0.21,294.27884451670906,42.43064243845605,14.883935,20959.106615369103,5.021106,0.1257124838905459,0.018404357,0.09016784819390544,0.3208802672002378,,
kic-006963602,2077139058725191680,185.79862,5.79137,14.41823,0.03382,1.0,2.0,,,4570.0,136.0,-0.33,0.25,295.91293350623977,42.448272248602954,14.906627,20525.612159048906,4.488598,0.301034634613451,0.018769244,1.936385337887213,0.14594670546073094,,
kic-006974221,2078451708111085440,21.89153,2.14841,3.16683,0.02881,2.0,2.0,,,4560.0,136.0,0.09,0.25,298.21273794202983,42.40914913454514,15.543744,11414.29408588368,3.7872806,0.1252793178951219,0.024681835,0.500265720400602,0.4352146094972367,,
kic-006976091,2075452102958661888,34.76637,1.78034,4.24638,0.08665,2.0,1.0,,,4653.0,158.0,-0.21,0.25,298.5975575283044,42.41688166026413,16.05783,7109.092647444888,2.9504578,0.0588282595394453,0.031228816,-0.7724447759582773,1.1572004060659469,,
kic-006976263,2075453546067694848,36.33482,1.14444,4.27112,0.02444,2.0,2.0,,,4563.0,131.0,-0.55,0.25,298.629263861884,42.42444715183532,13.516486,73850.2779149972,11.552149,0.3422281932871828,0.011144797,0.679411341503215,0.10402889943333139,,
kic-007007863,2116738141791478016,28.0794,6.99103,3.57144,0.58035,2.0,1.0,,,4703.0,109.0,0.5,0.2,281.3989433486336,42.54673011890755,11.474125,484503.4646699982,105.93815,0.7082951940975145,0.011291111,0.5072020833168054,0.04761888100792571,,
kic-007020288,2102569697518295296,146.05416,3.93465,12.09759,0.04632,2.0,1.0,,,4769.0,165.0,-0.26,0.26,287.2845213450984,42.512855756301214,14.701863,24785.71077615359,5.0812793,0.2838599205611187,0.017608177,1.7251674083503126,0.13951320831936162,,
kic-007022222,2102531356349974272,27.40054,2.47562,3.80375,0.32646,2.0,1.0,,,4660.0,108.0,-0.3,0.2,288.0717142885189,42.50604422595432,13.199054,98929.38392623818,16.880136,0.297280423113701,0.009743006,0.44377756412673897,0.0734495816495667,,
kic-007025405,2102699959587480832,31.62597,0.91107,3.72836,0.01368,2.0,2.0,,,4486.0,114.0,-0.1,0.22,289.20639981160497,42.59095777223858,14.166039,40600.46517921687,6.5787854,0.1909682168710744,0.014158802,0.32862848875590167,0.1650464803530807,,
kic-007025863,2102652096471986048,52.48505,2.48113,5.59864,0.01923,2.0,2.0,,,4534.0,128.0,-0.14,0.25,289.3631084219882,42.5268121732471,14.681397,25257.348354284743,5.2178063,0.1976184053587254,0.016115263,0.9425395606932749,0.18007182509909547,,
kic-007041375,2077753552583369728,8.27111,0.526,1.41465,0.03459,2.0,2.0,,,4458.0,117.0,-0.3,0.2,294.10352575539355,42.57078629378392,14.043089,45468.548259684016,8.559754,0.1071981007507698,0.012757822,-1.1208563335932187,0.26271131876100745,,
kic-007041415,2077753483863895936,151.56059,5.40539,12.5141,0.22533,2.0,1.0,,,4718.0,174.0,-0.27,0.26,294.1116645221335,42.56863344547173,15.844763,8650.508967910804,3.2701228,0.2244278501481512,0.027897237,2.2852659579981562,0.2740238809019861,,
kic-007047191,2077894083914480896,34.21807,2.85725,4.292,0.05538,2.0,1.0,,,4751.0,153.0,-0.53,0.27,295.58793693109135,42.55375714587692,14.012,46789.324915608515,6.5513554,0.1919937065276429,0.012914631,0.08933257731047739,0.15466933393165003,,
kic-007050042,2077225305968941440,48.8902,2.97718,4.72542,0.07635,2.0,1.0,,,4751.0,161.0,-0.71,0.28,296.2513314472201,42.53078697298069,14.80098,22623.24457709091,5.078458,0.1319490050090002,0.019148687,-0.10564298277398265,0.3242332496160958,,
kic-007060647,2075454473780674944,21.69733,1.52981,2.77033,0.02134,2.0,2.0,,,4426.0,137.0,-0.02,0.25,298.6192508867942,42.52646111342336,16.176043,6375.731826800937,2.8965054,-0.0088072841489514,0.03619074,0.3119020722084045,0.5223094063014769,,
kic-007060687,2075549306655679744,31.20679,1.30402,3.77855,0.01734,2.0,2.0,,,4537.0,125.0,-0.43,0.25,298.62673957463875,42.594346339916285,14.252902,37478.824920119994,6.608348,0.2053937586542022,0.013942529,0.11341183833547142,0.18118905974237295,,
kic-007094635,2104963991465579904,66.9888,2.82758,6.78576,0.0453,2.0,2.0,,,4531.0,114.0,-0.3,0.2,282.92330866087997,42.64606515227729,14.623332,26644.8986435358,5.211634,0.2110234801834908,0.016869046,1.0027699294401593,0.17734739666330632,,
kic-007116043,2101964970423855616,8.16233,2.5058,1.29838,0.10579,2.0,2.0,,,4296.0,106.0,-0.0,0.2,291.24970579744786,42.62499141497492,12.947563,124715.74654071136,24.69663,0.2481626141418485,0.013750598,-0.3209711993879303,0.12568654145442915,,
kic-007117671,2125795854164746752,47.74026,2.55216,5.27381,0.02272,2.0,2.0,,,4588.0,137.0,-0.15,0.25,291.7597388471556,42.64381463319262,14.174813,40273.6946088008,6.7296734,0.2296666934218569,0.014214966,0.7865302811897834,0.13750802941753118,,
kic-007120718,2125749743395679872,106.67417,2.64498,9.41817,0.02435,2.0,2.0,,,4796.0,184.0,0.08,0.28,292.6884465603586,42.64185315094089,15.395368,13085.783989564774,3.6237676,0.1952832709575365,0.022230405,1.6064772279798643,0.2498492512534141,,
kic-007121688,2077800831583490560,29.08373,1.11616,4.10148,0.06943,2.0,1.0,,,4776.0,131.0,-0.7,0.24,292.9667009731551,42.62434641276453,13.983881,48016.90993005954,6.8368983,0.1895151181695639,0.012487958,0.0814411138457416,0.14958254090293244,,
kic-007124224,2077766918521394432,33.03051,1.39419,3.98517,0.02599,2.0,2.0,,,4568.0,149.0,-0.21,0.26,293.734494564665,42.62187873834882,16.285343,5765.13086728383,2.3125,0.0702269203647694,0.03186845,0.25142352926860667,0.9862081246194345,,
kic-007124606,2077770491934296576,38.1188,1.02992,4.44041,0.02034,2.0,2.0,,,4675.0,140.0,-0.4,0.23,293.8318081691695,42.69958683984299,15.279959,14553.363096123145,3.8707762,0.1480234426934017,0.020511411,0.9136171116157286,0.3026696978526251,,
kic-007128964,2077953972939433728,31.6577,1.50243,4.12695,0.03646,2.0,2.0,,,4871.0,155.0,-0.08,0.25,295.00881774701867,42.65221523576825,14.169023,40489.0534709428,6.6747913,0.1849948893465014,0.014276892,0.2383840638044319,0.172282112519073,,
kic-007129444,2077908033968005760,20.68222,1.1679,2.47291,0.10759,2.0,1.0,,,4640.0,145.0,-0.06,0.25,295.1321239082478,42.66506472830031,15.267748,14717.963374569485,3.8430386,0.0700713486176177,0.021539403,-0.8436520066427775,0.669429520302918,,
kic-007130179,2077910232991386624,32.43817,2.04962,4.09386,0.02801,2.0,2.0,,,4758.0,108.0,-0.2,0.2,295.30780697100545,42.67976991956947,13.283585,91519.33345173013,12.184486,0.3375972848251621,0.010626896,0.610698937132117,0.0830850025231277,,
kic-007131223,2077896076779350784,73.07031,11.62024,7.05994,0.06578,2.0,1.0,,,4649.0,134.0,-0.39,0.23,295.56347877041964,42.646712470214965,14.432921,31752.50510427725,6.1400976,0.2394719655032048,0.016408764,0.893205609929117,0.16252885264741776,,
kic-007134668,2077250594737323008,34.24281,2.33071,4.05516,0.05695,2.0,1.0,,,4761.0,122.0,0.3,0.22,296.4150555265205,42.679976620783485,13.905723,51600.94803847041,8.677727,0.2849170848591079,0.013226332,0.5011106861103283,0.14321487804810837,,
kic-007137182,2077195722233403776,34.46742,1.48887,4.18166,0.08748,2.0,1.0,,,4699.0,120.0,-0.2,0.21,296.98874510335503,42.678118772013136,13.553975,71343.89134539325,10.543542,0.2926684005309767,0.011428985,0.23853592650996447,0.12891359691725995,,
kic-007183558,2105529518400478720,22.91281,1.67192,3.35938,0.07842,2.0,1.0,,,4577.0,127.0,-0.19,0.23,285.78342798856767,42.779794427166145,13.9422,49896.12080242107,7.0698156,0.1844750672662301,0.011291276,0.15078039882233973,0.13414643328489753,,
kic-007188563,2102538846773014144,5.23294,0.49095,0.98636,0.05713,2.0,1.0,,,4454.0,117.0,0.0,0.2,287.92022485029605,42.78605523646576,14.118226,42428.35779533581,7.52176,0.0988284606845816,0.013302803,-1.101136652677571,0.29373269141945646,,
kic-007191733,2102704598152178048,167.41387,4.46921,13.52138,0.02945,2.0,2.0,,,4663.0,128.0,-0.54,0.25,289.117144121097,42.701485278728946,15.207241,15561.452720372408,3.7719383,0.240826874850457,0.020840187,1.89777135797069,0.19073449812550433,,
kic-007200296,2125798328065980160,22.01447,1.3755,3.06371,0.02964,2.0,2.0,,,4737.0,212.0,-0.51,0.32,291.76766157138934,42.77111887998162,16.886671,3313.4345003644803,1.9947445,-0.0104192555646934,0.044635065,1.700796522971153,0.7684079419581528,,
kic-007201415,2125805543611208576,41.45952,1.24865,4.8404,0.02284,2.0,2.0,,,4689.0,161.0,-0.5,0.26,292.13488368891376,42.71787249859026,15.863859,8499.687653221017,2.7717855,0.1122221833796073,0.026428966,0.896258178203226,0.5124386391816607,,
kic-007204568,2077809249719538432,25.05281,0.76806,3.27134,0.04625,2.0,2.0,,,4660.0,138.0,-0.71,0.24,293.1001589956154,42.7731358426577,15.115458,16934.1601056719,4.218382,0.100472933669066,0.022714198,-0.1891773721472454,0.4931778774650801,,
kic-007204871,2077805332709395200,44.36643,1.09684,5.06096,0.01798,2.0,2.0,,,4658.0,133.0,-0.62,0.24,293.18729592481867,42.73642092427147,14.592188,27420.27140428292,5.129313,0.1567500013888805,0.016917912,0.35023137483587874,0.2366356356404678,,
kic-007205512,2077794165794532608,33.06742,1.88654,4.18761,0.14934,2.0,1.0,,,4877.0,243.0,-0.54,0.36,293.3818997914259,42.714376206036235,16.105267,6805.190947989711,3.281051,0.016439748218954,0.036272347,0.36904181222152843,0.22633022492190394,,
kic-007212559,2077910782747245184,32.82793,1.55613,4.21253,0.06485,2.0,1.0,,,4935.0,127.0,-0.4,0.22,295.33407333002793,42.71938807558685,14.060825,44731.83543838857,7.4390554,0.1556723445418416,0.01351117,-0.3414416552138668,0.19618873684296728,,
kic-007212654,2077910714027773184,20.94978,2.04234,3.10974,0.09825,2.0,1.0,,,4611.0,150.0,-0.52,0.26,295.35681376055095,42.70093632584568,15.832869,8745.798269660036,3.167105,0.0701532227773265,0.030696869,-0.3002168518851871,0.9517305378299317,,
kic-007215336,2077243379191511680,41.5136,2.63004,4.57015,0.02476,2.0,2.0,,,4493.0,109.0,0.2,0.2,295.9816753200253,42.77728945405761,14.3952,32875.07930585018,7.2720685,0.2409212556787322,0.016487759,0.7959220090682724,0.1670498380767484,,
kic-007215700,2077243894587616128,5.8957,0.52091,1.06382,0.04396,2.0,2.0,,,4301.0,105.0,0.2,0.2,296.0709393351285,42.76647500733687,13.183682,100339.93406583316,19.734026,0.178987011926724,0.010709617,-1.085085591076945,0.1525472067516261,,
kic-007215931,2077243550990032128,43.21235,1.36139,4.54529,0.01617,2.0,2.0,,,4563.0,136.0,-0.25,0.25,296.12481459723773,42.71266931647908,14.604502,27111.033765945736,6.288736,0.1968840306264747,0.019221652,0.44579288184249677,0.23209326176374095,,
kic-007216170,2077232280995890944,19.21175,0.96949,2.49065,0.01945,2.0,2.0,,,4521.0,113.0,-0.1,0.21,296.1801984890159,42.74834192602994,14.186076,39858.06492145397,7.930511,0.1570552728661852,0.016438598,-0.4149797700243063,0.2434357537128239,,
kic-007217465,2077252381443290240,7.73741,0.75787,1.33614,0.05952,2.0,1.0,,,4535.0,117.0,-0.3,0.22,296.48438096082884,42.73952689890728,14.73512,24038.02183076308,6.7869453,0.1110047164494377,0.01968066,-0.6921560167559928,0.39729412461955954,,
kic-007219542,2077196993544031872,32.94779,1.14097,4.04027,0.04122,2.0,1.0,,,4610.0,107.0,0.1,0.21,296.9407410846133,42.75698029403429,13.91864,50990.683533676456,7.9578896,0.2559620977178061,0.013643489,0.4024215243478704,0.1427588096214296,,
kic-007221033,2078507851924624640,34.11656,2.87667,4.25834,0.06119,2.0,1.0,,,4788.0,161.0,-0.04,0.27,297.26262787823185,42.76837875770324,15.128392,16733.61376776088,4.707722,0.1613911572653632,0.021361087,0.39269944782479627,0.3100328128773364,,
kic-007260389,2104979487707431040,38.72171,1.3122,4.56327,0.0375,2.0,2.0,,,4606.0,114.0,-0.1,0.21,283.5093183529974,42.86709143088575,14.305931,35692.295804272755,6.3498044,0.2015981956717425,0.013826971,0.634591396296134,0.1517441618111615,,
kic-007264880,2105721069641039616,27.48138,2.16713,3.37636,0.60293,2.0,1.0,,,4793.0,194.0,-0.42,0.29,285.6106563284219,42.85159476336007,15.695404,9926.247197024912,3.1807878,0.0988936137985728,0.025759023,0.4774724287524261,0.5663543311515573,,
kic-007272426,2102720163114127360,7.69248,1.1449,1.2947,0.0667,2.0,1.0,,,4347.0,111.0,0.2,0.2,288.74429387999373,42.82107666528815,13.615256,67428.63561494552,12.002357,0.1734764882364529,0.011514907,-0.38231369799358106,0.1470381268117403,,
kic-007272735,2102718445127236736,34.8734,2.37653,4.17323,0.02109,2.0,2.0,,,4471.0,116.0,-0.3,0.2,288.85842054606803,42.80873965287002,14.290767,36194.30465565288,6.352965,0.1894961502949243,0.013756692,0.5334393628541392,0.15914080082935095,,
kic-007273970,2102726760183600768,71.86217,1.4544,6.74891,0.01821,2.0,2.0,,,4910.0,123.0,-0.5,0.29,289.28369696828383,42.82297500911103,13.533186,72723.12630483625,9.490593,0.3168942714540625,0.0105568785,0.8924283476571997,0.07555287968933042,,
kic-007281822,2125800011693196928,95.45751,2.38229,8.74945,0.03427,2.0,2.0,,,4452.0,114.0,0.0,0.2,291.7238523448818,42.87772305955112,14.481657,30358.747456133773,5.6176357,0.3132384613893334,0.015707385,1.8157028157341895,0.11104963664176074,,
kic-007282453,2125811144248540416,30.88621,2.24212,3.8917,0.03932,2.0,2.0,,,4547.0,133.0,0.06,0.25,291.9185088160019,42.893544705809546,15.0375395,18194.11287726639,5.486669,0.1080419324193999,0.018540481,0.0601716218938968,0.37327166327513217,,
kic-007285561,2125848836880293504,28.41636,2.04064,3.96407,0.17207,2.0,1.0,,,4726.0,143.0,-0.56,0.25,292.9039919102018,42.84289298556287,14.577487,27794.050929951703,11.813445,0.2143744715839241,0.02872543,0.9426931452092564,0.2942183707019782,,
kic-007286143,2077811173864926976,30.83344,1.42812,4.00644,0.08784,2.0,1.0,,,4700.0,208.0,-0.97,0.38,293.0857760710035,42.85690130368479,16.768343,3694.956970023212,2.0936704,-0.0464380069225941,0.04768305,0.8944209500007645,0.6578895268682903,,
kic-007287287,2077819969958161792,30.06975,1.02766,4.14997,0.24021,2.0,1.0,,,4805.0,178.0,-0.7,0.29,293.4375142507018,42.847895999124894,16.024046,7333.792090005492,3.0342703,0.0669667538450848,0.034101844,-0.11309535311906416,1.106512773597239,,
kic-007287630,2077817221175069056,94.56775,4.75379,8.97353,0.03865,2.0,1.0,,,4864.0,201.0,-1.91,0.5,293.53391080802015,42.84693089486902,16.114433,6747.969463539066,5.3012757,0.2401051246064973,0.053917114,2.7257809576784044,0.4895637644659421,,
kic-007292464,2077958989461239936,34.7037,1.6271,4.3286,0.08524,2.0,1.0,,,4929.0,189.0,-0.6,0.3,294.8781471252508,42.81255237982199,15.214662,15455.470536863,4.1388564,0.0406873612349146,0.022790208,-2.1255859917121587,1.2176950574238121,,
kic-007293780,2077915112074258560,29.29515,3.56601,3.97454,0.11463,2.0,1.0,,,4924.0,145.0,-0.22,0.24,295.2184166499071,42.81486808818974,14.103327,43014.62396509526,7.073171,0.1756005175259613,0.014385089,0.01107516924904317,0.18404954041971008,,
kic-007296884,2077246471567974912,18.67026,0.64493,2.54933,0.0179,2.0,2.0,,,4494.0,144.0,0.05,0.26,295.980435229758,42.80946137482742,15.977372,7655.929250509072,3.0720894,0.0367956821842012,0.031280603,-1.7022972858175738,1.847579858396953,,
kic-007301460,2078699922858027648,55.84506,0.97431,5.86784,0.01593,2.0,2.0,,,4482.0,115.0,-0.2,0.2,297.0785601648639,42.88916042655772,12.90862,129270.27313585897,22.064682,0.5712885256971236,0.011853393,1.1842439256782047,0.08860792773592834,,
kic-007301619,2078696899201060352,32.07133,3.23212,3.91267,0.07067,2.0,1.0,,,4557.0,111.0,0.1,0.21,297.1153024796623,42.861153599334784,13.366131,84819.23933642013,15.161785,0.3486515892074789,0.010889099,0.4725492680814085,0.11335692702314971,,
kic-007304730,2078523382527425664,11.574,0.82633,1.68211,0.05037,2.0,1.0,,,4537.0,134.0,-0.16,0.25,297.78855466565915,42.82281388595672,15.17282,16062.704425475253,4.281996,0.0591974538821891,0.021468798,-1.5227616400473245,0.7919365570741215,,
kic-007305054,2078521149144174720,28.4719,3.35303,3.5868,0.1033,2.0,1.0,,,4485.0,117.0,0.2,0.21,297.84667451397524,42.89337908091526,15.298045,14312.938849358448,5.2659917,0.1441456939406307,0.021780942,0.5349565869227675,0.3385915481380668,,
kic-007305294,2078520801237158016,34.87197,0.913,4.10435,0.04289,2.0,1.0,,,4771.0,111.0,-0.1,0.21,297.8986434716417,42.86413342369114,13.537841,72411.9677660205,12.402584,0.2997166225795599,0.01271094,0.3158551725194769,0.12934918543842877,,
kic-007346051,2105538211414028288,44.56368,3.96066,4.58406,0.0438,2.0,2.0,,,4759.0,124.0,0.01,0.23,285.83509273300007,42.97158292257,13.897866,51975.68889880841,7.270811,0.186727745684706,0.011395542,0.1328022825237536,0.1337591307319929,,
kic-007353606,2102742630081810432,28.02337,2.12794,3.56305,0.04573,2.0,2.0,,,4705.0,117.0,0.5,0.2,288.8909338180982,42.9115316891905,13.068376,111582.6317878555,17.498686,0.3265774356027658,0.010391735,0.42031248051153725,0.07644340225033687,,
kic-007365246,2125858251448495232,129.90136,2.23148,10.9519,0.02569,2.0,2.0,,,4706.0,123.0,-0.3,0.22,292.56155633632915,42.90652813415596,14.919217,20288.96347209361,4.4177365,0.2268493513093139,0.017472232,1.4072455193261977,0.17283910526829982,,
kic-007366075,2125853578524196864,30.41349,2.07485,3.80371,0.02406,2.0,2.0,,,4622.0,151.0,0.37,0.25,292.8118105725851,42.97862497043336,14.816083,22310.713363441348,4.6400332,0.0947729149301196,0.01829086,-0.5184901997998423,0.4203608099359226,,
kic-007367495,2077832408183375232,41.12398,1.35199,4.67754,0.02372,2.0,2.0,,,4504.0,126.0,-0.17,0.25,293.23788564832864,42.94027640199614,14.624032,26627.714072157934,5.642015,0.1816835288343659,0.018338362,0.7026153910008777,0.2216050574872361,,
kic-007367631,2077831613609211648,52.32274,1.45971,5.69499,0.02267,2.0,2.0,,,4484.0,132.0,-0.78,0.25,293.27726228894653,42.92769341055123,15.765624,9304.58562260634,3.3027823,0.062631087710604,0.030071544,-0.4684206212440518,1.0431184007815972,,
kic-007368873,2077825330077727104,36.418,1.44061,4.3769,0.01604,2.0,2.0,,,4639.0,153.0,-0.41,0.25,293.65143267887163,42.99137287961252,15.959498,7783.00573761402,2.6910586,0.0475331238102466,0.03152489,-0.8977361938338717,1.4406209078438756,,
kic-007373123,2077962425436236416,29.79041,2.16707,3.80598,0.05319,2.0,1.0,,,4529.0,119.0,-0.02,0.24,294.81992201473105,42.962298308111734,14.668148,25567.458406380647,5.9909506,0.1742349028940067,0.018126694,0.5104998017281055,0.23239197994329433,,
kic-007377435,2077250044980809600,31.2732,2.07322,4.65026,0.13607,2.0,1.0,,,4347.0,111.0,-2.99,0.31,295.93505901178395,42.98950953835149,15.04752,18027.63875114545,5.0587344,0.1427325136649677,0.020654088,0.2145945935894389,0.3270874626746072,,
kic-007377986,2077269114635941632,178.55192,6.24511,14.19301,0.04546,2.0,1.0,,,4599.0,118.0,-0.6,0.22,296.0714354896423,42.90188769523933,13.962785,48959.018143538786,7.5777783,0.5101962663443301,0.013587899,2.04126096768354,0.09005522387109115,,
kic-007381707,2078712498522183296,31.3506,1.30415,3.89013,0.02962,2.0,2.0,,,4477.0,118.0,0.2,0.2,296.9390083391198,42.918548003378525,14.007051,47003.046142540166,9.104477,0.2651340640312284,0.011953164,0.3977306710822095,0.14650719397580722,,
kic-007383731,2078516544938838528,29.69098,0.83793,3.19135,0.0445,2.0,2.0,,,4553.0,127.0,0.19,0.23,297.3698141080002,42.94953695332245,15.189129,15823.229410286873,5.107587,0.1054030280810043,0.021867847,-0.47169679223710226,0.46527332026502,,
kic-007384112,2078539188006990080,45.02059,1.67677,4.88352,0.02668,2.0,2.0,,,4572.0,138.0,-0.48,0.27,297.45839544963246,42.96717250262323,14.504507,29726.498153775385,36.373802,0.6971969928742969,0.110059395,3.14978362888354,0.35334735173049064,,
kic-007385493,2078525031794562816,26.1137,0.93973,3.34346,0.06056,2.0,1.0,,,4501.0,105.0,0.5,0.2,297.74455263954616,42.9253804010583,15.193238,15763.454360761269,5.075912,0.1557258719910313,0.020704813,0.4283938839200161,0.308601911446578,,
kic-007386966,2078480845169699200,43.51347,1.82739,4.71575,0.02356,2.0,2.0,,,4525.0,114.0,-0.7,0.22,298.0417944572184,42.9099888164645,14.325651,35049.855434825055,19.017084,0.1991497194178301,0.032154873,0.09490152127938423,0.36716001580034374,,
kic-007418100,2104858300910117120,185.9757,3.77524,15.1049,0.05681,1.0,1.0,,,4700.0,122.0,-0.46,0.25,281.53523697887823,43.04830796223841,14.557472,28311.174587273956,6.376582,0.3911654197958136,0.01717054,2.3497230806308096,0.09865355137439732,,
kic-007430898,2105589201265292288,180.50886,3.49704,14.43107,0.02847,2.0,1.0,,,4840.0,132.0,-0.04,0.25,287.08642688397003,43.07075015552492,14.135968,41740.68828223113,7.3567457,0.3931482387934439,0.016405715,1.987641684316099,0.09241678861375524,,
kic-007432032,2102604336434703488,30.41352,1.04869,3.87457,0.02897,2.0,2.0,,,4649.0,115.0,0.0,0.2,287.53386315093087,43.02553119236176,13.65823,64811.90458162988,10.09186,0.2238095362359106,0.011302191,0.2138501288564889,0.11344437117826785,,
kic-007436049,2102744111851968128,14.32661,0.93441,2.03577,0.02822,2.0,2.0,,,4500.0,102.0,-0.1,0.2,289.0672557083469,43.00007873836102,13.183813,100327.88668180272,13.781922,0.2321538011261679,0.009927676,-0.1810808132242343,0.09730224911662423,,
kic-007439037,2102771977598204672,7.44654,0.6157,1.44869,0.02737,2.0,2.0,,,4788.0,143.0,-0.35,0.25,290.034224352228,43.08959232505911,14.730046,24150.620558623807,5.5709505,0.0489236387599655,0.01718962,-2.0161330537738102,0.7635136170168297,,
kic-007445949,2125820283939107968,254.10714,38.58702,19.0333,0.1002,2.0,1.0,,,4652.0,122.0,-0.4,0.22,292.1105897159088,43.0494781723466,14.51818,29354.51541611425,5.3636928,0.4560016323562149,0.015624008,2.6192391788726983,0.07987751056506293,,
kic-007456155,2077969675340307840,41.14226,1.29026,4.5278,0.10307,2.0,1.0,7456155.0,2.077969675340308e+18,4989.0,186.0,-0.45,0.29,294.99748876108157,43.07784003167538,15.028852,18340.275012134673,4.1472025,0.0654882912196548,0.019427365,-1.205210495485705,0.6459053213185931,,
kic-007456290,2077966273726128256,24.06048,1.61555,3.35287,0.0885,2.0,1.0,,,4806.0,153.0,-0.25,0.26,295.03697490040247,43.01205117603523,15.030463,18313.0810725835,4.2737885,0.1078091542423754,0.019703677,-0.12113959315633238,0.39966868186518756,,
kic-007458066,2078010597785840128,28.67383,0.83388,3.81434,0.86444,2.0,1.0,,,4335.0,209.0,-1.5,0.56,295.48722987810015,43.044352182600925,16.512106,4678.479355956618,2.6187477,0.0772412772437825,0.03919728,0.44269965165358727,1.1045856572238926,,
kic-007460475,2077274680913612928,23.71948,1.01773,3.41234,0.06062,2.0,1.0,,,4647.0,143.0,-0.43,0.24,296.05145613249965,43.059890549016544,15.183404,15906.881896138068,3.8140802,0.0711461195990298,0.020355806,-0.9676070943043396,0.6243484526750546,,
kic-007461302,2077270901342470016,26.80103,4.58155,3.49161,0.56382,2.0,1.0,,,4681.0,200.0,-0.55,0.32,296.23562359420146,43.022338589273424,16.65512,4101.078347524473,2.3414307,0.0133283688012737,0.041242804,0.8163241592597963,0.4771924634134659,,
kic-007464701,2078719473549181440,43.30914,1.85843,4.55393,0.04391,2.0,1.0,,,4792.0,186.0,-0.28,0.29,296.95609830497347,43.06866198943827,16.413013,5125.564104895169,2.4977632,0.0977825562795727,0.0384153,0.831444752834047,0.8568311208439688,,
kic-007464876,2078719920225826688,33.61929,1.82749,4.00662,0.10443,2.0,2.0,,,4501.0,106.0,0.5,0.2,296.99498277673206,43.09820358400326,15.19609,15722.104875202767,4.3167624,0.1167372367595126,0.019324286,-0.04918133302522065,0.36988338167753565,,
kic-007465893,2078708753310999680,13.26633,0.64149,1.87602,0.01498,2.0,2.0,,,4433.0,112.0,0.2,0.2,297.1941029929623,43.09559532348573,14.291081,36183.81261993114,8.18605,0.1382766727646329,0.014063073,-0.4896063475732735,0.23249152749347207,,
kic-007466038,2078705832733250048,35.36701,1.61772,4.44677,0.06695,2.0,1.0,,,4698.0,114.0,0.1,0.2,297.22273170537596,43.08498513184241,12.873741,133490.52939245096,22.882986,0.4291760941841361,0.01267973,0.5524866630075618,0.09693316849465446,,
kic-007466259,2078729266075200000,48.27234,1.88479,4.8612,0.01551,2.0,2.0,,,4570.0,136.0,0.06,0.25,297.26992149016087,43.09801673728262,14.269902,36896.54722380737,7.1560893,0.2002430523380943,0.014898961,0.22059250402112696,0.18189829800116755,,
kic-007467028,2078540837274452864,29.6347,2.07472,3.94244,0.04158,2.0,2.0,,,4707.0,158.0,-0.1,0.26,297.4339062358091,43.075119378272746,16.206976,6196.641957204432,2.5278115,0.0925342083262661,0.034664232,0.40872599195606796,0.8189217813025826,,
kic-007470917,2078576227801240576,35.18886,2.14818,3.95846,0.05805,2.0,2.0,,,4581.0,139.0,0.47,0.24,298.24593271853894,43.03178599811024,14.941681,19873.49709121029,5.805123,0.2161314829184739,0.020753257,0.4768559488510995,0.26950957248310853,,
kic-007513413,2105602601563240064,62.83627,1.76987,6.24779,0.02976,2.0,2.0,,,4553.0,112.0,-0.1,0.2,286.9161771338687,43.18724558790344,14.196679,39470.72121795743,7.0271287,0.2811219026313254,0.014738916,1.344266013459217,0.11477193778884913,,
kic-007517674,2102939275163514880,26.58859,0.9173,3.64742,0.05082,2.0,1.0,,,4708.0,121.0,-0.0,0.21,288.57025991588796,43.147537308162285,14.1076355,42844.26100580172,7.572459,0.1857402345131044,0.014220745,0.3068358531213349,0.1676766624187885,,
kic-007518047,2102935736110821376,27.28772,2.6078,3.72807,0.09766,2.0,1.0,,,4685.0,120.0,-0.1,0.21,288.70600773099716,43.135026518447255,14.227589,38362.87219706533,8.830558,0.1870792218792078,0.01430988,0.4666087863110455,0.16708878860582765,,
kic-007518354,2102749025294485888,22.20469,0.79516,2.86986,0.01789,2.0,2.0,,,4603.0,108.0,-0.0,0.2,288.8072521810011,43.10220290848261,12.826724,139398.15531923488,24.675303,0.3229285566234133,0.010800064,0.15426186530759622,0.07964529045896378,,
kic-007518854,2102752014591823360,13.67955,0.72636,1.93766,0.02171,2.0,2.0,,,4285.0,122.0,0.23,0.25,288.9760804259424,43.151465746205815,15.113425,16965.884794425197,4.9515533,0.0909588244391042,0.019792791,-0.3103451976638816,0.47364617841240336,,
kic-007530307,2125868250132778496,34.91101,2.57345,4.20686,0.035,2.0,1.0,,,4790.0,142.0,-0.17,0.25,292.60758710119654,43.17962056116479,13.910535,51372.7287039152,7.2753725,0.1975923977338458,0.012536316,0.09872696735379272,0.14450398788287086,,
kic-007531538,2125877114945448320,22.07004,0.80518,2.99357,0.01925,2.0,2.0,,,4530.0,110.0,-0.1,0.2,292.95876440404425,43.1910005650445,13.666422,64324.7165882417,9.650608,0.2331399255325754,0.01112941,0.3349540733674736,0.10673412789064206,,
kic-007531566,2125877011866227072,28.17855,0.10049,3.49533,0.08667,2.0,1.0,,,4556.0,110.0,0.2,0.2,292.96813932445116,43.165142706039255,13.092485,109132.11068839184,15.267021,0.2860120981333444,0.009795203,0.22907742490420446,0.07749689039476008,,
kic-007532505,2077838141957596800,124.26301,4.11621,11.00321,0.28719,2.0,1.0,,,4643.0,115.0,-0.4,0.2,293.2159126965292,43.10145805115099,14.364919,33804.866759841665,5.7312956,0.2863119824307019,0.014880993,1.4553438124926252,0.11654454870088661,,
kic-007538770,2077982457162875776,41.33495,0.88245,4.7281,0.05363,2.0,2.0,,,4693.0,130.0,-0.69,0.23,294.88425549884914,43.1332314372504,14.814709,22338.972395675468,4.651468,0.1534521341538363,0.01606587,0.38124967753013195,0.23378612246757868,,
kic-007540107,2078061587638762752,18.30566,1.27128,2.41062,0.0206,2.0,2.0,,,4510.0,100.0,-0.1,0.2,295.24237338566894,43.12573813051993,10.658276,1027156.2122323108,213.39354,0.8389513579083878,0.008527152,0.08318709890309606,0.03649666637145809,,
kic-007540695,2078020115433602560,48.62193,1.40676,5.21243,0.03043,2.0,2.0,,,4566.0,134.0,-0.27,0.24,295.39358901761733,43.166258575770456,15.281033,14538.969444572616,3.9017613,0.1352819266588786,0.019669339,0.573907912325911,0.3203908770046679,,
kic-007541471,2078018088208936704,15.51395,0.67038,2.22708,0.01705,2.0,2.0,,,4448.0,115.0,-0.3,0.22,295.57008015607346,43.19097090346728,13.997182,47432.2954316921,9.37852,0.1857060668915977,0.013096055,-0.1188979523481084,0.16797354204547857,,
kic-007543068,2078026811278680704,30.20268,1.30102,3.9691,0.06477,2.0,2.0,,,4768.0,129.0,-0.27,0.24,295.9494130675312,43.16972722608796,12.146032,260935.8644415851,33.86492,0.5439277602182241,0.010443814,0.4361925060169636,0.07153817111856023,,
kic-007544280,2077277876369400448,45.77248,3.78811,5.09003,0.18712,2.0,1.0,,,4473.0,114.0,-0.1,0.2,296.2129998041817,43.12410865264527,13.737546,60246.001260922945,9.020082,0.342504865845268,0.011936991,0.9748909448640877,0.10002231545082235,,
kic-007547319,2078720573060794240,36.27651,1.23495,4.27337,0.04079,2.0,1.0,,,4786.0,114.0,-0.4,0.21,296.8896843767219,43.11711764795902,13.981929,48103.3430708282,8.244066,0.2053335413374884,0.012465096,-0.012868292406475135,0.15607778669866715,,
kic-007548059,2078709577947190656,26.68541,0.89196,3.2904,0.02182,2.0,2.0,,,4627.0,108.0,0.4,0.2,297.0642154734606,43.122298966052995,12.600186,171740.26248058764,27.16184,0.4347593679882041,0.010806008,0.21011236528467414,0.10254990878992697,,
kic-007548571,2078733423603534592,50.47559,2.85988,5.41884,0.09422,2.0,1.0,,,4645.0,179.0,-0.31,0.28,297.17038573993756,43.19094893231136,16.689833,3972.037906278036,2.312932,0.0188795168997587,0.041802466,0.8605901744918825,0.5436472051804031,,
kic-007552198,2078626805337502720,54.72175,1.72541,5.4879,0.01726,2.0,2.0,,,4539.0,105.0,-0.0,0.2,297.94140177975356,43.12592060888556,13.393188,82731.55918412839,13.663558,0.4377178460278431,0.0107330475,0.6702068712302243,0.1491695374893806,,
kic-007582274,2116911731489058816,29.28009,1.64408,3.88921,0.09456,2.0,1.0,,,4856.0,141.0,-0.38,0.24,280.83223231458675,43.22488714042165,13.764009,58795.34179359836,8.785909,0.2049115883191041,0.01212466,0.12806879055343856,0.1317331568263246,,
kic-007583452,2104866993923944576,47.99732,1.13159,5.39006,0.01766,2.0,2.0,,,4755.0,146.0,-0.62,0.26,281.6031346817271,43.222555399656585,15.443722,12515.779432251587,3.7455125,0.1327530607143244,0.022549763,0.9378367260947638,0.3692988913336846,,
kic-007603672,2126069666919099904,28.26353,1.779,3.90317,0.46971,2.0,1.0,,,4800.0,174.0,-0.6,0.29,290.5126437771687,43.29280574521965,15.740187,9525.156801634086,3.2630968,0.1340569168511166,0.025946809,1.2070819408782718,0.4210589422551022,,
kic-007609827,2125871445588417792,29.9965,2.5413,4.05475,0.16702,2.0,1.0,,,4723.0,137.0,-0.52,0.24,292.5222914454143,43.207274599745006,15.126591,16761.406264990495,4.397323,0.184373893859735,0.020014042,1.285536945315915,0.2370845771372637,,
kic-007611949,2077845430524362624,113.30789,1.94202,9.8238,0.01349,2.0,2.0,,,4597.0,112.0,0.0,0.2,293.1791325161842,43.23175753363127,14.37102,33615.41698921112,5.9599347,0.331225507150356,0.0151503915,1.7294228925264363,0.10576079696796953,,
kic-007613216,2078206620093515776,25.52053,1.08273,3.24428,0.02402,2.0,2.0,,,4889.0,178.0,-0.36,0.27,293.5613869333888,43.28705626160187,15.517554,11692.97918221406,3.1535802,0.034790840826655,0.022965865,-2.017337351500988,1.4338762462206256,,
kic-007617301,2077986442892473984,166.89084,2.70198,13.67815,0.0157,1.0,2.0,,,4586.0,132.0,-0.28,0.24,294.6754069817053,43.25867438202983,14.651104,25971.97501374144,4.9899416,0.3548106737788464,0.015029465,2.0862065929164793,0.10339990046546216,,
kic-007617969,2077983316156358144,112.73016,3.10172,9.54616,0.05055,2.0,2.0,,,4830.0,134.0,-0.21,0.23,294.8620455713614,43.20266656848843,14.87379,21155.858541955,16.172287,0.1956962733558332,0.10483497,1.0410435881100213,1.1640801035648405,,
kic-007618798,2078066294922902144,31.28894,1.30231,3.59964,0.02417,2.0,2.0,,,4459.0,117.0,-0.1,0.2,295.08139386422164,43.25930852316528,14.616415,26815.187330168403,5.1141477,0.1852862045350792,0.015847983,0.664971236638312,0.1907800862556062,,
kic-007621970,2078028361771129216,29.62683,1.31542,3.81901,0.03073,2.0,2.0,,,4594.0,113.0,0.0,0.2,295.9037860956062,43.249106227582686,13.1075945,107623.94494315507,22.216318,0.3705350991726854,0.010610087,0.5399740806888751,0.08764249169986982,,
kic-007622691,2077282858531450624,11.30859,0.51825,1.68098,0.01975,2.0,2.0,,,4766.0,232.0,-0.1,0.32,296.07781386179727,43.25251578206023,16.530186,4601.211378250126,2.1698532,0.0575431878252068,0.038010787,-0.0816115966024249,1.435719318470591,,
kic-007624674,2078769741847816960,27.98013,1.2583,3.64285,0.05014,2.0,1.0,,,4586.0,109.0,-0.2,0.2,296.54322922636885,43.232587135308414,13.575743,69927.78471436913,16.313307,0.3168575944843029,0.010947195,0.6682964193306482,0.0971771781333136,,
kic-007627140,2078746033627747712,26.94467,1.38928,3.36479,0.02919,2.0,2.0,,,4585.0,116.0,0.02,0.24,297.131885628984,43.26856177122166,14.7374525,23986.430597152612,5.3140674,0.1416614018158431,0.017497791,0.033499762566101765,0.27695789662906556,,
kic-007629088,2078550939037696896,135.52442,8.72815,11.48315,0.2363,2.0,1.0,,,4513.0,126.0,-0.4,0.23,297.56755323913603,43.27445487209134,15.564046,11202.84403241117,4.0240674,0.2274614088700704,0.026522286,1.694601448190383,0.2715357993778608,,
kic-007635633,2075595520505149952,44.8607,1.59528,4.73595,0.01981,2.0,2.0,,,4485.0,120.0,0.46,0.25,299.0545249008322,43.296074926605165,15.736642,9556.30656238443,3.3618417,0.0953778176357687,0.02755533,0.028338927491766697,0.6338952904055044,,
kic-007662573,2105198153082583680,27.42769,2.00302,3.77561,0.07764,2.0,1.0,,,4706.0,124.0,-0.2,0.21,283.01747268704867,43.388407754435995,13.1782,100847.9329731395,20.787579,0.2919184143233511,0.012162562,0.2865130646385339,0.09620087000174701,,
kic-007662588,2105197534607282176,25.38118,1.75185,3.13079,0.03636,2.0,2.0,,,4688.0,138.0,-0.32,0.27,283.0252286545786,43.32266789137109,16.480186,4818.060641578053,2.4154196,-0.0053432658878483,0.036586262,0.793393760453224,0.46859869873870946,,
kic-007667646,2105762683584806016,33.36981,2.19088,4.06267,0.05493,2.0,2.0,,,4641.0,115.0,0.4,0.2,285.750646028591,43.31453063665297,13.636086,66147.30160159899,9.647639,0.2636294278030126,0.011172111,0.6199474470725335,0.09379893633981405,,
kic-007685326,2125893607619838464,53.63962,2.14459,5.63779,0.02241,2.0,2.0,,,4751.0,151.0,-0.2,0.25,292.75383377618977,43.34532648307974,14.410894,32403.29309282191,6.028529,0.1936788320727643,0.015846495,0.5798671976150604,0.18210616032591068,,
kic-007686419,2125885567441216384,29.41408,1.96576,3.6278,0.16246,2.0,1.0,,,4571.0,165.0,-0.54,0.29,293.10983640065984,43.35465089246011,16.758366,3729.0689894121606,1.9797502,0.0121426415494148,0.038570285,1.2732110285196292,0.636575213426937,,
kic-007687760,2078208166280907264,17.4729,1.3374,2.5227,0.02171,2.0,2.0,,,4430.0,120.0,-0.2,0.22,293.55138480443236,43.31041580246722,14.727684,24203.226087429743,5.6813335,0.1482382019974602,0.01662914,0.34026871749273724,0.24628728951301207,,
kic-007694124,2078046606792276992,10.42834,0.49542,1.62186,0.02366,2.0,2.0,,,4522.0,130.0,-0.45,0.25,295.51879318199093,43.36767981643371,14.96294,19488.156598989288,5.0695615,0.0651553154023723,0.02000566,-1.451742694991644,0.6706893423790907,,
kic-007694445,2078043651854809984,55.09544,1.47069,5.80088,0.03371,2.0,2.0,,,4527.0,135.0,-0.44,0.25,295.61505865846317,43.36001080353398,15.458161,12350.434046163984,3.4879684,0.1691399393772903,0.023562172,1.0907382718402907,0.3119726426753596,,
kic-007694661,2078044476488566016,28.94205,2.63496,3.91727,0.05874,2.0,2.0,,,4649.0,176.0,-0.58,0.29,295.6775805975886,43.377604392910655,16.18516,6322.410399022779,2.7037888,0.0794057438049346,0.03594118,0.29687397557780315,0.984584661686113,,
kic-007694679,2078044270330121984,36.67147,1.86421,4.34303,0.04466,2.0,2.0,,,4973.0,134.0,-0.29,0.23,295.68288618143987,43.33947251666644,14.5000105,29849.865574558375,5.553628,0.1658527910777007,0.01622972,0.21107880708809645,0.22030024216976596,,
kic-007697892,2078776270198210432,112.72757,2.42763,10.13422,0.02149,2.0,2.0,,,4514.0,113.0,-0.5,0.22,296.6140702437614,43.31248589575696,14.564887,28118.486596280934,5.155474,0.3224038963497067,0.015397155,1.7193427932974927,0.11888574882911036,,
kic-007698836,2078727651167213312,9.02738,0.30207,1.43385,0.0236,2.0,2.0,,,4530.0,131.0,-0.26,0.25,296.8560930016735,43.35703159315159,14.679819,25294.09302388235,7.2055745,0.1302293350415299,0.01870597,-0.20684729758352383,0.3194553185021547,,
kic-007699239,2078726482936131584,87.72055,1.53286,8.12835,0.03637,2.0,2.0,,,4629.0,111.0,-0.2,0.2,296.95920296361646,43.31354031974306,13.655327,64985.45885830811,11.875679,0.3936508849301054,0.019977339,1.122229579239315,0.1340351524596627,,
kic-007700569,2078735004151578880,17.17723,1.09039,2.54098,0.03645,2.0,2.0,,,4383.0,183.0,-1.9,0.5,297.25595453028694,43.29992094770142,15.754625,9399.320891986614,3.6315095,0.083695677975115,0.029464023,-0.16473502170121002,0.7686075054396057,,
kic-007700887,2078741979178794368,36.93288,1.1381,4.09382,0.01319,2.0,2.0,,,4493.0,113.0,0.2,0.2,297.3234288824246,43.39624583371173,14.089369,43571.18484631888,9.317874,0.2398944032342019,0.0144238565,0.4323728003664673,0.1550142723494319,,
kic-007702843,2078641850597046912,43.28538,1.91165,4.63558,0.03813,1.0,2.0,,,4621.0,114.0,0.2,0.2,297.7679769502613,43.34201932918527,12.71953,153863.116916043,22.924845,0.511313208919141,0.010169235,0.4152090921341163,0.13429703903088994,,
kic-007703774,2078630825427200256,19.20795,1.18626,2.46483,0.02008,2.0,2.0,,,4428.0,120.0,0.2,0.21,297.97979476387485,43.36114688705708,14.895444,20738.106759828715,5.3205547,0.1535031255014812,0.017918669,0.0024957437415515926,0.2819780734528917,,
kic-007738913,2105855557957319296,19.43685,0.88604,2.66297,0.01355,2.0,2.0,,,4487.0,114.0,-0.39,0.23,285.91531677209747,43.48815445249911,14.385705,33163.82702597782,6.3206105,0.1405481956418205,0.014361637,0.003723384467068769,0.22263007477750285,,
kic-007740216,2105656821230381696,90.22029,3.29178,8.36676,0.07276,2.0,1.0,,,4601.0,121.0,-0.1,0.21,286.5998704487594,43.46580109215402,14.881599,21004.24824208322,4.531392,0.1874674033351918,0.018176148,1.100898224843963,0.2116636513068522,,
kic-007747518,2102820734067590528,54.54826,1.41977,5.64515,0.02848,2.0,2.0,,,4562.0,115.0,-0.1,0.21,289.89923475493976,43.462063577107294,14.889619,20849.670944943613,4.505227,0.1794428266860548,0.016592467,0.9654767017022223,0.20288165978946404,,
kic-007748226,2102809945109870848,54.14758,0.80416,5.72191,0.02492,2.0,2.0,,,4474.0,117.0,-0.3,0.2,290.1557407807872,43.472092813087464,14.470362,30676.222729532717,6.2935305,0.2188080687161225,0.015268531,0.9769058567842777,0.1542890799307563,,
kic-007749511,2126072621856681344,25.15116,1.63455,3.66283,0.25309,2.0,1.0,,,4807.0,143.0,-0.17,0.25,290.5638877381886,43.45861324230253,13.87807,52932.07403588271,7.721097,0.1890542864660196,0.011937513,0.06722983556610984,0.14016093735106155,,
kic-007749595,2126072312619032576,31.9914,1.49698,3.98794,0.0331,2.0,2.0,,,4709.0,141.0,0.08,0.24,290.59624674211955,43.41311336378729,14.231346,38230.34470247573,6.0600824,0.1600614957784394,0.013034152,0.03478596342703,0.17982572046140044,,
kic-007750516,2126063997562539520,13.71734,0.62285,2.16728,0.02326,2.0,2.0,,,4627.0,125.0,-2.58,0.32,290.91266798089464,43.47981335078539,14.885244,20933.83608737793,4.8161316,0.0750489894384488,0.017452832,-0.9318045642785808,0.5058172560033045,,
kic-007760875,2078180712845789824,33.11068,1.5222,4.07687,0.0628,2.0,1.0,,,4709.0,186.0,-3.2,0.6699999999999999,294.4417007282975,43.46487728065175,16.39589,5207.044076548509,4.669336,0.0269382579807404,0.05622274,2.0535992558145537,0.47541782950287387,,
kic-007765366,2078038875851271680,10.23721,0.81677,1.5933,0.18299,2.0,1.0,,,4546.0,130.0,-0.08,0.24,295.78145085228795,43.41980288767096,14.456054,31083.169069891417,7.175607,0.1272796180311953,0.015993265,-0.4319188681662105,0.27975894665818446,,
kic-007767419,2078784413456100224,16.9701,0.86794,2.25828,0.01579,2.0,2.0,,,4493.0,112.0,0.28,0.24,296.3640023098846,43.43527082753274,15.199215,15676.922081149944,4.1510673,0.0957371561174417,0.02128456,-0.40403596827710686,0.4887600740038388,,
kic-007769568,2078750809631358720,13.63275,0.62253,1.99036,0.0167,2.0,2.0,,,4491.0,119.0,-0.1,0.22,296.9619474131322,43.420574930640264,14.731968,24107.920594782587,7.7162976,0.041233458778756,0.03752679,-2.651993581866985,1.9774738899582978,,
kic-007770966,2078742769452786816,39.93808,0.81993,4.38967,0.02893,2.0,2.0,,,4598.0,163.0,-0.52,0.28,297.3053766772502,43.43566498513859,15.997825,7513.060633333395,3.1757631,0.1446035409239621,0.033043507,1.1931796609941028,0.5044505130687048,,
kic-007779192,2075970076010178432,61.27322,1.51748,6.27103,0.04019,2.0,1.0,,,4452.0,123.0,0.0,0.21,299.2759132060306,43.44921480600576,15.324683,13966.051662010135,3.7281237,0.2006384360249203,0.021211907,1.110105696147592,0.2541338525196575,,
kic-007779645,2075974920733410944,14.78819,0.95625,1.90737,0.06176,2.0,1.0,,,4500.0,100.0,0.2,0.2,299.38132883324437,43.45603335436054,11.393263,521965.4456062097,88.988976,0.5153913319394153,0.010893557,-0.5547050304651329,0.0890392370160601,,
kic-007815803,2102867085354558848,26.65368,3.6553,4.04322,0.48173,2.0,1.0,,,4837.0,137.0,-0.02,0.24,289.59535357143324,43.588118584979966,14.2374525,38015.93906800543,7.189711,0.1595748603633842,0.014501888,0.034280473436300696,0.20003055029869787,,
kic-007817856,2126828364300807040,27.03509,1.97378,3.75323,0.09353,2.0,1.0,,,4850.0,125.0,-0.31,0.23,290.3056013305249,43.58776332007038,13.841338,54753.456699561815,7.259018,0.2212669726024913,0.0113122305,0.32370499304423106,0.11681026698123781,,
kic-007817910,2126827436587868416,5.68007,0.39424,0.91785,0.20791,2.0,1.0,,,4490.0,103.0,-0.3,0.2,290.329056523628,43.55966397198912,12.9130745,128741.04754154567,23.489267,0.1954956871346048,0.011615849,-0.8734555721732455,0.13404137554505222,,
kic-007819259,2126080043560325504,33.06928,1.94931,3.97777,0.04059,2.0,2.0,,,4606.0,129.0,0.11,0.23,290.7492200917868,43.5874530694655,13.925448,50671.92605859674,8.310804,0.2156596494582416,0.012787214,0.424741281058612,0.13124211625528184,,
kic-007820858,2126046611535153408,16.84914,1.09474,2.33748,0.02146,2.0,2.0,,,4950.0,232.0,-0.3,0.34,291.26814870492836,43.54487218297144,16.730408,3826.3391200754418,2.160606,-6.367289103600092e-05,0.045398884,1.9404533227758414,0.4755249243970117,,
kic-007825987,2126267029255802368,29.26816,2.11943,4.48737,0.27575,2.0,1.0,,,5105.0,151.0,-0.63,0.26,293.08939772788636,43.595020544450854,14.442595,31470.893441884753,5.219956,0.1555224007408546,0.013658079,0.3046733545146001,0.19125317819111518,,
kic-007832748,2078100104906052352,89.84078,1.68419,8.51104,0.03298,2.0,2.0,,,4636.0,125.0,-0.6,0.22,295.21278484358413,43.58435833150372,14.490847,30102.882872187365,5.689254,0.3155088661802159,0.01512576,1.5741376550212642,0.12104642656565015,,
kic-007833137,2078096080514492672,44.85328,1.84353,5.1066,0.05192,2.0,2.0,,,4676.0,151.0,-0.32,0.25,295.3230546117311,43.51653433805335,15.653141,10320.250991221885,3.3270226,0.1404413085261185,0.026527017,1.0515129487735884,0.41329700973321104,,
kic-007834855,2078052963344093952,42.58741,0.98684,4.58023,0.02267,2.0,2.0,,,4576.0,138.0,-0.24,0.25,295.8321660291777,43.561443830015264,14.478698,30441.61841839829,5.539729,0.2073096070713208,0.016179303,0.7226927550088149,0.17693968362666343,,
kic-007836792,2078790873086980992,19.23887,0.61687,2.57803,0.01447,2.0,2.0,,,4525.0,134.0,-0.39,0.24,296.3932061746283,43.50423388931777,16.108658,6783.959990946502,2.5865371,0.0615461321138372,0.03141471,-0.5024349555930456,1.1115204392921125,,
kic-007836916,2078791422842847744,148.63731,2.16251,12.3165,0.04292,2.0,2.0,,,4582.0,135.0,-0.37,0.25,296.4289672507392,43.54853877611881,14.993579,18945.894855450355,4.3563366,0.3171599583272947,0.019164503,2.0639819767433245,0.14660691990883307,,
kic-007837080,2078790495131232768,6.43856,0.51669,1.1512,0.01661,2.0,2.0,,,4243.0,110.0,-0.0,0.21,296.4830864736849,43.53667089436173,14.764294,23400.71619568259,6.3718815,0.0793235680606488,0.020146066,-1.1504619796727056,0.5549439562764564,,
kic-007839164,2078759055963519488,61.42798,1.84595,6.37427,0.04309,2.0,2.0,,,4678.0,173.0,-0.49,0.28,297.05298175405983,43.56776642623363,16.063726,7070.600331899743,2.8347745,0.0846510800449986,0.03306767,0.09634854020236538,0.853102350578286,,
kic-007840977,2078834990989080192,98.39484,7.30692,8.99757,0.14048,2.0,1.0,,,4582.0,120.0,-0.6,0.22,297.50299549495276,43.52312976192253,14.470693,30666.889240518984,6.1929235,0.3444586848923854,0.015744915,1.3570659850531612,0.15565058315142036,,
kic-007841301,2078836777695596032,34.90118,1.0288,4.15982,0.02446,2.0,2.0,,,4550.0,122.0,-0.09,0.23,297.5737755071541,43.5855992176955,14.53281,28961.595589037683,6.3118525,0.2007682009507757,0.01572089,0.4165230602038257,0.19451274956718503,,
kic-007842373,2078653777732673664,28.43043,1.75003,3.58884,0.03893,2.0,1.0,,,4501.0,108.0,0.3,0.22,297.83718283317404,43.58859700587209,14.529303,29055.31363591808,9.29276,0.1815644615078009,0.01643994,-0.04752033797705835,0.23614951721195188,,
kic-007846650,2078603440714993664,11.46767,0.55786,1.74796,0.01483,2.0,2.0,,,4316.0,110.0,-0.0,0.2,298.83277987235107,43.50359022462877,13.969591,48653.06010971688,10.755302,0.2039770083298898,0.013975529,-0.3302588794359629,0.19571854631693322,,
kic-007847275,2078976243874760704,8.07713,0.39137,1.27391,0.03259,2.0,2.0,,,4442.0,107.0,0.1,0.2,298.9797990675817,43.55984415278729,13.233258,95861.33744678416,17.518873,0.2100334384158314,0.010590052,-0.8092829648606816,0.14700556541107962,,
kic-007848294,2075973477624276736,16.6159,0.75402,2.20051,0.01492,2.0,2.0,,,4481.0,104.0,0.2,0.2,299.2191862396176,43.517367640829235,12.587281,173793.8168119643,27.218996,0.3820562065180863,0.009775023,-0.228730677022984,0.12234004095356517,,
kic-007848379,2075973267159762304,15.5106,0.51865,2.04032,0.03033,2.0,2.0,,,4590.0,135.0,-0.4,0.23,299.23639520485045,43.51391010580003,15.247955,14988.719997509184,4.1410694,0.058668090587348,0.02216149,-1.6366832036060721,0.8274698059247346,,
kic-007879309,2106013750191891200,91.63571,2.41274,8.16575,0.05756,2.0,2.0,,,4792.0,150.0,-0.63,0.25,287.0683706591682,43.67448487765953,14.942111,19865.62810254171,13.034745,0.0259139161956214,0.046889905,0.35859267371749937,0.1916296296273313,,
kic-007880196,2106005297696329472,28.51464,0.8098,3.59197,0.02206,2.0,2.0,,,4570.0,128.0,-0.39,0.23,287.515421222024,43.69948487310431,15.380326,13268.331288013367,3.302341,0.1143167273375158,0.021588927,0.5497669267716709,0.41048887027312125,,
kic-007882363,2103058469095349248,110.21522,2.01244,10.03099,0.03287,2.0,2.0,,,4774.0,140.0,-0.56,0.25,288.5988715091426,43.68013868873789,14.309936,35560.88663808614,6.3177915,0.2697021393499695,0.01500555,1.3432499689769344,0.12217355852505138,,
kic-007886784,2126834171096680576,88.30673,1.88887,8.32822,0.0613,2.0,2.0,,,4769.0,188.0,-0.47,0.29,290.3768869636206,43.687060482692246,15.032631,18276.55430356439,4.5700564,0.1558734333361649,0.020088006,0.7300539172304887,0.282685493431727,,
kic-007888831,2126095986479588992,42.92025,1.65076,4.62568,0.0193,2.0,2.0,,,4524.0,123.0,0.2,0.22,291.0674919054684,43.67919346025946,13.469529,77114.3250952128,10.688273,0.3120003843063741,0.010839395,0.7707534510901688,0.0796122119708261,,
kic-007889484,2126047264370224768,28.08877,1.9169,3.96019,0.07898,2.0,1.0,,,4878.0,159.0,-0.25,0.26,291.2824133877271,43.626899898374624,14.639108,26260.53213356351,5.4135613,0.1750270854470345,0.017797353,0.6608614971419513,0.2227077239514965,,
kic-007890279,2126139417186919168,23.50238,1.03566,2.81338,0.02312,2.0,2.0,,,4408.0,114.0,0.5,0.21,291.52957930841524,43.67973424152372,13.749267,59599.17956546476,11.308911,0.2360390324792708,0.011786811,0.27508374158939475,0.11977199905080294,,
kic-007895497,2078232561696028544,58.01679,1.68865,6.19442,0.02469,2.0,2.0,,,4611.0,143.0,-0.42,0.24,293.40195093469976,43.62298269272766,15.61082,10730.46981693418,3.275514,0.132540327199174,0.023565425,1.0530089982304958,0.3869206822746185,,
kic-007898740,2078288671147193728,27.27478,0.7167,3.43753,0.03886,2.0,2.0,,,4547.0,127.0,-0.32,0.24,294.43575467383056,43.675464713908134,13.742179,59989.48349780553,8.569958,0.2472640433546698,0.012725644,0.44154624344312055,0.11868787037404399,,
kic-007899528,2078274377496132480,13.59149,0.51786,2.06357,0.03045,2.0,2.0,,,4426.0,212.0,-0.45,0.26,294.68368343326586,43.637816728461104,15.582561,11013.425068798651,3.4039955,0.0423711729710671,0.02441312,-1.5727457550098691,1.2519029375666824,,
kic-007901240,2078100311064493696,28.89292,1.86072,3.63978,0.06585,2.0,2.0,,,4807.0,163.0,-0.22,0.27,295.2065337193904,43.617305711587456,14.699399,24842.040865836116,5.0388904,0.1281249799886248,0.016937582,-0.1741991318895586,0.2936292337203489,,
kic-007901734,2078098352559504000,91.14196,2.35258,8.5368,0.08999,2.0,1.0,,,4630.0,137.0,-0.5,0.24,295.3487026564067,43.63757427830006,15.151155,16386.431829207813,4.317162,0.1831052108393413,0.023230668,1.077112903085597,0.2815625035155693,,
kic-007902612,2078058426542450432,69.56819,1.1592,7.24319,0.02326,2.0,2.0,,,4582.0,133.0,-1.21,0.27,295.63332974370957,43.68542313807111,14.032494,45914.458573664735,7.0659785,0.3286425642966436,0.014409012,1.1801242691456348,0.11550396845275895,,
kic-007906319,2078804548263349760,29.92083,1.53701,3.97638,0.02938,2.0,2.0,,,4760.0,141.0,-0.48,0.25,296.68777185512437,43.67258870007919,14.714029,24509.52971929673,5.171625,0.1440866856590147,0.016729103,-0.02572692197501425,0.2644850340814374,,
kic-007908859,2078839320316057600,8.40193,0.52732,1.39769,0.02923,2.0,2.0,,,4546.0,148.0,-0.55,0.28,297.3410708141175,43.620005956145754,15.999229,7503.343385833658,3.1968389,0.0513553994547378,0.03395839,-1.1744884149792654,1.4400017059575556,,
kic-007909849,2078836949494300672,12.85933,0.55447,1.93202,0.02002,2.0,2.0,,,4474.0,115.0,-0.5,0.2,297.5742835239742,43.60329197293376,13.727781,60790.31800063191,12.113399,0.2151707636105013,0.012451709,-0.1896210728728498,0.15295145174509278,,
kic-007910100,2078836502817755648,15.10719,0.75776,2.17632,0.01516,2.0,2.0,,,4434.0,118.0,-0.1,0.2,297.63259013576646,43.61072966107696,13.725038,60944.10492550936,13.300778,0.2240725871437865,0.011630933,-0.10433673567493074,0.14250643522788134,,
kic-007911062,2078655323920916352,22.95054,0.92889,2.88922,0.01254,2.0,1.0,,,4510.0,102.0,-0.1,0.2,297.86355628108595,43.61706057937212,12.463531,194775.56756169023,27.683792,0.4604578818078453,0.009994954,0.27884809176355674,0.08866221876551927,,
kic-007916381,2075980693169387008,45.66449,2.40204,4.66624,0.05357,2.0,1.0,,,4719.0,154.0,-0.38,0.25,299.177739549936,43.6267744052173,15.585498,10983.67242076132,3.5490828,0.1399448827809946,0.024117958,0.5886351404283978,0.3897795637774077,,
kic-007916858,2075982548595439360,32.53094,1.28373,4.03562,0.05009,2.0,1.0,,,4620.0,104.0,0.1,0.2,299.2859625826145,43.694693138570365,12.63356,166541.57537597115,24.749447,0.5178662289486382,0.010355918,0.5644397094965559,0.10539274037638201,,
kic-007917953,2076001652610455680,26.87005,1.21304,3.64267,0.1453,2.0,1.0,,,4531.0,132.0,-0.1,0.24,299.54239382923924,43.67052639904621,15.879252,8380.03143052342,3.0839455,0.0946363072459549,0.027273796,-0.11243663981394647,0.6393319870003209,,
kic-007936340,2116957876617938304,58.89387,3.15238,5.84265,0.0895,1.0,2.0,,,4659.0,105.0,0.1,0.2,280.4345734502959,43.788252877799025,12.533257,182660.32206480743,29.46384,0.5349886097403055,0.009351387,1.0054284848070303,0.04568966484542856,,
kic-007937495,2117275051362778880,143.73222,2.41787,12.09857,0.03527,2.0,2.0,,,4631.0,129.0,-0.11,0.23,281.2646605814609,43.77179397142348,14.793221,22785.48717473816,4.934111,0.3194729058686615,0.017552705,2.1700615655801005,0.12128201428719815,,
kic-007943773,2105818930476364672,29.60252,2.05004,3.99012,0.18749,2.0,1.0,,,4884.0,153.0,-0.34,0.25,284.6775409085093,43.71056316215412,14.210159,38983.70074265386,6.1205044,0.1805817238448964,0.013465743,0.29975516483482423,0.16451198321706237,,
kic-007944086,2105838790404916352,30.15378,1.54788,4.42881,0.11282,2.0,1.0,,,5046.0,127.0,-1.19,0.31,284.8432376929377,43.7178400856553,15.350121,13642.646024663709,3.6819336,0.0904584064275202,0.021140248,-0.03718553035857042,0.5081129220802768,,
kic-007951004,2103062935861565056,28.57636,1.79194,4.16483,0.26409,2.0,1.0,,,4671.0,112.0,-0.2,0.21,288.43110453037326,43.79564880795011,13.123863,106023.29042158477,16.30281,0.3040895615381916,0.0096022105,0.2724329718912628,0.07936564753510751,,
kic-007954295,2102828014034138368,22.83806,1.07158,3.06506,0.01943,2.0,2.0,,,4777.0,184.0,-0.53,0.3,289.8310182925579,43.72243582725427,15.667354,10186.036952676057,3.227421,0.0757981994576022,0.025869712,-0.10390274701266833,0.7415537515390566,,
kic-007954649,2126843791823213696,15.63456,1.18028,2.31702,0.06707,2.0,2.0,,,4543.0,137.0,-0.48,0.25,289.9720480011007,43.704062311898475,15.149051,16418.240278747755,4.4695587,0.0814691460518616,0.019996839,-0.4413127740082139,0.5334399162431884,,
kic-007955575,2126838672222404480,7.96596,0.64924,1.47204,0.07567,2.0,1.0,,,4594.0,123.0,-0.3,0.22,290.2867082874209,43.76889032667317,13.890068,52350.33618430977,10.862156,0.1272949673426464,0.012355688,-0.7796486377806566,0.21276541281158948,,
kic-007959506,2126129177984935296,44.31554,0.79937,4.93368,0.02797,2.0,2.0,,,4613.0,126.0,-0.21,0.23,291.6128271286907,43.71462869126045,13.452466,78335.81015902398,10.47866,0.3726057614873923,0.0108560575,0.9938330415392223,0.0789531578469429,,
kic-007969027,2078117937610226688,33.68327,2.61099,4.15129,0.21034,2.0,1.0,,,4705.0,158.0,-0.6,0.26,294.90642297397386,43.79172800254565,15.609594,10742.589620450388,3.5807035,0.0575127887161685,0.026901372,-0.8580214578647549,1.016483393722274,,
kic-007969058,2078117937610227968,31.02838,1.32324,3.98968,0.06108,2.0,2.0,,,4579.0,111.0,0.2,0.2,294.9159925098774,43.79096408817164,12.632041,166774.7990432611,33.243984,0.4456853170145716,0.0100369025,0.5380802455941573,0.07056009586535207,,
kic-007969362,2078117387854444032,35.09696,2.15362,4.17538,0.14762,2.0,1.0,,,4777.0,176.0,-0.74,0.29,295.00695269383897,43.7925103771035,15.899315,8226.611280716132,3.2325182,0.0359220164211649,0.030797642,-1.61454065392412,1.8622163942985395,,
kic-007969541,2078114295478011264,32.07461,1.71956,4.15718,0.14161,2.0,1.0,,,4919.0,112.0,-0.46,0.33,295.06675955144243,43.77374480974565,16.180216,6351.272874356203,2.9425542,-0.0060884681627583,0.036219716,0.43392346850967556,0.20716476114677726,,
kic-007969902,2078114467276749184,72.95792,2.6894,7.13892,0.03721,2.0,2.0,,,4593.0,162.0,-0.35,0.26,295.1779387917323,43.73407241928137,16.285746,5762.996199171743,2.8856559,0.1788211866170651,0.036590215,2.2329600738440956,0.44682823314239956,,
kic-007971217,2078058598341129088,59.39492,0.83243,6.10411,0.02563,2.0,2.0,,,4497.0,109.0,-0.2,0.2,295.58909574238425,43.70805604174952,13.7977915,56994.12694412551,9.028778,0.4307254491569282,0.018891482,1.5328053789225784,0.11553200888399846,,
kic-007971561,2078058048585366912,57.07575,1.73529,5.65242,0.0182,2.0,2.0,,,4499.0,105.0,0.3,0.2,295.6905304427667,43.70587600971157,14.128131,42043.06951317027,7.663412,0.2068737271811177,0.016845033,0.27066891152290573,0.18852260780361432,,
kic-007973062,2079547508882643584,27.32862,0.89552,3.20348,0.02252,2.0,2.0,,,4575.0,115.0,-0.0,0.22,296.12899338307744,43.72898357726994,13.746509,59750.73145778448,10.062353,0.2347966052872676,0.012923041,0.139757654999503,0.13802007938963362,,
kic-007973323,2079546821687899008,35.41853,1.14113,4.20553,0.02285,2.0,2.0,,,4805.0,139.0,-0.18,0.24,296.2046553234334,43.707722982480746,13.772693,58326.98028439279,9.300478,0.2539005417649345,0.012679072,0.3842439530582631,0.12479412555250784,,
kic-007976179,2078809908382658944,29.78615,1.65806,3.84075,0.02766,2.0,1.0,,,4563.0,130.0,-0.18,0.24,297.0261394663024,43.79169197627088,14.872038,21190.025988247173,5.0265956,0.1422340093292997,0.018750278,0.17684484834494363,0.29446463573372184,,
kic-007976306,2078762904259505024,39.83565,2.09672,3.99736,0.04651,2.0,2.0,,,4771.0,131.0,0.17,0.25,297.06167333363896,43.77491530300658,13.344347,86538.19729739364,14.484813,0.2747380901392971,0.012033707,0.07873096172887273,0.11752303851716642,,
kic-007977367,2078851964699823616,24.94912,1.26243,3.10166,0.01588,2.0,2.0,,,4627.0,139.0,-0.08,0.24,297.32139001341346,43.71691706802952,14.269828,36899.08406549239,6.61784,0.1680907687801258,0.014799309,-0.18377106104100882,0.21013059487779784,,
kic-007977661,2078854060643977344,34.43352,1.80054,4.20017,0.20264,2.0,1.0,,,4649.0,155.0,-0.35,0.25,297.38003604935295,43.7852475885467,15.772183,9248.546527667946,3.1054635,0.0973524559967807,0.027529918,0.22948560939424745,0.6183466798391271,,
kic-007983002,2078996241242539904,42.56183,1.12835,4.52667,0.02319,2.0,1.0,,,4737.0,115.0,0.2,0.2,298.6496602798621,43.72477538595082,13.317187,88730.28340783867,18.432571,0.3864595586972154,0.011162933,0.42917289860022834,0.13854225834167844,,
kic-007983291,2078993698621938944,32.76253,1.20671,3.94256,0.0684,2.0,1.0,,,4601.0,128.0,-0.21,0.23,298.7183969679546,43.738409043881994,14.554416,28390.996485047912,6.3341365,0.1949124900570203,0.016720477,0.08319352323756313,0.23186474461440967,,
kic-007984241,2078987720027641984,33.75916,2.32471,4.16455,0.31678,2.0,1.0,,,4593.0,112.0,0.2,0.21,298.9748563581477,43.75404824381962,14.096443,43288.20284497623,9.817283,0.3006326823684787,0.01335744,0.484025077389596,0.17867771765595994,,
kic-007987009,2075991344689049216,15.36096,0.85759,2.24832,0.01192,2.0,2.0,,,4484.0,117.0,-0.5,0.2,299.6436399030549,43.70240693236708,14.039757,45608.334474908275,10.427994,0.2049230560625181,0.014522873,-0.34693130467573674,0.20919050622578178,,
kic-007989410,2076038177008177152,33.23582,1.58318,4.20685,0.04015,2.0,1.0,,,4649.0,111.0,-0.4,0.2,300.2221375837479,43.75726645869346,13.496725,75206.75213859418,14.455313,0.3579957334444482,0.011974326,0.24712814807458727,0.1692274371222266,,
kic-007989431,2076038108288708096,19.38357,1.03573,2.51246,0.0138,2.0,2.0,,,4471.0,109.0,0.0,0.2,300.2273276254138,43.76223615350544,13.108056,107578.18358693486,20.266428,0.3378297074353008,0.012176895,-0.28998351634232833,0.17473914597721715,,
kic-008004884,2117149775755773184,32.59378,0.93304,4.11367,0.03267,2.0,2.0,,,4830.0,103.0,-0.1,0.2,280.2496558022041,43.867215723278925,12.5262575,183841.55883636812,30.976542,0.3912558796059013,0.008675436,0.2947890771473709,0.05624198191445341,,
kic-008012552,2106594498489764352,22.94263,1.09764,3.0777,0.01431,2.0,2.0,,,4619.0,139.0,-0.58,0.25,284.6384054676451,43.888925344303594,15.365711,13448.1405054025,3.4160268,0.0505742808246854,0.023721065,-1.284191615006245,1.0188122493217404,,
kic-008024193,2126839118899017600,43.33961,1.48664,4.78318,0.02375,2.0,2.0,,,4681.0,163.0,-0.51,0.26,290.25741696905095,43.82745130656411,15.713216,9764.733406959176,3.5296535,0.0527351360421108,0.026140338,-0.8458348401742484,1.0766800551345628,,
kic-008024418,2126837400912119552,116.87316,2.30163,10.34851,0.03954,2.0,2.0,,,4511.0,113.0,-0.3,0.21,290.322730691147,43.81056911233589,14.654094,25900.558119933863,5.3675327,0.2691752592925156,0.016102325,1.5620537242536763,0.13488512161043117,,
kic-008026325,2126100934281496576,20.83006,1.51392,2.82898,0.0346,2.0,2.0,,,4599.0,118.0,-0.2,0.22,290.9380447451068,43.836918539144285,14.013893,46707.79452722107,7.0069795,0.1876766543584586,0.012941711,0.11450667405338777,0.15498107296014,,
kic-008030004,2125966106668410880,134.19356,6.10298,11.46741,0.06149,2.0,1.0,,,4578.0,132.0,-0.56,0.25,292.2724111834249,43.82421157079501,15.064813,17742.7841658112,4.105651,0.2440774779248747,0.019327544,1.7360139451404653,0.17653404122282615,,
kic-008039850,2078106461457962112,27.64413,2.16033,3.98477,0.14089,2.0,1.0,,,4795.0,192.0,-0.33,0.29,295.5244117333368,43.81125979376975,16.044975,7193.7676478617,3.3648448,0.0207883118439816,0.037080918,0.5384906106948861,0.2820077701872158,,
kic-008041621,2079552216166824448,30.4155,1.37176,3.71406,0.01374,2.0,2.0,,,4482.0,130.0,-0.14,0.25,296.06802451177947,43.86594503829052,15.222066,15350.42200282914,6.311565,0.1844576705033282,0.024569247,1.1640039829488398,0.2950183980877958,,
kic-008042428,2079572797650188544,19.64087,0.87942,2.58081,0.03988,2.0,2.0,,,4611.0,147.0,-0.33,0.25,296.2992235692037,43.88415938217312,15.866955,8475.490879157893,3.0321102,0.0207835817856334,0.029103527,0.21579228623390279,0.4381519950422441,,
kic-008043213,2078822552766443392,39.0087,1.56475,4.4947,0.03951,2.0,2.0,,,4810.0,126.0,-0.41,0.23,296.5117500983506,43.8469954056533,13.968716,48692.33245933944,7.499951,0.1994817098002905,0.013886551,0.032242626128294205,0.16470347232533253,,
kic-008046580,2078854228140834048,34.63721,1.75281,4.0285,0.06482,2.0,2.0,,,4771.0,129.0,-0.11,0.23,297.39743422510173,43.8202060005927,11.900082,327276.0305260619,41.379715,0.5609576579588327,0.016095538,0.11185722577943125,0.10134625681096562,,
kic-008046857,2078848219488558464,31.1976,1.17293,4.09133,0.12439,2.0,1.0,,,4671.0,140.0,-0.32,0.24,297.46186924691114,43.831328033211186,15.276958,14593.630512977405,3.6232533,0.1000863787087948,0.021414416,-0.35092869645547964,0.4741129162512377,,
kic-008046941,2078848150769079424,84.56513,3.27306,8.16719,0.05975,2.0,2.0,,,4559.0,124.0,-0.41,0.23,297.4772519747393,43.810648764397556,15.297254,14323.373993843428,3.884557,0.1984699283316521,0.022101711,1.1559659876849224,0.2596125637560845,,
kic-008047508,2078847360495208064,32.53616,1.37213,4.05932,0.05523,2.0,1.0,,,4697.0,128.0,-0.2,0.22,297.60621745231845,43.81662707291609,14.553043,28426.8886795399,6.494252,0.1493619285858156,0.016393946,-0.20551901335709388,0.25637816547596887,,
kic-008053148,2078989541093838208,20.13088,1.12642,2.60465,0.02504,2.0,2.0,,,4490.0,117.0,-0.1,0.21,298.95755604667283,43.895464944054645,15.179354,15966.33392706738,3.9544668,0.0967313793100366,0.01992054,-0.7405650660698004,0.46491480548868763,,
kic-008056283,2075998594593991168,11.16639,0.605,1.68102,0.02181,2.0,1.0,,,4490.0,130.0,-0.08,0.25,299.7263933942529,43.87782860832399,15.947759,7867.619325234128,2.9154599,0.0335034598528071,0.031088097,-2.395656612964437,2.0201588878001067,,
kic-008059282,2076035187711229696,40.63477,1.82394,4.28519,0.01535,2.0,2.0,,,4520.0,116.0,-0.7,0.23,300.4838085426455,43.86198054201179,14.5458355,28616.24114953981,28.802471,0.1088113986972678,0.06312878,-1.2154349600877712,1.2677605711820463,,
kic-008076888,2105364175039063296,31.14179,1.36003,4.06777,0.04696,2.0,1.0,,,4785.0,132.0,-0.18,0.24,282.3492142404409,43.9320829383861,12.71845,154016.44147264914,25.28591,0.376898547861863,0.009174586,0.40579951316303564,0.06032329399201771,,
kic-008082086,2105848892168320512,120.18969,1.8473,10.61665,0.0332,2.0,2.0,,,4773.0,122.0,-0.71,0.24,285.0039317889491,43.96809574663688,14.510274,29569.034879838837,5.245993,0.2708143652181006,0.014322027,1.5040812941188246,0.11762106450096844,,
kic-008086730,2106032029572800384,182.1401,6.75481,14.82151,0.08128,2.0,2.0,,,4833.0,113.0,-0.9,0.22,287.52465200715125,43.94994025202847,14.1834545,39954.41679710073,6.388689,0.4114027300997236,0.013739841,2.0852391531828225,0.07685225815260881,,
kic-008091130,2126900004355713408,167.98285,3.75937,13.28623,0.04429,2.0,2.0,,,4575.0,120.0,-0.1,0.22,289.58282587722636,43.95349665482809,14.882237,20991.894182910182,4.709328,0.3082009524088687,0.018457504,2.156855688536554,0.13250869943995966,,
kic-008093028,2126865713336594560,7.58135,0.91902,1.34728,0.06829,2.0,2.0,,,4671.0,120.0,-0.2,0.2,290.2580563901472,43.99215567808589,14.353202,34171.66164128743,6.3717756,0.0893639747493248,0.01409054,-1.1574232042381798,0.34471342256704207,,
kic-008094944,2126114918695302144,90.44685,2.22019,8.52975,0.0339,2.0,2.0,,,4641.0,114.0,-0.31,0.23,290.8478326021478,43.93911001907346,15.018858,18509.873517244152,4.728418,0.2111165637154342,0.019821186,1.3992535657866405,0.20708618933477188,,
kic-008095826,2126193396335850752,30.33788,1.30364,3.86523,0.03546,2.0,2.0,,,4676.0,113.0,0.0,0.2,291.1683336202721,43.94557572012641,13.0486,113633.6068426474,16.373549,0.3213017306740924,0.009793324,0.38939251658841556,0.07228792809345765,,
kic-008097937,2126157456049798528,194.77045,3.03219,14.73036,0.08745,2.0,1.0,,,4531.0,115.0,-0.2,0.22,291.9260743020021,43.9289716373868,14.294852,36058.3527759389,7.465825,0.5099350046278238,0.015837206,2.517545337944812,0.0823352161874765,,
kic-008098104,2126158830439358976,19.87585,1.05603,2.67501,0.01869,2.0,2.0,,,4553.0,114.0,-0.1,0.21,291.9863039077831,43.952285539700746,14.201152,39308.459997989536,7.1182837,0.1668361648809026,0.013862903,-0.0022777982510131523,0.1865136164199934,,
kic-008098222,2125971020111234048,48.38122,1.52433,5.33731,0.02807,2.0,2.0,,,4644.0,127.0,-0.4,0.21,292.031039554811,43.91209823614564,14.9805,19175.497510481513,4.1051836,0.1723370203008805,0.018538201,0.8475121103884327,0.23831170878615274,,
kic-008098853,2125973356573257856,121.54746,3.50793,10.42765,0.03048,2.0,2.0,,,4821.0,138.0,-0.32,0.24,292.27267436528797,43.91249462439885,14.018625,46504.66970094656,7.015159,0.34853387770413,0.014027289,1.4876340147439073,0.0946458245744697,,
kic-008098925,2125972772457735936,8.31637,0.55749,1.40544,0.02286,2.0,2.0,,,4642.0,132.0,-0.11,0.23,292.29303736865864,43.94597989689393,14.794866,22751.00750605848,6.143558,0.1160423861223699,0.018300623,-0.14848833809352513,0.34477932168837155,,
kic-008105978,2078311314215393920,46.22595,1.44051,5.11865,0.02965,2.0,2.0,,,4756.0,177.0,-0.23,0.28,294.6870719396179,43.99013511693174,15.768064,9283.70410510718,3.3992774,0.1122078344876402,0.02890348,0.6790775173134929,0.5616550962582642,,
kic-008106066,2078286678282561152,149.08936,2.44385,12.00882,0.02089,2.0,2.0,,,4519.0,111.0,0.0,0.2,294.718374595592,43.92097653083821,14.161609,40766.490991908686,6.592647,0.4002026097201093,0.014768738,1.8339061942844168,0.0949147100109015,,
kic-008106824,2078120304132074880,124.66148,1.93043,10.56936,0.03323,2.0,2.0,,,4861.0,176.0,-0.47,0.29,294.97287728032774,43.928677124841144,14.297523,35969.77591287759,6.643197,0.3300906533534591,0.015913028,1.5515867489993216,0.1163861774615519,,
kic-008107042,2078119793036221312,19.14279,0.65328,2.55339,0.03171,2.0,2.0,,,4694.0,157.0,-0.57,0.26,295.04109048241867,43.928680482142646,15.72331,9674.370654701155,3.4945831,0.0497653946647552,0.027491884,-1.6882519634092787,1.2070948465621862,,
kic-008108286,2079612380068898944,31.75286,1.71908,3.95849,0.03584,2.0,2.0,,,4760.0,152.0,-0.13,0.26,295.44652951294114,43.976103798998984,14.865899,21310.17902202629,4.3998227,0.1436103583100986,0.01887384,0.3611686396483247,0.2886947161787101,,
kic-008108292,2079612414428642048,10.79357,1.02762,1.6446,0.01785,2.0,2.0,,,4592.0,110.0,-0.2,0.2,295.44859021550405,43.98318039839698,12.899163,130401.14090207712,18.996233,0.2566849160397343,0.012489096,-0.3444944476041609,0.11429612827006683,,
kic-008108548,2079609008512397824,51.46986,1.65967,5.57722,0.02176,2.0,2.0,,,4601.0,147.0,-0.63,0.27,295.52623153114695,43.91947793893683,15.901355,8211.165385309894,3.2185414,0.1048223833921331,0.029885435,0.640301164576746,0.6214929081375713,,
kic-008109910,2079565410308581120,150.42319,2.78651,12.26838,0.08176,2.0,2.0,,,4548.0,121.0,-0.21,0.23,295.93174563715206,43.97290586461775,15.056137,17885.11796586518,4.4196224,0.3090938866703221,0.019594729,2.119043462427973,0.14942977282503725,,
kic-008111363,2079573072528117504,30.83246,1.63016,4.10909,0.07167,2.0,1.0,,,4769.0,149.0,-0.16,0.25,296.36135769017244,43.906303996140835,15.085282,17411.412058382586,4.515328,0.1221616955394241,0.020819925,0.08396847549786024,0.3758164413002257,,
kic-008111432,2079574962313743872,55.42708,1.71464,5.3738,0.02097,2.0,1.0,,,4861.0,125.0,-0.42,0.26,296.3818030497694,43.96770742105091,13.684804,63244.85831842805,9.504349,0.236487204208246,0.0118789645,-0.02747614339835991,0.1396453822524179,,
kic-008112041,2078829046757044224,29.80524,1.30506,4.02028,0.08155,2.0,1.0,,,4732.0,135.0,-0.2,0.23,296.56474054128165,43.91512813038126,15.210364,15516.75724342668,4.488672,0.1379862698137781,0.019768348,0.4251114203199027,0.31946595010074097,,
kic-008113853,2078904741259607552,30.39012,1.20184,3.85755,0.03227,2.0,2.0,,,4584.0,110.0,0.0,0.2,297.05637832938686,43.91772134943099,13.496724,75206.78284231745,12.3741865,0.3193889273494232,0.0119464435,0.397822953043546,0.12353134234610984,,
kic-008114515,2078865605516389504,60.31153,1.70779,5.93746,0.06987,2.0,2.0,,,4452.0,129.0,0.02,0.24,297.2101591406392,43.98697579096377,15.121702,16837.039692919217,4.37786,0.1603607066815591,0.020956688,0.590095027865777,0.29582624190140516,,
kic-008127942,2076035874906087296,23.79185,1.5349,3.09817,0.02449,2.0,2.0,,,4465.0,110.0,-0.2,0.2,300.5361214951055,43.93274216265923,12.239848,239335.70211443945,32.83247,0.5567474455780955,0.008431302,0.47746478909803614,0.08061352480905072,,
kic-008153552,2106075082325704832,68.09378,2.47861,6.90973,0.0527,2.0,2.0,,,4577.0,141.0,-0.57,0.26,286.89317908678066,44.03787829886571,16.104918,6807.373403822794,2.510953,0.1202480527717072,0.031176014,1.384200273870464,0.5632781916730089,,
kic-008162456,2126118801345690752,40.96393,2.48537,4.57927,0.04938,2.0,2.0,,,4675.0,137.0,-0.51,0.24,290.6220473066924,44.062025740882696,15.228001,15266.750213851496,4.1731567,0.097004777958151,0.020961028,-0.056027762352112376,0.4703551275152362,,
kic-008163974,2126195251762258176,8.84145,0.55829,1.44066,0.01892,2.0,2.0,,,4432.0,119.0,0.0,0.2,291.13413164185823,44.00011122145946,14.697653,24882.02758125467,5.889297,0.0579641669179896,0.01758853,-1.801429796286989,0.6605979513867952,,
kic-008166041,2126160784644805248,30.35713,2.36023,3.83645,0.1395,2.0,1.0,,,4698.0,121.0,0.0,0.22,291.90625071608736,44.09751465775623,13.25782,93717.0596623295,12.483519,0.3107672989258927,0.010679459,0.4535589752708482,0.08465076130402699,,
kic-008166303,2126166114703943680,30.55726,2.21825,3.78076,0.04507,2.0,2.0,,,4595.0,121.0,0.5,0.21,292.01298592055673,44.0948788880529,14.676678,25367.38980789733,5.431432,0.1548401308121732,0.015379324,0.21432846300621833,0.2243489396998915,,
kic-008175447,2078126390106073856,147.81819,3.15294,12.49025,0.12057,2.0,2.0,,,4519.0,112.0,-0.3,0.21,295.09626476131444,44.02631834090982,14.495135,29984.22385912597,5.453179,0.4222128773319294,0.015418321,2.235246759514876,0.0983232224715598,,
kic-008176643,2079615197567504000,30.59136,1.23187,3.78734,0.04332,2.0,2.0,,,4513.0,118.0,0.31,0.22,295.4655401456082,44.0647122675984,14.310423,35544.930401587124,6.5720434,0.1976462573726488,0.014098026,0.3296555620659358,0.16957706612898643,,
kic-008177668,2079569980152029312,30.18068,2.78617,3.98105,0.05874,2.0,2.0,,,4632.0,120.0,-0.2,0.21,295.7833564964254,44.06000293998421,14.87944,21046.053910472823,5.203022,0.1538273090048135,0.016911339,0.4512832271188181,0.24486741076239738,,
kic-008178143,2079570667346897536,35.56952,1.48531,4.33049,0.03141,2.0,1.0,,,4558.0,120.0,-0.3,0.2,295.9162562888865,44.07577128457917,14.716051,24463.92811185271,5.379297,0.1545056083092935,0.015745034,0.15211866010757547,0.23407024963227768,,
kic-008178752,2079590458556316672,28.97499,1.99925,4.37837,0.11425,2.0,1.0,,,4855.0,121.0,-0.78,0.26,296.10445368591667,44.06582568554546,14.917036,20329.769680963447,5.147762,0.1980852169598989,0.018180713,0.9895291426730743,0.20865417069767989,,
kic-008179555,2079582276636692736,33.34986,1.12614,4.051,0.0305,2.0,2.0,,,4545.0,141.0,0.33,0.25,296.354417831016,44.08166505180425,15.087126,17381.86069908018,4.6587844,0.1410349392581154,0.019872721,0.3493276269002141,0.31448453621906175,,
kic-008182114,2078908074154317312,45.61427,1.44869,4.98332,0.02266,2.0,2.0,,,4565.0,112.0,-0.2,0.21,297.0691589221139,44.07067386865777,14.5895605,27486.692476083383,5.2103295,0.2201601409303157,0.015744258,0.697713995243813,0.17990182523301748,,
kic-008183871,2078887355231027200,29.61793,1.66883,4.06684,0.65826,2.0,1.0,,,4593.0,141.0,-0.15,0.25,297.48495633491035,44.074366055011446,15.348273,13665.870682277404,3.4220831,0.1319353464618183,0.020450028,0.34453883175241984,0.348619836876692,,
kic-008187738,2079049906851509760,47.83475,3.78948,4.56472,0.07109,2.0,1.0,,,4817.0,147.0,-0.36,0.25,298.42385145774966,44.00601091732248,11.987603,301929.5338133886,40.068913,0.4439265894065301,0.00959669,-0.5267108403338625,0.12202139681398852,,
kic-008189083,2079006617883948032,9.75425,0.59553,1.45167,0.02747,2.0,2.0,,,4510.0,116.0,-0.1,0.22,298.7485496546507,44.01341103527181,15.376962,13309.50474462456,4.186338,0.0721662020947104,0.023120793,-1.1306814597831476,0.705957876242756,,
kic-008190256,2079027130648001792,35.6758,1.6408,4.01676,0.04772,2.0,2.0,,,4605.0,121.0,-0.0,0.22,299.03608823611245,44.04617406145901,14.582862,27656.800005231988,6.8561,0.0991338115095099,0.018754743,-1.356449803934817,0.4333917347034285,,
kic-008195115,2076048897246834304,21.23179,0.43046,2.80508,0.03285,2.0,2.0,,,4319.0,110.0,-0.0,0.2,300.3370064380789,44.03671323675153,13.931447,50392.73496954874,11.42902,0.3201467382345241,0.012587623,0.343998848510255,0.18767440012982947,,
kic-008196552,2076057379794882176,34.78546,1.02115,4.15714,0.02121,2.0,1.0,,,4707.0,115.0,-0.0,0.2,300.73403922970124,44.007431223200435,12.206975,246692.87251111065,27.748148,0.5488399947259472,0.009206252,0.257247015633153,0.10365418155747591,,
kic-008197116,2076062709862252416,26.1858,2.51783,2.84516,0.04109,1.0,1.0,,,4501.0,113.0,-0.09,0.22,300.8684968627984,44.02198911428046,15.224978,15309.299897961268,4.0707254,0.1505671847210329,0.019351747,-0.09745030452533499,0.33300503179725655,,
kic-008197971,2075873387705755520,17.74079,1.46666,2.32532,0.02875,2.0,2.0,,,4373.0,133.0,0.17,0.26,301.0942125204222,44.06976813369223,14.865849,21311.170586117187,6.2992167,0.1633222262024792,0.018260652,-0.3284476980769817,0.3076354497840715,,
kic-008210355,2117339475872508672,33.39648,1.01049,4.166,0.0536,2.0,1.0,,,4895.0,117.0,-0.4,0.21,280.76289818615146,44.18512991811615,13.101469,108232.84330002056,14.044525,0.2975201963469777,0.010337838,0.2752784520901752,0.08085647058748299,,
kic-008210594,2117335829441245440,9.08005,0.46509,1.45688,0.01995,2.0,2.0,,,4400.0,101.0,-0.2,0.2,280.9284147278443,44.16284420374521,12.117384,267912.6831654539,51.211792,0.3578596470357686,0.009228594,-0.259381948397472,0.060092438839599,,
kic-008221896,2106053092093129472,72.66417,1.88726,7.14098,0.0247,2.0,2.0,,,4608.0,165.0,-0.28,0.27,287.1130796643197,44.138585315869605,16.345308,5455.362586818573,2.503408,0.0273521003524596,0.03529737,0.7951415719108574,0.5052518708962108,,
kic-008222825,2106043093408840576,31.80088,1.22188,3.80989,0.01743,2.0,2.0,,,4474.0,115.0,-0.1,0.2,287.5981452112278,44.17131392022543,14.005671,47062.87031041809,8.157747,0.2280263460259075,0.013185717,0.529158549982002,0.13177321143595985,,
kic-008226161,2126918421175455360,28.6819,1.79349,3.68887,0.04602,2.0,1.0,,,4620.0,127.0,-0.0,0.22,289.2450727642585,44.18290743861809,14.960685,19528.675952300942,5.0392666,0.1325944172005177,0.020475935,0.30687360374905026,0.33770364556678556,,
kic-008228252,2126882240371222528,8.46931,0.31475,1.29607,0.02277,2.0,2.0,,,4473.0,113.0,0.4,0.2,290.05986234016547,44.14083522314107,12.343418,217560.1796869363,41.276627,0.3312331054743681,0.008865351,-0.2981292943965297,0.06854107265474374,,
kic-008228555,2126879354152737024,72.89494,2.39705,7.42781,0.04506,2.0,2.0,,,4694.0,138.0,-0.68,0.24,290.145921201011,44.12305889449241,14.647538,26057.420600623485,5.31448,0.2610155866131807,0.01696831,1.4886542344800322,0.14576555582082784,,
kic-008228743,2126880178786489728,39.44997,1.10251,4.55286,0.01276,2.0,2.0,,,4632.0,134.0,-0.39,0.23,290.19968492769226,44.147870304063595,14.44374,31437.68968192242,5.6522193,0.1584097057638011,0.015349361,0.20043296035437308,0.21352219119440324,,
kic-008229389,2126867500043097088,34.11336,3.32764,4.15367,0.08319,2.0,1.0,,,4757.0,157.0,0.07,0.26,290.40772171896026,44.11025582317697,14.539154,28792.87853833999,5.495535,0.1597476113904967,0.015716061,0.3383314737619507,0.21611883480668057,,
kic-008229481,2126873890954466560,29.87526,1.25709,4.01418,0.07581,2.0,1.0,,,4896.0,161.0,-0.22,0.26,290.4437176519945,44.1736945142553,15.164997,16178.859924454611,3.9062576,0.082571705171464,0.019763622,-0.44461954164032846,0.5205563057755134,,
kic-008234704,2126352103968856960,50.76968,1.68702,5.58515,0.02318,2.0,2.0,,,4623.0,147.0,-0.45,0.25,292.32020123252045,44.18517975549789,15.690135,9974.533835116375,3.0936196,0.1878918278420864,0.024314485,1.8416800647241836,0.28289968529783394,,
kic-008242560,2078317155371806208,32.4432,2.05583,4.1176,0.05637,2.0,2.0,,,4564.0,126.0,0.09,0.23,294.99496918228516,44.168325344408835,14.449039,31284.63216073012,5.204041,0.1999350668102288,0.014404195,0.6628246714753772,0.16240413850698823,,
kic-008243279,2079626570640807936,34.07765,2.29254,4.16907,0.02953,2.0,1.0,,,4606.0,110.0,0.3,0.2,295.23044042945855,44.11736745588744,13.118013,106596.15822635592,14.9685135,0.3564711899840279,0.009532499,0.4905895641084488,0.08216583007275495,,
kic-008243704,2079627670152522624,77.90685,1.68699,7.22907,0.01597,2.0,2.0,,,4445.0,118.0,0.2,0.2,295.3561965737436,44.16535919071398,14.563886,28144.437072898323,5.700957,0.2947004851663888,0.015784523,1.4748014703184538,0.13343256357550964,,
kic-008246608,2079579871455150336,53.85178,1.23655,5.77207,0.01992,2.0,2.0,,,4546.0,140.0,-0.38,0.25,296.26632781329675,44.110459038789806,15.654555,10306.816555773736,3.835793,0.1160671275485719,0.026076857,0.517890770115109,0.4927255874407813,,
kic-008248414,2078922294780011136,27.44478,1.23809,3.16879,0.01272,2.0,2.0,,,4500.0,102.0,-0.1,0.2,296.7855256708121,44.102190690937135,13.454158,78213.87062947058,13.512619,0.2987680901064912,0.011068234,0.2737322748792206,0.11599329270985448,,
kic-008250675,2078867392222827136,41.33903,1.3814,4.6218,0.02704,2.0,2.0,,,4454.0,139.0,-0.3,0.24,297.36670453633286,44.115901062578,16.420269,5091.42029097118,2.4007642,0.1217146804748493,0.034349445,1.2898870372232345,0.6184888338465785,,
kic-008255716,2079055065116376064,6.02139,2.418,0.99238,0.06006,2.0,2.0,,,4311.0,113.0,0.2,0.22,298.59384988778385,44.12940630113084,12.351883,215870.58388122087,40.204594,0.2883279713962952,0.009932141,-1.196439086601952,0.14753249723567366,,
kic-008258409,2079019571505694464,10.39439,0.55593,1.66752,0.03174,2.0,2.0,,,4274.0,126.0,-0.1,0.22,299.29204294868674,44.10302426602435,14.324897,35074.22483228459,9.548452,0.1684420246354194,0.015064865,-0.7539306905908756,0.26592905187212224,,
kic-008260516,2076097172680526208,84.05984,4.59482,8.14592,0.06604,2.0,2.0,,,4564.0,117.0,-0.28,0.26,299.8622015687284,44.10404551282185,15.369291,13403.872458410802,4.9300613,0.2411352829500566,0.023618627,1.11795804839997,0.2750476802858518,,
kic-008264745,2075877579593879424,22.82336,0.86504,2.67022,0.01652,2.0,2.0,,,4482.0,118.0,-0.2,0.21,301.02918606699734,44.15495880313066,14.930455,20080.038063234373,5.340505,0.1061789229244833,0.018700136,-1.1262117186019402,0.4218447067497478,,
kic-008264759,2075877579593837184,34.85757,1.83357,4.1314,0.29605,2.0,1.0,,,4589.0,122.0,-0.3,0.22,301.0327954446915,44.14997892925489,14.620621,26711.509098349183,6.1199794,0.2393172644053024,0.016878063,0.32863285286802935,0.23483546066040994,,
kic-008264942,2075876754960127616,35.15071,3.64988,4.24493,0.09746,2.0,1.0,,,4675.0,140.0,-0.32,0.24,301.07268182991817,44.12564004667141,15.016316,18553.25856314311,4.77692,0.161508936226471,0.019359369,-0.20222436992369985,0.3216244319818756,,
kic-008283860,2106700051605653504,104.29268,4.0193,9.68701,0.06705,2.0,2.0,,,4605.0,141.0,-0.64,0.26,284.76143439314467,44.2848733426111,15.4801855,12102.427301267491,4.105075,0.1623421683449441,0.025309544,1.2901262357925543,0.34048213978196173,,
kic-008285501,2105911495610862464,25.65926,2.18764,3.72778,0.21577,2.0,1.0,,,4720.0,122.0,-0.2,0.21,285.69275299853774,44.21387428687692,14.231588,38221.82313642769,6.4590364,0.157529956358985,0.013719949,0.07307416885178597,0.19037501137573093,,
kic-008292928,2126920173522189184,53.1329,2.11203,5.54212,0.02539,2.0,2.0,,,4557.0,133.0,-0.12,0.24,289.3801596748667,44.29570416072195,15.685897,10013.54677312173,3.4490082,0.1447563977988817,0.027107244,1.2468698605708468,0.40825242338391926,,
kic-008293497,2126910518435769216,31.63075,1.58205,3.99667,0.03717,2.0,2.0,,,4817.0,143.0,-0.08,0.25,289.58607914476545,44.25896926011769,14.13706,41698.719268409695,7.165163,0.1777896873195221,0.013443805,0.21704163697884482,0.16615685017174942,,
kic-008294006,2126907907095710720,62.8976,1.72253,6.27351,0.02153,2.0,2.0,,,4544.0,125.0,0.18,0.24,289.7576619372676,44.23596095214889,13.768345,58561.019292971614,8.77075,0.3869110461565984,0.016188994,1.5368494504513492,0.09435051204162535,,
kic-008296691,2126215214770126976,37.55957,1.57716,4.28676,0.03064,2.0,2.0,,,4775.0,110.0,-0.4,0.2,290.68105516786994,44.23623146222244,13.013528,117364.14884446992,22.105288,0.3096871143133048,0.012592123,0.20170608633800136,0.09691793866135362,,
kic-008297744,2126206830994204800,7.69238,0.379,1.23321,0.0142,1.0,2.0,,,4490.0,109.0,0.1,0.22,291.06095241340876,44.257694202665995,13.226349,96473.31000998242,17.255642,0.1557943209227601,0.010169025,-1.0531088633791867,0.14631932370722622,,
kic-008298199,2126204082215212032,54.68182,2.95196,5.95292,0.04315,2.0,2.0,,,4542.0,142.0,-0.36,0.25,291.2313176561882,44.20443469003946,15.922685,8051.430889096154,2.9000454,0.1100574270531951,0.0285324,0.8159009894818663,0.5649325180133579,,
kic-008299991,2126172093298430720,63.71983,2.92788,6.8127,0.03839,2.0,2.0,,,4722.0,155.0,-0.61,0.26,291.90035906099934,44.24832882000098,15.313425,14111.617244143245,3.9128983,0.1394069578382998,0.021223443,0.8410744425621459,0.33186239544031415,,
kic-008302597,2126320664807890944,25.45515,0.74725,3.22518,0.01948,2.0,2.0,,,4534.0,126.0,-0.12,0.24,292.91465360950843,44.2141603883068,14.5802145,27724.331468552817,6.252765,0.143230142733986,0.016176555,0.11817064745045514,0.247925010396694,,
kic-008307158,2078330074632576128,26.69155,0.47608,3.28019,0.02145,2.0,2.0,,,4417.0,113.0,0.07,0.25,294.5215659903631,44.24463199460634,15.483719,12063.11099841858,3.6427598,0.1196258729883025,0.022497742,0.5095206141076396,0.4120039351747531,,
kic-008308528,2078317980004854144,28.66812,3.6503,3.92615,0.0881,2.0,1.0,,,4872.0,225.0,-0.59,0.34,294.95520867352025,44.20259771263457,15.856814,8555.018049243128,3.0223842,0.1187671044962235,0.026654478,0.9396356539820623,0.4892823368104389,,
kic-008309162,2079631552803744896,44.79951,1.57589,5.00497,0.03421,2.0,2.0,,,4584.0,137.0,-0.21,0.24,295.15105116823815,44.26988568399216,15.4888115,12006.659432856794,3.5835109,0.1107116597613284,0.024170065,0.394897519922214,0.4764131745712073,,
kic-008316523,2078939612088125568,47.40897,0.98349,5.18618,0.01384,2.0,2.0,,,4565.0,112.0,-0.4,0.21,297.3043064193564,44.28275221135924,13.12449,105962.1236004508,16.626366,0.455834654592426,0.009747876,0.9340947433192994,0.08623529199573585,,
kic-008320975,2079071454711504640,29.40549,1.77892,4.0231,0.06494,2.0,2.0,,,4576.0,160.0,-0.47,0.28,298.3650164327523,44.29442541385139,15.871955,8436.550546294951,2.9399436,0.0747972550457272,0.030814866,-0.5094863309722406,0.9016624024300336,,
kic-008321420,2079059841120018048,83.89304,1.90063,7.92198,0.01934,2.0,2.0,,,4567.0,110.0,-0.1,0.2,298.47912708992794,44.28127178122689,13.170197,101594.04743847164,15.959301,0.5755713741913326,0.010458769,1.1713802209474533,0.12622296461645413,,
kic-008323039,2079032387688196736,43.97993,3.8753,4.51562,0.35605,2.0,1.0,,,4547.0,115.0,-0.2,0.21,298.88875892147763,44.21767748766551,14.0843935,43771.28721381801,8.001407,0.279427124171628,0.014295916,0.49220193588428707,0.16613856216732548,,
kic-008324580,2079025064760618752,11.86175,0.65623,1.68038,0.01502,1.0,2.0,,,4352.0,113.0,0.2,0.2,299.29555660876895,44.255753664901945,14.014405,46685.79786979181,10.834988,0.1808184597669726,0.013067799,-0.8862394686375374,0.2373230530793102,,
kic-008326256,2076110916575892992,90.9534,6.12681,8.38364,0.34119,2.0,2.0,,,4520.0,121.0,-0.49,0.23,299.76691715300484,44.26429357664243,14.461875,30916.95857992469,6.7446423,0.3705943435607777,0.017296854,1.186264141911634,0.1962169913129137,,
kic-008329116,2076080817444355456,26.32884,1.39739,3.62063,0.06555,2.0,1.0,,,4555.0,110.0,-0.3,0.2,300.644682272122,44.26566911330378,13.189649,99790.04510615164,19.099493,0.45150723172212,0.010675969,0.25189259856587043,0.18877875197519609,,
kic-008330078,2082071781423979136,33.86826,2.03411,4.09993,0.07264,2.0,2.0,,,4491.0,112.0,-0.1,0.21,300.8924530671291,44.27807394627149,14.904587,20564.214568815965,5.131839,0.2132282936273357,0.017519696,-0.09825758165470333,0.3047482110665318,,
kic-008330119,2082071815783724672,34.52942,1.72896,3.7039,0.06219,2.0,1.0,,,4403.0,171.0,-0.36,0.53,300.90184292242753,44.2998891690225,15.216398,15430.758202208262,5.879357,0.2148749017432509,0.020614143,0.23025771658008054,0.3231668007333349,,
kic-008330771,2081882940304026240,25.1171,1.51146,3.10727,0.02669,2.0,2.0,,,4447.0,125.0,-0.3,0.21,301.0682337821532,44.21636807293014,15.1475,16441.694464736618,5.1031976,0.1786837117962529,0.020703122,-0.021149459956642858,0.3305325790010444,,
kic-008330898,2081883112102760192,13.90972,0.59376,1.9186,0.01655,2.0,2.0,,,4308.0,120.0,0.17,0.25,301.0940816642529,44.25400785770295,13.621609,67035.28233494339,15.104932,0.3016310083810225,0.011470033,-0.11942628743645756,0.18967939617896848,,
kic-008331425,2081881119238033152,19.54022,0.68247,2.58604,0.02531,2.0,2.0,,,4343.0,134.0,-0.15,0.26,301.2223416440763,44.252411537742695,15.8707905,8445.599265197774,3.6722546,0.1279715582051425,0.028879581,-0.45870540031049956,0.5642739033012378,,
kic-008333074,2081894656975474176,10.44947,1.02744,1.46581,0.04914,2.0,2.0,,,4372.0,121.0,0.01,0.23,301.739025767943,44.256986827677366,13.316003,88827.16220674405,21.921513,0.3059638600165187,0.01084549,-1.3629254057181779,0.32532882320623696,,
kic-008345812,2105402730964406400,51.70456,1.05699,5.55357,0.02668,2.0,2.0,,,4544.0,130.0,-0.36,0.25,282.3871610043927,44.39368736625845,14.357483,34037.187345240214,6.231595,0.2425827485199851,0.014286185,1.1606745739630622,0.1291663680188434,,
kic-008349308,2106623601188527232,28.32232,1.51736,3.93155,0.29804,2.0,1.0,,,4686.0,160.0,-0.28,0.25,284.329631028208,44.356006798493624,15.860286,8527.713147832483,3.6866047,0.0227421252577791,0.03374019,0.4260175105199817,0.28669890349168403,,
kic-008364696,2126182779177660928,48.26901,2.357,5.14292,0.52278,2.0,2.0,,,4720.0,119.0,-0.3,0.21,291.49200235682565,44.38027013161206,13.959778,49094.80854883187,7.2386045,0.2701027249724484,0.013189391,0.8994284363594645,0.11096272355920204,,
kic-008365201,2126184149267774080,50.40629,1.58202,5.41706,0.04196,2.0,2.0,,,4514.0,123.0,-0.6,0.23,291.686374424604,44.31815142376164,14.882,20996.492521709883,4.6400084,0.1587236936883017,0.018249271,0.5218848208424767,0.2555442922612404,,
kic-008366493,2126545652373212288,11.59414,0.58628,1.76092,0.0271,2.0,2.0,,,4499.0,112.0,-0.2,0.2,292.1777004271777,44.31315958187309,14.514081,29465.53083285533,7.208625,0.0759509186588505,0.015573493,-1.3981346322857178,0.4477517166858541,,
kic-008378760,2079589462124206720,34.19275,1.73995,4.21967,0.08029,2.0,1.0,,,4588.0,126.0,-0.61,0.23,296.3236918657132,44.33417498732109,14.821631,22196.99017023033,4.859393,0.1407558936882114,0.017130587,0.10375353001582788,0.27314454190206167,,
kic-008380200,2078928999235167488,29.26949,1.8456,3.71742,0.08093,2.0,2.0,,,4557.0,110.0,0.3,0.21,296.76075324177054,44.31968642581768,12.848115,136678.61977507183,21.733307,0.4354584783097361,0.011691499,0.5341951719404534,0.0960232023898008,,
kic-008380835,2078931163898545152,28.10849,0.0,3.55739,0.09216,2.0,1.0,,,4714.0,143.0,-0.28,0.24,296.9295669235798,44.322535906980875,15.331411,13879.77127702762,3.4596357,0.134018463011614,0.02106368,0.41013738530267574,0.35137183117916276,,
kic-008381547,2078944529837189504,21.88758,0.89343,2.9184,0.03506,2.0,2.0,,,4453.0,135.0,-0.46,0.25,297.1016523232249,44.37464942657078,15.758264,9367.875786929648,3.1761408,0.1053954010468079,0.026075108,0.29105392529043606,0.544258837748147,,
kic-008381953,2078943945721664128,29.19137,1.09309,3.99829,0.10866,2.0,1.0,,,4609.0,124.0,-0.71,0.25,297.1960271084009,44.35908375607555,15.102725,17133.92182394598,4.56232,0.1073687600323681,0.021482553,-0.2999820912969593,0.44243581009707406,,
kic-008386068,2079075715318994048,42.07468,1.9085,4.73287,0.02771,2.0,2.0,,,4436.0,128.0,-0.15,0.25,298.22106637819826,44.365660363204725,14.282849,36459.18663855264,7.8745036,0.2881956236000927,0.017716344,0.8304162759390028,0.1746557243092587,,
kic-008390379,2079025550100517248,27.69461,1.66008,3.28253,0.07499,2.0,2.0,,,4487.0,114.0,0.0,0.2,299.3491342117072,44.31880200129216,14.2604685,37218.55074498923,8.344541,0.2231458821545812,0.016579611,-0.08655913443186947,0.22969819767106,,
kic-008392046,2076117032609367296,47.33586,2.02823,4.94892,0.02712,2.0,2.0,,,4471.0,116.0,-0.2,0.2,299.78796488548755,44.320227115461186,14.5257435,29150.735492894783,8.226978,0.2999937819296748,0.017898167,0.821332746042474,0.20860296470152032,,
kic-008393977,2076126756415855744,42.62107,1.10731,4.58434,0.04267,2.0,2.0,,,4530.0,125.0,-0.33,0.25,300.2755537920854,44.34885373820612,14.671177,25496.240190662524,6.4681306,0.2141651650686471,0.015649494,-0.07993158651096977,0.2637873566556724,,
kic-008395590,2082075320477038592,32.65042,3.60152,3.77674,0.42827,2.0,1.0,,,4297.0,144.0,0.03,0.29,300.8336798624464,44.38487125167112,16.47847,4825.683639633592,2.9037435,0.0970657043588151,0.038033683,-0.7419233279140318,0.9102305908978051,,
kic-008408944,2117369471924209536,60.55155,1.57963,6.41529,0.02137,2.0,2.0,,,4647.0,126.0,-0.6,0.22,281.0397249003355,44.45237576613119,14.674955,25407.6582705436,4.6802397,0.2231682378643038,0.014883225,1.2727873266565553,0.1464485035959638,,
kic-008414275,2106627277680528640,9.69706,0.77988,1.59304,0.0462,2.0,1.0,,,4852.0,226.0,-0.41,0.33,284.19159340240117,44.45890230423905,16.690441,3969.8160654110497,2.2122855,-0.07848325055183,0.047595,0.6713435526046752,0.3476617950639779,,
kic-008420943,2106145519788611456,26.77534,1.26466,3.60991,0.2553,2.0,1.0,,,4651.0,143.0,-0.38,0.24,287.7633996938776,44.44509418407863,15.31363,14108.948389900084,4.752972,0.1463586031558885,0.021034667,0.971170085960491,0.31311893339480845,,
kic-008427360,2126973121877844352,8.75664,1.26439,1.39882,0.09373,2.0,1.0,,,4606.0,111.0,-0.1,0.2,290.53859492697256,44.49403598277868,13.506801,74512.01823533974,13.3030205,0.1445448976919496,0.010504811,-1.0080659580106435,0.16472860024826405,,
kic-008430359,2126190029082600832,48.91021,1.97182,5.30887,0.02988,2.0,2.0,,,4584.0,110.0,-0.3,0.2,291.65843959949177,44.47956554889647,12.966315,122580.31433914127,21.621485,0.4151186667723183,0.012419431,0.7665171251501395,0.07823959262110719,,
kic-008430494,2126186524389281536,28.26055,4.14156,3.68435,0.14765,2.0,1.0,,,4702.0,144.0,-0.62,0.25,291.70729255256634,44.417711127687134,15.41676,12830.465413591854,3.670447,0.110157582965311,0.021999141,0.3846160150479516,0.43517572249857256,,
kic-008432349,2126362343170992896,35.03164,2.2311,4.08843,0.04301,2.0,2.0,,,4500.0,102.0,0.48,0.24,292.4316593802062,44.40003786281305,13.772436,58340.78212724315,10.006489,0.2757467947686802,0.012479156,0.7085507747795248,0.10608788936153221,,
kic-008439471,2079825754043063552,77.51217,0.95803,7.51648,0.05986,2.0,1.0,,,4629.0,137.0,-0.32,0.24,295.0248883164235,44.46626037470839,13.85933,53853.582376055405,8.296444,0.3434304224250486,0.0135652125,1.1994214328305812,0.09971977842524643,,
kic-008444719,2079686665823618688,38.46662,1.9479,4.19879,0.02593,2.0,2.0,,,4751.0,158.0,-0.45,0.26,296.6559674186741,44.40855684987375,14.742493,23875.337689134765,5.3620143,0.1594275803182029,0.01918258,0.3435430888934192,0.26847647411789777,,
kic-008450461,2079264723932579456,36.82529,1.66337,4.28906,0.0328,1.0,1.0,,,4665.0,116.0,-0.2,0.21,298.1191931078342,44.43380636197546,12.896833,130681.22696808334,22.126474,0.4709100414832468,0.013832901,0.5590963822927009,0.12316789743277948,,
kic-008455273,2079122891237527424,45.49221,3.40758,4.31756,0.02755,1.0,2.0,,,4770.0,103.0,-0.1,0.2,299.34272400721653,44.481492412633415,11.186623,631390.2442089105,129.33257,0.6792575707130555,0.012414353,-0.33140933697349695,0.10919805597866618,,
kic-008458123,2076130810864940288,30.6192,1.75539,4.00789,0.14729,2.0,1.0,,,4570.0,131.0,-0.37,0.24,300.06925734080653,44.4841523721668,13.949681,49553.48413182936,11.302312,0.3144745837209542,0.013369178,0.5414095281584039,0.16307532588813622,,
kic-008458708,2076131532419514496,11.13741,0.62832,1.61859,0.0372,2.0,2.0,,,4250.0,101.0,0.2,0.2,300.2261845447386,44.47924855612672,14.622288,26670.52797562352,7.2247148,0.1875722926774622,0.017384937,-0.4167213140021282,0.29139692351155977,,
kic-008459381,2076086280642954624,15.36593,0.84142,2.08863,0.02528,2.0,2.0,,,4465.0,117.0,0.2,0.2,300.4141694785832,44.437666926940985,14.4454775,31387.419575218788,8.004341,0.205644733481709,0.015101314,-0.4664521458406661,0.27303177510766097,,
kic-008460554,2082076282549841152,27.91125,6.45809,3.53591,0.24674,2.0,1.0,,,4507.0,112.0,0.3,0.22,300.76186156024585,44.415472657987,14.89602,20727.10495657729,6.424863,0.2352585521789087,0.018953217,-0.18398070910201447,0.3392451403877692,,
kic-008461355,2082073533770709376,13.49906,0.3806,1.93018,0.02249,2.0,2.0,,,4254.0,121.0,-0.16,0.26,301.0372132425982,44.40767813832108,14.7253065,24256.269945412485,6.4820094,0.1896299145879099,0.01682728,-0.6775577055844106,0.3307801021096051,,
kic-008463085,2081901494563446272,28.81072,1.3855,3.10232,0.01538,2.0,2.0,,,4500.0,100.0,0.3,0.2,301.6449979179075,44.45938661285955,11.888575,330763.0073067856,40.12952,0.6015253286680406,0.009753876,0.033974963595984065,0.11800612718542473,,
kic-008491128,2126985113426461696,27.10021,2.11561,4.02071,0.21384,2.0,1.0,,,5019.0,146.0,-0.62,0.35,290.3086695887742,44.55003249570825,15.824149,8816.318204355943,3.2458575,0.0570298006950793,0.0289648,-0.5648929245294969,1.103159907922482,,
kic-008492621,2126226141167193088,49.68341,2.51258,5.42351,0.04573,2.0,2.0,,,4486.0,131.0,-0.39,0.23,290.8298505329863,44.52431609771652,15.560772,11236.677171680743,3.404097,0.1538914321920979,0.02413032,1.2061850179489788,0.3432690779102012,,
kic-008493607,2126234902900679040,11.67285,0.51023,1.77263,0.02279,2.0,2.0,,,4498.0,111.0,-0.2,0.2,291.1893664491279,44.519694841794745,13.973767,48466.312393970125,8.667701,0.1240709590282103,0.012250919,-0.7758766959374483,0.21689300100848963,,
kic-008495214,2126562900961975296,99.95329,1.84529,9.25557,0.02655,2.0,2.0,,,4785.0,142.0,-0.39,0.24,291.79598037357414,44.54642978299146,14.661102,25733.908313924818,4.9613743,0.2666227424286981,0.016070444,1.4757071675587277,0.13914530398113062,,
kic-008495902,2126556888007915648,18.03048,0.51062,2.49299,0.01668,2.0,2.0,,,4318.0,112.0,-0.1,0.22,292.0799662753776,44.56097122559459,14.479825,30410.0146528181,6.2229104,0.1489412169322732,0.015169845,0.00579710231378705,0.22694102506275415,,
kic-008499380,2126410996559127808,14.85601,0.59567,2.17691,0.01762,2.0,2.0,,,4682.0,139.0,-0.6,0.24,293.46506758190554,44.52329503778535,15.1621475,16221.38217584105,4.045898,0.0352001635788564,0.018849574,-2.4200098798518557,1.1637753580545291,,
kic-008500657,2078398862829236864,22.04306,0.77336,2.80886,0.0183,2.0,2.0,,,4794.0,182.0,-0.46,0.29,293.9261396262882,44.57707038062172,16.17494,6382.205238114012,2.5828676,0.0339090502215003,0.031304523,-1.5852490570379771,2.005634663598973,,
kic-008500960,2078395529934666752,30.74298,1.84378,4.1868,0.05005,2.0,1.0,,,4888.0,130.0,-0.4,0.23,294.0311901538395,44.55588907528003,14.156537,40957.35968422466,5.9643617,0.1919257782673192,0.012813822,0.2573227635004134,0.15247716329832295,,
kic-008505224,2079664808727390208,29.85877,1.1939,3.76045,0.05753,2.0,2.0,,,4743.0,115.0,0.3,0.2,295.43759860829726,44.528421619600216,12.798794,143030.63566900356,22.046703,0.3791562844268038,0.01159565,0.4022261043346482,0.07944262766037698,,
kic-008505919,2079651240934049536,57.81325,1.52347,5.87738,0.01912,2.0,2.0,,,4546.0,132.0,-0.18,0.24,295.6628300469331,44.54826285739436,15.344813,13709.494118369324,3.6395702,0.1534719704552305,0.021395752,0.9116343591748599,0.30759471927355353,,
kic-008506495,2079653439957399168,37.01856,2.16182,4.25051,0.04982,2.0,1.0,,,4812.0,223.0,-0.61,0.34,295.8569583651113,44.55550183893428,16.862799,3387.0953851593144,1.8948238,-0.0102544369099597,0.047285255,1.0306632332553853,0.6367285145731569,,
kic-008506957,2079654264590707328,37.45473,1.26561,4.37899,0.02633,2.0,2.0,,,4431.0,135.0,-0.12,0.24,296.00010305803335,44.57771042916728,16.084976,6933.556810639454,3.2251296,0.1182741531498746,0.03372085,1.086101249253936,0.621497390722764,,
kic-008509006,2079688727407968000,16.41183,0.38466,2.25579,0.02985,2.0,2.0,,,4620.0,165.0,-0.25,0.27,296.6001878048647,44.571850299090514,15.953543,7825.818849709968,3.6242106,0.0574855846749203,0.035010528,-0.7088726485121573,1.324295477040708,,
kic-008509255,2079689380243041792,34.62041,2.29006,4.21443,0.06073,2.0,2.0,,,4626.0,160.0,-0.23,0.26,296.6858592523476,44.583991402125456,15.786165,9130.209192489758,3.3676891,0.0788806708430753,0.030785017,-0.14074920763658838,0.8497155208977107,,
kic-008515688,2079102103593692032,50.02873,2.25595,5.45796,0.05441,2.0,2.0,,,4536.0,142.0,-0.52,0.27,298.34175259653813,44.56941859944978,15.762411,9332.16255548405,3.1501908,0.1312963112266311,0.028910324,0.6996904479745254,0.48809913445786285,,
kic-008520110,2079128938551691776,7.06825,0.82199,1.24516,0.05131,2.0,1.0,,,4487.0,109.0,0.0,0.2,299.49856722771005,44.58371078218768,13.194745,99322.7872557309,18.840725,0.2456532212309201,0.01029134,-0.8225065875923221,0.17145403990424418,,
kic-008521133,2076123320441711104,28.09548,1.15302,3.35322,0.01443,2.0,2.0,,,4481.0,106.0,0.2,0.2,299.7700755975498,44.5025446199964,12.970681,122088.37692313778,23.028332,0.4628467851070036,0.013620851,0.4501112889521224,0.14231713217553146,,
kic-008521267,2076123079923576960,50.99533,0.89569,5.15577,0.01464,2.0,2.0,,,4507.0,110.0,-0.1,0.2,299.79928285738407,44.52431101951408,14.264862,37068.23960748306,8.11359,0.308923137606351,0.015665814,0.8323030437357843,0.17210968700909968,,
kic-008521855,2076143592687830528,33.06928,1.92161,3.99254,0.07294,2.0,1.0,,,4572.0,134.0,-0.13,0.24,299.95781067111375,44.538125268085814,15.271503,14667.13406290258,17.867374,-0.2166592884368653,0.084853515,-0.8205634072036752,0.43966503582528715,,
kic-008526388,2081916509769010944,52.02198,1.62865,5.10551,0.04746,1.0,1.0,,,4600.0,100.0,-0.2,0.2,301.3560131113164,44.522517419364554,10.911228,813683.5290845535,235.61835,0.6409803846135659,0.046339322,-0.8230078616294758,0.19475995729757786,,
kic-008540382,2105414172757371520,27.80035,1.05816,3.91018,0.05827,2.0,1.0,,,4792.0,139.0,-0.24,0.25,282.3793654733404,44.67541377151608,13.818337,55925.73036634756,7.6870413,0.1964099457562852,0.011964694,0.09038157078247266,0.13543525175191692,,
kic-008566277,2078392609357116416,11.92715,0.60152,1.74657,0.01566,2.0,2.0,,,4473.0,120.0,0.17,0.25,294.26826650179135,44.676385534244965,14.081254,43898.05997567744,7.4058785,0.1664871522899307,0.013184108,-0.15094476292749803,0.17932411648801017,,
kic-008570892,2079658353399997440,28.29891,1.98196,3.56466,0.08833,2.0,2.0,,,4635.0,134.0,-0.62,0.24,295.8039836191252,44.64008754822167,15.156973,16298.867205305924,3.9913464,0.1200671820903459,0.020799775,0.11810580668664272,0.38181644477191384,,
kic-008573220,2079694568563503232,12.18092,0.75998,1.74514,0.01445,2.0,2.0,,,4250.0,101.0,0.2,0.2,296.5238505491004,44.68716751675501,13.841846,54727.79940687254,11.468249,0.1839120338368896,0.013236432,-0.27109204797847397,0.16941589696046178,,
kic-008573548,2079690445394913920,28.14821,1.76497,3.72478,0.22141,2.0,1.0,,,4811.0,201.0,-0.79,0.34,296.6135016520725,44.62636667741985,16.427397,5058.104288016317,2.6169384,0.0744609488863888,0.042827893,0.3026078793129763,1.2510834474850923,,
kic-008582185,2079095128571851648,7.40149,0.48846,1.20218,0.01571,2.0,2.0,,,4250.0,100.0,0.0,0.2,298.817100146783,44.61656497426533,13.80782,56470.1196783838,14.4405365,0.1866826430836383,0.011953104,-0.6601946641210823,0.18598689542745864,,
kic-008582544,2079092517231769344,53.79112,1.35641,5.64323,0.02593,2.0,2.0,,,4446.0,126.0,-0.2,0.22,298.9161080374642,44.63560805047277,15.183205,15909.810801915835,4.619642,0.2075358881516301,0.020188984,0.7513638773782088,0.2605914085462735,,
kic-008586404,2076148746648597504,8.07996,0.72392,1.28408,0.05527,2.0,1.0,,,4250.0,101.0,0.1,0.2,299.90447770465016,44.64903353689753,13.59494,68702.21918175013,17.680653,0.2370248623158221,0.010972056,-0.5726191869162438,0.18577340784343968,,
kic-008587734,2076138438726987136,41.1354,1.66087,4.39805,0.01922,2.0,1.0,,,4501.0,107.0,0.35,0.25,300.26573001813597,44.63054154082548,13.777539,58067.22078654209,11.2101145,0.400652069621672,0.013040245,0.8251932437041933,0.16124239966311202,,
kic-008588301,2076137025668395136,46.93449,2.19256,4.80242,0.03516,2.0,2.0,,,4669.0,107.0,0.1,0.2,300.4180181536034,44.629996549720154,12.685777,158721.59609598457,25.937862,0.5226868477276623,0.010572728,0.5018936299488583,0.12428425280676339,,
kic-008608542,2106725787049986048,12.2366,0.47588,1.8092,0.01374,2.0,2.0,,,4380.0,112.0,0.2,0.2,284.1918869357704,44.76645617545861,13.793388,57225.75047802742,11.028252,0.1574163751964737,0.011402702,-0.3909136550105501,0.15933697113604917,,
kic-008609683,2106736507288244096,29.17788,2.15248,3.37543,0.10502,2.0,1.0,,,4736.0,124.0,-0.63,0.25,284.79417621854844,44.75198363453024,14.794097,22767.122877458587,4.2683263,0.1061401236128249,0.015948817,-0.2460562483073936,0.3272793164607509,,
kic-008610132,2105992034838060160,25.91139,2.01467,3.51868,0.07392,2.0,2.0,,,4655.0,147.0,-0.29,0.24,285.08019912304843,44.78509028038483,15.558891,11256.157495058018,3.2305543,0.0861626853647032,0.022492545,0.017492737160196725,0.5677996546427531,,
kic-008620475,2126997689091350656,28.40627,1.47499,3.69813,0.12315,2.0,1.0,,,4738.0,150.0,-0.06,0.25,290.2360169066417,44.795680701743514,14.43598,31663.207620534107,6.1681743,0.1573119202276388,0.016120559,0.17757218540628017,0.22546859823514964,,
kic-008630954,2078405047582404480,63.17908,2.29499,6.14051,0.06478,2.0,1.0,,,4698.0,157.0,-0.22,0.25,294.18819905849307,44.76043247633339,16.015522,7391.597448768583,2.9822373,0.0945206676080494,0.030139524,0.5782751138361633,0.6940201598606728,,
kic-008636715,2079750746736071552,41.17935,1.7925,4.66166,0.04182,2.0,1.0,,,4375.0,132.0,0.03,0.25,296.053774133748,44.754500949584646,15.629909,10543.461372703776,3.6989698,0.1431372786789767,0.02791222,0.9726839969868646,0.4284645488161032,,
kic-008638526,2079694224966159744,47.39138,1.17938,5.17042,0.02362,2.0,2.0,,,4561.0,116.0,-0.3,0.21,296.5892022151455,44.70987653651436,14.500658,29832.08594580217,6.4097857,0.2200050915283863,0.017416127,0.7768328747541098,0.18391910124706987,,
kic-008643680,2079284691244712064,38.16324,2.80682,6.94673,0.23491,2.0,1.0,,,5312.0,204.0,-0.67,0.33,297.9406753758322,44.77480773985744,15.425577,12726.704361051548,4.0017643,0.1294749301257667,0.025010388,0.3567438499105844,0.42996405872279925,,
kic-008646183,2079107635516889216,31.93173,3.39351,4.20358,0.27963,2.0,1.0,,,4706.0,149.0,-0.54,0.27,298.54827081939635,44.714448240767695,15.849028,8616.591501943312,3.7284713,0.1176546148475113,0.031036092,0.378538462910992,0.5859811594495054,,
kic-008649453,2079143507080790528,31.61011,1.5224,3.92422,0.0282,2.0,2.0,,,4544.0,139.0,-0.0,0.21,299.43060488259493,44.711328271307664,14.08211,43863.41902657248,9.268483,0.2952310106327929,0.013597687,0.48827744143176943,0.1734374686404148,,
kic-008649844,2079131962208777472,27.35278,1.42515,3.48065,0.06284,2.0,2.0,,,4501.0,105.0,0.4,0.21,299.53215754590633,44.713191157047326,14.974765,19277.05708143214,5.0504456,0.1769741183406007,0.020148816,0.29389296158925227,0.2831645995923101,,
kic-008650094,2079154811435062528,26.42229,1.6783,3.79915,0.0954,2.0,1.0,,,4636.0,113.0,-0.3,0.2,299.59568212965746,44.7487881946805,13.693505,62739.99451799641,10.401372,0.3522786153007339,0.012322259,0.6286236922181416,0.14193138120679463,,
kic-008650212,2079154708355863296,42.45874,1.34126,4.59435,0.02945,2.0,1.0,,,4588.0,118.0,-0.2,0.22,299.6289928506243,44.748420256074525,13.647002,65485.62307772891,11.604076,0.3394715040423353,0.012531061,0.5017059119733851,0.14422334613158494,,
kic-008651495,2076155103200251904,44.12008,2.63493,4.21952,0.03202,2.0,2.0,,,4552.0,107.0,-0.3,0.2,299.9856900357838,44.714325174958304,13.704494,62108.18645102121,10.38655,0.28087507480911,0.011830245,-0.26401994960853337,0.20338678809621236,,
kic-008677597,2106134490313272960,44.02793,0.67528,4.46184,0.023,2.0,2.0,,,4687.0,114.0,-0.1,0.2,286.6225158734176,44.845742060144325,13.3242445,88155.44296044923,10.637548,0.2911526701269217,0.009573113,0.5479619827711542,0.07286229761207706,,
kic-008683648,2126959996459602176,37.77117,1.36629,4.38973,0.02891,2.0,2.0,,,4627.0,163.0,-0.34,0.26,289.71360684153484,44.81636903987985,15.947918,7866.46703108266,3.0904586,0.0300982342170685,0.031817578,0.5945035985879894,0.2882166113285009,,
kic-008686982,2126259538833417728,25.95932,0.65187,3.07465,0.02862,2.0,2.0,,,4557.0,111.0,-0.1,0.2,290.96198319695065,44.84786955815214,11.02563,732309.4569656546,143.11841,0.8291202009604236,0.009561904,0.40072309092748526,0.04118758329801415,,
kic-008695177,2078409720506854272,43.43416,1.06744,4.62595,0.0154,2.0,2.0,,,4577.0,116.0,0.1,0.21,294.12218078521767,44.8875795621005,13.578219,69768.45119854128,10.243467,0.294668640220502,0.01179441,0.6100078067041981,0.09892007617355204,,
kic-008700623,2079751876308505984,15.29752,0.57605,2.11027,0.01928,2.0,2.0,,,4307.0,113.0,0.19,0.23,295.96255383612106,44.80148744157226,13.23402,95794.03467808668,19.051085,0.2907293986053336,0.0113025615,0.18814076307719496,0.10048272867518879,,
kic-008701696,2079711370476081664,35.28629,2.73583,4.09285,0.07278,2.0,2.0,,,4505.0,108.0,0.3,0.2,296.2891606920201,44.89392376271092,14.187852,39792.94538579055,6.6157,0.2292418122713071,0.014171092,0.5775539808387204,0.1477627475103026,,
kic-008702541,2079731333484198912,30.5486,3.30739,3.91728,0.04417,2.0,2.0,,,4569.0,130.0,0.05,0.25,296.54801652643164,44.878903762293135,14.35046,34258.0714916432,6.12621,0.1904052704734905,0.015556371,0.33708764333026586,0.18785652679554513,,
kic-008702949,2079720063489500928,71.86198,1.39415,7.15714,0.03953,2.0,2.0,,,4584.0,110.0,-0.4,0.2,296.6735494489571,44.865061775999656,13.7547,59301.645671901875,9.622516,0.3693260822854809,0.012035088,1.1315394831187469,0.0988559524078841,,
kic-008703333,2079717005472812288,29.77638,0.91909,3.76383,0.04766,2.0,1.0,,,4630.0,128.0,-0.3,0.22,296.7774836144009,44.8421198267077,14.181228,40036.46106804028,6.4267993,0.1810499600199036,0.013767278,0.08267455081829489,0.1750556880630453,,
kic-008704108,2078970711958125696,85.10874,1.29617,7.87981,0.01827,2.0,2.0,,,4571.0,110.0,-0.2,0.2,296.99445979254637,44.81029454392892,14.1509495,41168.67673153388,6.78959,0.3364482151968371,0.014159715,1.2768870627727544,0.11905143815741795,,
kic-008713368,2079145671744378752,40.64709,1.37037,4.50759,0.01837,2.0,2.0,,,4399.0,115.0,-0.0,0.2,299.37665527047517,44.88685970374909,14.712086,24553.45211129822,5.73877,0.2730604637733803,0.016983356,0.7307433606446345,0.22057745369874548,,
kic-008714670,2079157422775317120,32.65691,1.51393,4.09567,0.02723,2.0,2.0,,,4580.0,124.0,-0.2,0.22,299.7296800860463,44.897052687382086,14.517052,29385.01865280251,7.0247636,0.2284736877238485,0.016828414,0.2212609386253117,0.22871870989089582,,
kic-008716140,2082159776715214848,16.75019,3.8481,2.40424,0.22131,2.0,1.0,,,4472.0,130.0,0.13,0.26,300.159054440516,44.89389299191512,15.586196,10976.617375513648,3.7896557,0.0988950219705155,0.024037551,-0.552125402281705,0.5536298558522817,,
kic-008717092,2082147819526434432,72.83129,1.73152,7.33578,0.02578,2.0,2.0,,,4489.0,119.0,-0.3,0.21,300.4275135930089,44.87053025905245,15.083047,17447.286391066853,5.682196,0.3332676509735468,0.021495901,1.5942120750529014,0.21675097633937776,,
kic-008720311,2081927161288263936,36.77273,1.89701,4.19108,0.34384,2.0,1.0,,,4470.0,134.0,-0.12,0.25,301.4673666289057,44.86443620757069,15.824706,8811.796486014904,3.729722,0.1889210976673588,0.028954217,-0.09494379227992056,0.4794696895764668,,
kic-008737600,2106781754764297088,47.72511,1.55928,5.13084,0.01751,2.0,2.0,,,4505.0,117.0,-0.1,0.22,284.1790291405832,44.99802860458258,14.785547,22947.106346863417,5.1774764,0.1570362749152085,0.01677735,0.6444389356364315,0.2327047925385854,,
kic-008739890,2106361951780591744,24.88808,1.42978,3.40486,0.0831,2.0,1.0,,,4827.0,266.0,-1.1,0.46,285.44753746686575,44.97605306060094,17.083185,2764.8576778802926,2.041283,0.0469490946912882,0.056572307,2.6517265938496593,0.4763659364441956,,
kic-008740309,2106358721965240064,19.53462,1.01029,2.5847,0.04743,2.0,2.0,,,4561.0,122.0,-0.3,0.21,285.6855885083171,44.936409773739086,13.976701,48335.53712152248,8.249446,0.153542146505255,0.012997793,-0.1890473653053668,0.18439519522532205,,
kic-009291423,2080004321603832576,57.18078,1.82992,5.84,0.0295,2.0,2.0,,,4521.0,118.0,-0.19,0.22,295.84112195484283,45.70583349986869,14.109311,42778.188699233266,8.131716,0.3036642671103254,0.0150008295,1.1579554658198745,0.12031985261721818,,
kic-009292649,2080190310868482816,28.17709,2.94976,3.76392,0.09763,2.0,1.0,,,4507.0,126.0,-0.13,0.25,296.24152046577143,45.703112754861216,15.229811,15241.315463381045,6.902875,0.1031089661453838,0.023936937,-0.018587626886645836,0.5063194151698617,,
kic-009300258,2079451061098473856,28.46722,2.70655,3.88297,0.06629,2.0,2.0,,,4595.0,119.0,-0.6,0.22,298.4493537872916,45.74752771951616,14.238578,37976.57382545423,8.626637,0.2363556310829455,0.014142558,0.37975979525396397,0.16959596661690934,,
kic-009301118,2079445151223354752,88.66257,1.37901,8.59248,0.01951,2.0,2.0,,,4472.0,115.0,-0.6,0.21,298.69110364291765,45.74099809861322,14.208957,39026.88724961235,7.3388996,0.4551756535938312,0.014635675,1.77320414940362,0.1294428391291961,,
kic-009304803,2085201678710547456,70.71553,9.05883,6.66197,0.16798,2.0,2.0,9304797.0,2.0852016787105475e+18,4790.0,100.0,-0.3,0.2,299.7563735057867,45.74729618306294,11.169303,641542.680745894,98.78202,0.8420284336693354,0.03110433,0.14195360939926083,0.12671770733654755,,
kic-009307067,2082210526049855232,67.10164,2.47343,6.47669,0.04149,2.0,2.0,,,4496.0,110.0,-0.2,0.2,300.47718181576744,45.71499590165332,13.952125,49442.118389505165,10.638574,0.4054624833262336,0.013861316,1.0472359552280714,0.15996479092343904,,
kic-009307370,2082304809171176960,35.34125,1.22782,4.12332,0.06335,2.0,1.0,,,4606.0,113.0,-0.1,0.2,300.5771082520575,45.78312514103844,13.031321,115456.4920513845,18.586945,0.4360287170753582,0.012918261,0.26003256086516124,0.1589328086733526,,
kic-009328249,2107181328461511808,28.55325,1.21583,3.65772,0.02098,2.0,2.0,,,4504.0,131.0,-0.57,0.25,284.642704233038,45.81134429996276,15.410969,12899.100301095948,3.7853415,0.0887708620540718,0.026928285,-0.04145162103925237,0.6593484890914565,,
kic-009336372,2127307545211329152,116.36376,1.90058,10.44368,0.02999,2.0,2.0,,,4725.0,149.0,-0.58,0.25,289.226818767732,45.89974491998447,14.70292,24761.61377202554,5.19326,0.2201159003156008,0.015863495,1.1739611010254727,0.16065779730074986,,
kic-009346254,2128037724013860864,23.8868,1.60865,2.99565,0.03822,2.0,2.0,,,4798.0,228.0,-0.74,0.36,293.38665962940394,45.84865647734752,16.909754,3243.735346288931,2.1538885,0.0474221138943462,0.05200019,2.652108460060596,0.45355524044523554,,
kic-009349236,2080055208376970368,41.68814,2.26883,4.6076,0.02937,2.0,2.0,,,4669.0,129.0,-0.09,0.23,294.5188114194622,45.8817461197746,13.164488,102129.63551187096,13.141688,0.3249956239561253,0.009905604,0.36055157983326325,0.08573526020240682,,
kic-009350681,2080069364589376512,32.65828,3.70032,3.82104,0.18078,2.0,2.0,,,4653.0,115.0,0.5,0.2,295.01429863429644,45.89580936366635,13.090325,109349.45659495908,15.775038,0.3772290552141076,0.010682813,0.7311347033960196,0.07142559566240522,,
kic-009368792,2085308193899453312,20.30946,0.84196,2.7564,0.0387,2.0,2.0,,,4665.0,151.0,-0.37,0.25,300.5018605303511,45.865712830512486,15.506889,11808.400111311834,4.267714,0.1295470180510548,0.02733278,0.12438367905098602,0.4795647462214086,,
kic-009409462,2128015939939528192,15.30536,1.31841,2.09965,0.03802,2.0,1.0,,,4250.0,101.0,0.21,0.23,293.9967607255265,45.99874001034572,14.595661,27332.680653794934,6.6007457,0.1291701347925486,0.015706968,-0.11496602624258578,0.26705656094264185,,
kic-009410391,2128093627307220224,47.68354,1.07644,5.58709,0.01365,2.0,2.0,,,4678.0,127.0,-0.7,0.22,294.32812275463664,45.949732185341574,14.566658,28072.65180099371,5.795181,0.2332850171512192,0.016046757,0.9943250497937655,0.16163379836670996,,
kic-009412709,2080067096846175744,7.21946,0.35592,1.13654,0.02449,2.0,2.0,,,4250.0,101.0,0.2,0.2,295.21224577672547,45.905272498557075,14.599034,27247.89208090658,6.9594727,0.0839078050055734,0.016102757,-1.0968349869720786,0.41939573987827966,,
kic-009414227,2080387295247496960,9.43958,1.19887,1.5238,0.06981,2.0,1.0,,,4608.0,120.0,-0.1,0.21,295.7370651686668,45.99271377119666,14.330105,34906.395249450536,6.613749,0.1057743399654189,0.0150586525,-0.8144309701065442,0.3117162028370551,,
kic-009430376,2085310221124284160,23.20176,2.4017,3.23115,0.11936,2.0,1.0,,,4498.0,107.0,0.0,0.2,300.5933951691866,45.96599114568978,13.263027,93268.650947107,17.184345,0.4091403021349712,0.010695894,0.3535244032178202,0.15602330428749892,,
kic-009456029,2130272240876608384,19.07233,0.7722,2.64337,0.02019,2.0,2.0,,,4464.0,119.0,-0.3,0.21,287.6613002283584,46.08086841173616,14.863314,21360.989420800903,5.160757,0.1268937297785676,0.019947236,0.23518521917715063,0.3420430994210851,,
kic-009457240,2130352535286771072,27.9146,2.36347,3.82427,0.18754,2.0,1.0,,,4766.0,179.0,-0.57,0.29,288.33313976901087,46.037216404999995,15.629996,10542.609466374524,3.6992066,0.0715494064188665,0.028015539,-0.2665250179158196,0.8506315892186412,,
kic-009458351,2127360149970735616,26.06684,0.80212,3.18106,0.03164,2.0,2.0,,,4424.0,116.0,0.1,0.22,288.92878242483926,46.086141907832115,14.039652,45612.74075492274,7.7293253,0.2290135418598219,0.011969469,0.6936282227884512,0.11556750747810034,,
kic-009458362,2127359737653865472,49.65289,1.27706,5.37485,0.0215,2.0,2.0,,,4790.0,132.0,-0.38,0.24,288.9340990759672,46.049998337211385,14.155851,40983.22968060771,7.047799,0.2475871336209506,0.013247806,0.9791617649915381,0.11821783607528594,,
kic-009458434,2127359978172050688,42.42524,1.41663,4.75741,0.01943,2.0,2.0,,,4565.0,134.0,-0.8,0.25,288.9745227002895,46.065679048038795,15.416456,12834.067475189491,3.5343752,0.1602858228574274,0.021210624,1.2956019607932419,0.28817681760533237,,
kic-009463400,2127535212837633920,23.45325,1.12184,3.41766,0.08762,2.0,1.0,,,4701.0,174.0,-0.62,0.25,291.2462495725388,46.00264646515318,15.700367,9880.980443544477,3.249439,0.0218539567941648,0.026265362,0.32131573189926144,0.229479358472673,,
kic-009466867,2128238419244272256,32.06254,1.83309,3.98903,0.04359,2.0,2.0,,,4647.0,122.0,0.2,0.22,292.65954234840353,46.01361875281507,14.264073,37095.1836371609,6.277477,0.1846792940797522,0.013056801,0.40239122143306183,0.15625016160493344,,
kic-009467990,2128055316199871616,40.24619,0.77617,4.61776,0.02196,2.0,2.0,,,4481.0,127.0,-0.38,0.24,293.0995887468674,46.04759877503907,14.6173315,26792.562135039778,5.126954,0.1668952450500509,0.015997218,0.5357785099526797,0.21015942502424692,,
kic-009473122,2080070979497130240,15.81298,0.71935,2.26046,0.01686,2.0,2.0,,,4485.0,115.0,-0.2,0.2,294.99559036140545,46.00327706856061,14.9423685,19860.911222803657,5.4413004,0.1150072194800242,0.018723346,-0.06888676995280285,0.3566603372588375,,
kic-009474535,2080028132903034624,27.7889,1.4377,3.4021,0.02044,2.0,2.0,,,4516.0,108.0,-0.2,0.2,295.4805114164479,46.04770085913171,13.906484,51564.80119371476,7.9648905,0.2271245912973734,0.0114815,0.4455888179775336,0.115627888155516,,
kic-009475554,2080388566557870848,7.96793,0.59981,1.25311,0.01709,2.0,2.0,,,4490.0,101.0,0.2,0.2,295.8223157765597,46.04822845482747,11.937941,316060.7318897182,49.249165,0.3220620952356511,0.009379885,-0.7887985201790837,0.07481279004550204,,
kic-009478977,2080168526795047040,32.43486,1.78805,3.45223,0.03065,2.0,2.0,,,4774.0,112.0,0.4,0.2,296.9549327094155,46.01527437248429,13.43971,79261.58981972878,10.424683,0.2128854582208441,0.010801408,-0.35554880050891846,0.12812418160177372,,
kic-009480309,2080247932149267072,25.63068,1.5799,3.28903,0.02107,2.0,2.0,,,4476.0,131.0,0.01,0.23,297.3520944852033,46.0665695064792,15.517123,11697.614272439136,3.5286708,0.1527206394500106,0.024051964,0.9521797167875867,0.34961987608897155,,
kic-009488140,2085289811440928640,15.92698,0.65111,2.2232,0.0519,2.0,2.0,,,4493.0,117.0,-0.17,0.25,299.50043721225705,46.004859729553566,14.384556,33198.95068404981,7.2659526,0.1304760655239056,0.0153079005,-0.8855457076792241,0.2847377586495111,,
kic-009488167,2085289914520358656,60.67763,2.33821,6.26895,0.03034,2.0,2.0,,,4524.0,120.0,0.0,0.22,299.50480597478855,46.01011353871954,15.080348,17490.713610709554,4.83329,0.2121966515469315,0.019696813,0.8662846637949144,0.23832422873140643,,
kic-009489530,2085281633823351552,23.38645,1.29316,2.88456,0.04064,2.0,2.0,,,4323.0,116.0,-0.29,0.23,299.89817128807965,46.06071463654214,14.745964,23799.124579475803,6.4026136,0.1777422251167231,0.018283349,0.026053159051738106,0.26648394884505794,,
kic-009490312,2085232568115993472,25.27158,0.77983,3.37474,0.07451,2.0,1.0,,,4663.0,121.0,-0.4,0.2,300.1331034567647,46.063305043983874,14.280969,36522.40904347711,7.049325,0.1995413084584323,0.0148327155,-0.13928774695960655,0.2124054348246729,,
kic-009514977,2106534128429538688,28.54809,1.3321,3.88876,0.06502,2.0,1.0,,,4691.0,148.0,-0.36,0.25,286.01876221881776,46.11265474103653,14.207408,39082.61192366918,6.8572454,0.1743439004460807,0.015111285,0.29333380121604513,0.18908747268866052,,
kic-009517702,2130319309418390784,5.96621,0.81809,1.07982,0.03303,2.0,1.0,,,4195.0,108.0,0.5,0.2,287.65214140975263,46.11605495681711,12.499746,188385.8025204848,52.30976,0.2857428277501482,0.010327898,-0.3172637125924993,0.07982050967836139,,
kic-009517805,2130272515754536448,84.72417,1.6366,8.28889,0.04004,2.0,2.0,,,4694.0,117.0,-0.7,0.21,287.71458278347313,46.10466592255058,13.992217,47649.68430021019,7.3673177,0.3252329902965853,0.013024183,1.4563035571518181,0.08816434792931907,,
kic-009518007,2130365561925291520,52.10196,2.41894,5.72444,0.02728,2.0,2.0,,,4597.0,113.0,-0.5,0.21,287.8315477290861,46.129803981521405,14.684065,25195.375795895052,5.0772247,0.2015340590060326,0.01688962,1.0846992714830535,0.1828854737970431,,
kic-009530942,2128068716498124544,131.12919,2.18125,10.55606,0.01746,2.0,2.0,,,4719.0,163.0,-0.04,0.26,293.7270252159835,46.18867656539921,14.066718,44489.71467307954,6.6387877,0.3638650014492315,0.012721315,1.556538635408094,0.08941183508116703,,
kic-009532877,2128104141387601280,5.75118,0.6307,1.03249,0.04569,2.0,1.0,,,4252.0,104.0,0.2,0.2,294.45254655372474,46.19357929713863,13.963981,48905.15643374188,11.906735,0.1360274719024667,0.01258653,-0.5374370602897187,0.20252825979055927,,
kic-009532918,2128103969588578560,46.39417,1.06233,5.18735,0.02439,2.0,2.0,,,4672.0,146.0,-0.28,0.24,294.4648610543041,46.167323586649225,15.399661,13034.138818322788,3.6445367,0.1444359497367509,0.021850169,0.8104918919088746,0.33360287531317445,,
kic-009533774,2080087437811754496,72.39808,2.25136,6.95644,0.07228,2.0,2.0,,,4517.0,118.0,-0.2,0.2,294.78338824084113,46.134111080392465,14.455539,31097.923418799688,5.5132604,0.2887013059120593,0.01464212,1.4186803544401343,0.12131016491139592,,
kic-009542420,2080252433275196288,33.26723,0.96339,4.23495,0.05916,2.0,2.0,,,4778.0,132.0,-0.18,0.24,297.650144998315,46.152265132951435,13.454136,78215.45012906511,10.211654,0.2826390351698136,0.010628568,0.3227510940694316,0.10023624428491629,,
kic-009543098,2079524075543756416,32.08813,2.59598,4.14863,0.03786,2.0,2.0,,,4599.0,139.0,-0.14,0.25,297.8392645626375,46.11074423127571,15.413255,12871.964934987833,3.6441095,0.1500493440808987,0.022265082,0.8099935543080647,0.33030619177274223,,
kic-009551424,2085331558521631360,28.25726,1.16763,3.44629,0.01567,2.0,2.0,,,4531.0,132.0,-0.26,0.25,300.1855992261519,46.186869076645515,15.114487,16949.306078945552,5.0854583,0.1373767742585281,0.021524118,0.10162719853899382,0.3561668095980659,,
kic-009552907,2085317952065514752,37.74246,2.7903,4.06304,0.0232,2.0,2.0,,,4461.0,138.0,0.32,0.26,300.6176686219093,46.11159670842407,14.243265,37812.964523719544,9.238294,0.2782542616680476,0.014519969,0.5208316983971653,0.18143228548356652,,
kic-009569692,2119100549901055104,28.16351,1.75493,4.1725,0.07438,2.0,1.0,,,5043.0,158.0,-0.72,0.28,282.1084538423797,46.28187614590037,14.509419,29592.306718717457,5.5774326,0.1335082217184777,0.014883406,0.04007265262259985,0.242510209398637,,
kic-009573821,2107334023138385408,48.44362,1.31996,5.49114,0.01902,2.0,2.0,,,4612.0,127.0,-0.31,0.23,284.5433984277468,46.26452431212294,14.86653,21297.78792143033,5.2248397,0.1607681686979804,0.018484643,0.7522007292135306,0.25061942456228126,,
kic-009580550,2130379065302416000,31.54112,1.75941,4.30316,0.06225,2.0,1.0,,,5243.0,160.0,-1.33,0.3,288.400445587998,46.26437410511346,14.932554,20041.25968856343,4.7838,0.0632371784648609,0.01762592,-1.2563563866535095,0.6059459383440181,,
kic-009590860,2128245119393497984,47.15927,1.29831,5.25065,0.01627,2.0,2.0,,,4680.0,117.0,-0.49,0.24,292.9995257216289,46.221138148530336,14.71723,24437.38508452483,5.0827384,0.1698865221294157,0.016448304,0.6742518206772452,0.21224036790079445,,
kic-009590901,2128244363479256064,16.57106,0.50105,2.26713,0.02468,2.0,2.0,,,4503.0,113.0,-0.0,0.21,293.01619436979814,46.20972822863022,14.06599,44519.534465533936,9.1014,0.1677163431955776,0.012746885,-0.004905884256885429,0.16757773993163363,,
kic-009590925,2128267831180569856,112.47189,1.97942,9.78795,0.02609,2.0,2.0,,,4507.0,124.0,-0.0,0.22,293.021921460254,46.22546014186909,15.266174,14739.310283939742,3.7053409,0.2000094857399628,0.021704594,1.577654158273381,0.23742944638783306,,
kic-009591055,2128268346576689664,23.85584,0.57042,3.08396,0.02102,2.0,2.0,,,4642.0,134.0,-0.61,0.24,293.0730687454021,46.275221065336325,15.40383,12984.196831416277,3.6017604,0.0558782486560416,0.022055224,-1.0537288780349066,0.8575760017238653,,
kic-009594010,2128118022721804672,50.64601,1.47547,5.36904,0.01722,2.0,2.0,,,4513.0,120.0,-0.19,0.23,294.2042739319106,46.206739968610144,13.818483,55918.241524099125,7.883633,0.3002500432970522,0.011383615,0.9394608033860425,0.09151664485013328,,
kic-009595349,2128128983478585472,76.57472,1.50054,7.28893,0.0262,2.0,2.0,,,4469.0,123.0,-0.1,0.21,294.6757228308251,46.29468684530396,15.26872,14704.785718292902,3.9931674,0.2061941464153592,0.02081531,1.5009992728961805,0.22503445870131814,,
kic-009596637,2080080565864353792,57.95498,0.02071,5.94615,0.18175,2.0,2.0,,,4493.0,122.0,-0.4,0.22,295.1557955795574,46.21928648518516,15.261527,14802.52528105914,4.3531947,0.1502955052739029,0.02349696,0.7829329774844069,0.3438312840254924,,
kic-009597046,2080453128506472064,33.0217,3.44034,4.05706,0.07596,2.0,1.0,,,4694.0,159.0,-0.25,0.26,295.30765119454077,46.266058838376686,14.867448,21279.800032151667,5.2102184,0.1333271705966155,0.017824564,0.20138212490206264,0.2935608050596435,,
kic-009603124,2080268135675519872,16.12816,0.6768,2.21787,0.02256,2.0,2.0,,,4518.0,110.0,0.0,0.2,297.2977252658183,46.29051016944866,14.12925,41999.75932031131,7.684982,0.1651558372535889,0.013641005,-0.12038274760226919,0.18642570382076643,,
kic-009605263,2079526996121903616,8.30703,0.87,1.28053,0.04789,2.0,1.0,,,4250.0,103.0,0.48,0.24,297.88416109074694,46.270312484845235,14.0398035,45606.36274222736,11.461534,0.1379387030451636,0.012590878,-0.6493114241258375,0.2065583263175382,,
kic-009613298,2085332314435955200,36.07674,1.94409,4.08906,0.09284,2.0,1.0,,,4629.0,124.0,-0.4,0.21,300.2211047843357,46.26822367315827,14.476842,30493.685590966095,6.8382487,0.1789359559626631,0.017155869,0.08634691353170787,0.230148122513089,,
kic-009634819,2107244481660894976,215.29111,4.08191,17.09513,0.02695,2.0,2.0,,,4826.0,117.0,-0.7,0.21,284.34158736645327,46.31923730064019,14.144149,41427.34044481628,6.8666067,0.4740047021673148,0.014087684,2.3777326550577627,0.06811989531959153,,
kic-009636976,2106555362748081152,50.06317,1.43984,5.48996,0.03294,2.0,2.0,,,4616.0,147.0,-0.8,0.26,285.5688308534852,46.39545381024761,15.814904,8891.706709677643,3.416938,0.0691856905541858,0.028716413,-0.13034419429187594,0.9015613108059695,,
kic-009641559,2130383630850367872,59.83612,1.64779,6.25258,0.02162,2.0,2.0,,,4847.0,203.0,-0.5,0.31,288.3303835022666,46.367352593227416,16.137846,6604.013780921908,2.9859884,0.0749448612164338,0.031235458,0.3177824908220881,0.905491251774226,,
kic-009643196,2127742436419873536,26.55852,1.55325,3.64972,0.16182,2.0,1.0,,,4803.0,166.0,-0.04,0.27,289.23169620164686,46.36530268380546,15.2783985,14574.291886546956,4.0006366,0.1085003574053922,0.02043117,0.28600315015486544,0.4096895908195864,,
kic-009644325,2127709932107541120,211.6521,3.80017,16.57311,0.04991,2.0,1.0,,,4599.0,118.0,-0.4,0.21,289.8328367527587,46.39871533498722,15.313629,14108.968763388182,3.7165427,0.2728174124785732,0.02099412,2.3234382341191697,0.16902590732846956,,
kic-009650272,2128306004850145664,27.85116,1.9652,4.30163,0.10143,2.0,1.0,,,4783.0,168.0,-0.03,0.27,292.2777450906243,46.361673505722386,15.78664,9126.217406003165,2.8897982,0.0438310520403078,0.026477555,-1.1497801206695968,1.3119288355382497,,
kic-009651620,2128273431817921280,8.45323,0.56612,1.3884,0.03096,2.0,2.0,,,4506.0,122.0,-0.29,0.23,292.8428048001135,46.39933067111115,14.371339,33605.55942849464,6.3813424,0.1180575634827669,0.014902558,-0.41352151540344906,0.2749733053782881,,
kic-009654461,2128123863877316736,50.14024,1.14349,5.58868,0.019,2.0,1.0,,,4549.0,124.0,-0.57,0.24,294.00178032234135,46.3883764622125,14.738476,23963.834416391463,4.6632667,0.2055655762103466,0.015185021,0.9156823341975127,0.17061444316236232,,
kic-009654994,2128121458695700992,40.99441,1.21256,4.69829,0.01915,2.0,1.0,,,4606.0,118.0,-0.7,0.22,294.1940314357737,46.37321984894465,14.580582,27714.95088940311,5.545232,0.2104785611297384,0.015620982,0.9059621416288621,0.16695256419985674,,
kic-009655043,2128121493055454336,30.24865,1.18591,3.81097,0.038,2.0,1.0,,,4519.0,112.0,0.11,0.24,294.2121935303891,46.3895630275474,14.417343,32211.38902896726,6.4942517,0.1903027427073251,0.014948323,0.4754658502252411,0.17799251687006498,,
kic-009655230,2128121149458105984,29.82364,1.11956,3.96239,0.10307,2.0,2.0,,,4683.0,156.0,-0.49,0.25,294.284066968169,46.39787575317332,15.290878,14407.722389844628,3.8936574,0.1282807129022464,0.02107608,0.49258243654360534,0.36037335785977603,,
kic-009655613,2128107989678326656,26.30656,1.33161,3.6533,0.14764,2.0,1.0,,,4607.0,140.0,-0.68,0.25,294.41122941689196,46.30154323507435,15.331638,13876.87202690938,3.991613,0.0855152951618645,0.021939721,-0.27458059482533237,0.5585426123356902,,
kic-009655712,2128132075854977152,6.8085,0.6157,1.3109,0.05886,2.0,1.0,,,4507.0,112.0,0.08,0.24,294.44401418774436,46.39220003241155,14.876972,21093.948443621022,6.1228485,0.0857586118810623,0.01757141,-0.8441849016199168,0.4487029781050837,,
kic-009655735,2128132075854979328,30.70517,0.95206,3.99031,0.05402,2.0,1.0,,,4819.0,135.0,-0.32,0.24,294.44989242006125,46.38961056323803,13.627626,66664.72698047904,9.67352,0.268191911515914,0.0111635,0.38230876301244443,0.10746748492616036,,
kic-009655832,2128131800977074560,139.37835,2.84541,11.74384,0.05605,2.0,1.0,,,4665.0,143.0,-0.32,0.24,294.4828123974441,46.35883775936546,15.141772,16528.673107258426,4.1123734,0.2614603779768892,0.021007659,1.9139206350560656,0.18075252212645693,,
kic-009662532,2080314761840884352,34.84144,1.51413,4.05667,0.06469,2.0,1.0,,,4656.0,112.0,-0.2,0.2,296.8733291055438,46.372293645821195,13.774815,58213.12131656291,8.138754,0.233642986657563,0.011215069,0.3753627698216331,0.11038341559360537,,
kic-009663625,2080272258845679232,21.08285,1.18522,2.8365,0.12661,2.0,1.0,,,4764.0,112.0,-0.1,0.2,297.19911552596363,46.36359187563275,12.849995,136442.27602053387,16.908457,0.3239192749238094,0.010227175,0.03885497155060946,0.08758219736177353,,
kic-009663966,2080270506497489920,31.33228,1.69334,3.59897,0.03729,2.0,2.0,,,4811.0,171.0,-0.33,0.27,297.29015447073004,46.34950745361562,15.709799,9795.516871707823,3.198051,0.0462408627232261,0.026519502,-1.2557305482733305,1.2461196684581088,,
kic-009664405,2080257759035174784,15.6516,0.95697,2.17415,0.0237,2.0,2.0,,,4528.0,108.0,-0.0,0.21,297.4149732432118,46.30372069527524,13.305342,89703.63981037296,12.838749,0.2326481802263641,0.00998573,-0.07915409275849683,0.0987736895507434,,
kic-009666610,2079530157217705728,25.25837,1.59937,3.15824,0.01875,2.0,2.0,,,4380.0,146.0,0.06,0.26,298.0567318345983,46.33306685961933,15.873028,8428.212980660546,3.301936,0.0905137520235771,0.027686752,0.14794725821105992,0.6685876120059044,,
kic-009673790,2085338499188890496,35.87433,1.07598,3.9736,0.03824,2.0,2.0,,,4646.0,140.0,-0.23,0.25,300.1996489727012,46.334000351397734,14.068322,44424.01731390884,8.81406,0.2602949386623183,0.0137760565,0.4674458426316619,0.15348250869032457,,
kic-009697391,2107305160958394624,60.53581,1.13163,6.30264,0.02746,2.0,2.0,,,4690.0,115.0,-0.6,0.2,285.23657684932596,46.48320814612373,13.219334,97098.67513615952,12.880162,0.3895282475731472,0.009933883,1.0024775915575432,0.06093869336838264,,
kic-009698355,2130572270111366656,36.3742,1.81424,4.4941,0.05594,2.0,2.0,,,4770.0,195.0,-0.66,0.31,285.8122579618774,46.427201869468036,16.23571,6034.795530473744,2.586982,0.0571425306978575,0.033311665,-0.14904384234147017,1.266131600676824,,
kic-009704503,2127702132446814592,29.8465,2.29488,3.77753,0.11974,2.0,2.0,,,4658.0,117.0,-0.4,0.22,289.353514072207,46.42078254699569,14.709075,24621.629087452635,6.162308,0.145714876075017,0.01621152,0.4297080525718968,0.24202421492713047,,
kic-009704716,2127702613483183104,130.0157,2.89769,11.26591,0.05417,2.0,2.0,,,4555.0,116.0,-0.1,0.21,289.46801991433307,46.41547330151382,14.647021,26069.834372838664,5.567593,0.2791630806637409,0.01673839,1.7309813167587187,0.13201224839377623,,
kic-009706867,2127617813649029504,28.23706,2.53209,4.03514,0.21967,2.0,1.0,,,5101.0,223.0,-0.13,0.33,290.40805037538036,46.463247226596586,16.226208,6087.848510421805,2.6683185,0.0295248970124383,0.031730104,0.5719560147480962,0.2908632749621316,,
kic-009712449,2128286763396408960,79.64998,2.87249,8.23747,0.08411,2.0,1.0,,,4784.0,139.0,-1.57,0.32,292.74642944470196,46.49885409244127,15.494941,11939.07346271818,3.6645904,0.1446999679976911,0.023867061,1.0550671992264,0.36000460231095543,,
kic-009715185,2128171074157794688,42.65626,2.29878,4.55018,0.07969,2.0,2.0,,,4679.0,120.0,-0.14,0.26,293.8801880713639,46.42543662955504,14.309374,35579.29862586101,6.6502466,0.1331131750306347,0.014424461,-0.5297312007343038,0.24522291482089775,,
kic-009715970,2128148740328009344,30.9035,1.26765,4.07033,0.05436,2.0,2.0,,,4691.0,148.0,-0.07,0.25,294.1812712284005,46.490914033029426,14.893159,20781.80121488314,4.49369,0.1394315648938124,0.016382964,0.3243053190193006,0.25884257243759007,,
kic-009716309,2128145166915264640,31.44645,1.10182,3.782,0.03357,2.0,2.0,,,4518.0,131.0,-0.45,0.25,294.3108248252214,46.45933274707313,14.378178,33394.552487826935,5.8826704,0.1951974572235762,0.014250523,0.4914463923151864,0.16649031475876272,,
kic-009716635,2128132969208186240,30.77728,4.5674,4.06284,0.04622,2.0,1.0,,,4632.0,124.0,-0.1,0.21,294.43612395082414,46.42279591647749,15.071987,17625.91820403921,4.7724113,0.1482981221538309,0.019016368,0.6612276686140053,0.28130302095308796,,
kic-009718232,2080470926850914048,33.17505,2.23726,3.86023,0.30403,2.0,1.0,,,4500.0,101.0,0.3,0.2,295.0037388957838,46.475419336119174,12.851449,136259.5632165119,37.55228,0.4280615336464733,0.010626533,0.7425424255308037,0.06710613694052844,,
kic-009722421,2080333208722096128,22.61513,0.68321,2.89195,0.0615,2.0,2.0,,,4466.0,112.0,-0.2,0.2,296.52067643013777,46.49365304222425,12.84693,136828.01452937696,27.820595,0.3568296686683004,0.012069497,0.3670188073797096,0.08194366454203861,,
kic-009723842,2080321324551003264,26.91917,3.83513,3.8747,0.60076,2.0,1.0,,,4679.0,147.0,-0.43,0.24,296.96878211028803,46.48297019532515,14.831545,21995.235824515617,5.745229,0.1528031659533685,0.019343013,0.4373259744242475,0.2789103669388844,,
kic-009724770,2080274801465404288,51.07895,1.31708,5.34718,0.01915,2.0,1.0,,,4451.0,130.0,-0.0,0.23,297.24543419496024,46.49299832635731,15.734921,9571.463284782443,3.4781666,0.0808688801079144,0.027525349,-0.1621606391575714,0.7419920766570202,,
kic-009725275,2080294072983464064,29.32067,0.97489,3.51619,0.05267,2.0,2.0,,,4427.0,110.0,0.1,0.2,297.3918199262996,46.44595201862249,12.988402,120111.82320260842,17.632639,0.4069139068231422,0.012734007,0.7936986873688614,0.07705747145835386,,
kic-009729891,2085482535211443200,15.96366,0.88589,2.28811,0.01845,2.0,2.0,,,4319.0,105.0,0.0,0.2,298.6597755151986,46.46946227143642,13.191054,99660.95015929163,17.692837,0.3146011015315029,0.010254462,0.14698001431039032,0.10676503280204364,,
kic-009758087,2107311723668443264,221.37867,5.60234,16.80477,0.08924,2.0,1.0,,,4787.0,123.0,-0.2,0.23,285.2516623878247,46.58340835107176,14.556172,28345.091867411666,5.0473638,0.3630472314249293,0.0151887955,2.21065805140676,0.09342686842481224,,
kic-009776012,2128126440858348032,12.23053,1.08109,1.79107,0.07112,2.0,1.0,,,4766.0,132.0,-0.41,0.24,294.091260507185,46.54196872176736,15.144156,16492.417939900293,4.0333505,0.0401009605119785,0.017802753,-2.1307293136474934,0.9650069066163921,,
kic-009776178,2128149221364356864,43.46917,0.95277,4.94943,0.01705,2.0,2.0,,,4683.0,122.0,-0.7,0.21,294.15157958858845,46.542705499522995,14.275479,36707.506665576235,5.5971003,0.2024873452150983,0.0122278845,0.46836604476992605,0.14065148503032662,,
kic-009776251,2128149599321501824,51.7838,1.57534,5.34645,0.02505,2.0,2.0,,,4505.0,109.0,0.1,0.2,294.1775826188736,46.57047173331345,14.064219,44592.19742090322,8.488331,0.2816245815502163,0.013698115,0.9734694097674677,0.11722981643012417,,
kic-009779396,2080465360573514624,48.80701,1.99559,5.37653,0.05541,2.0,2.0,,,4741.0,132.0,-0.68,0.24,295.34598265755125,46.53661513220325,14.807291,22492.12202535213,4.3117495,0.1818347228681995,0.01580514,0.8150159057044455,0.1937153690916386,,
kic-009779746,2080464089263279360,46.20183,1.53266,5.07362,0.02007,2.0,2.0,,,4867.0,112.0,-0.28,0.27,295.4643670847369,46.541733170673005,15.524007,11623.689566516512,3.509242,0.1170967131766194,0.024209157,0.6487361325772483,0.4501303937970197,,
kic-009782929,2080330739119152640,11.40375,1.50873,1.6687,0.10936,2.0,2.0,,,4502.0,110.0,0.0,0.2,296.5796502268558,46.515607314098254,12.6213,168432.84898780682,28.533192,0.2547185676935291,0.009842866,-0.6148345701936755,0.09294205215619808,,
kic-009786270,2080284456552075904,30.68649,3.28044,4.21732,0.0773,2.0,1.0,,,4756.0,116.0,-0.7,0.22,297.5786836861303,46.522823010732715,14.164759,40648.37984720759,6.728655,0.1911533197525699,0.0139623005,0.30523063386077887,0.16356738011667996,,
kic-009787335,2080287858165625728,186.05319,3.44389,14.37013,0.12256,2.0,2.0,,,4525.0,114.0,-0.2,0.22,297.86759949403523,46.57759316046964,14.021788,46369.41434770793,6.9474845,0.4984916313734832,0.012799352,2.340526165373534,0.06128194183634743,,
kic-009787944,2085541393444117504,169.56995,3.74607,13.39389,0.03124,2.0,1.0,,,4602.0,117.0,-0.2,0.21,298.05158691576895,46.58725588407697,14.64714,26066.99687553869,5.133304,0.3624981461438178,0.015616522,2.0803449628796713,0.10826497379283517,,
kic-009788123,2085541152925963520,28.03687,1.19299,3.92856,0.07111,2.0,1.0,,,4707.0,129.0,-0.4,0.21,298.0988512570646,46.56155831197064,14.250055,37577.20838064651,6.923407,0.1700527223822202,0.014214097,0.0880921565020607,0.18755050526547737,,
kic-009788556,2085538541585907328,31.36635,1.67106,4.17556,0.06022,2.0,1.0,,,4747.0,158.0,-0.56,0.27,298.22577814561447,46.51213728796792,15.536338,11492.42151197979,3.466833,0.071768865093445,0.028030468,-0.5957487915657538,0.8503491552558375,,
kic-009825665,2127730169993861120,33.24728,1.75409,4.01157,0.02171,2.0,2.0,,,4753.0,153.0,-0.68,0.27,289.452997943319,46.661909306138654,15.48894,12005.231244245124,3.8581102,0.0803639936031162,0.025480539,-0.1553036416418827,0.6889656541660256,,
kic-009828057,2127626369224029696,42.78003,1.25004,4.90166,0.01911,2.0,2.0,,,4653.0,121.0,-0.5,0.21,290.5618805912193,46.69654117470984,14.450732,31235.88881333796,5.6957464,0.1804237070171868,0.014525716,0.5384272006155051,0.17722275610102653,,
kic-009835906,2128201585606136448,125.65535,4.938,10.78375,0.05274,2.0,2.0,,,4478.0,141.0,-0.26,0.25,293.893004986412,46.68975764149992,15.585827,10980.343270816384,3.5542164,0.2055342116441567,0.025722003,1.8353668194163486,0.2758276719492622,,
kic-009838044,2128142693014316416,28.60731,4.22145,4.11704,0.78819,2.0,1.0,,,4770.0,148.0,-0.63,0.27,294.66013420360525,46.62436565622211,15.29169,14396.958728242613,4.19937,0.1203696318175501,0.023065526,0.40361547139710297,0.41838091374855446,,
kic-009839702,2080467215999426560,26.45937,1.75334,3.63483,0.0539,2.0,1.0,,,4692.0,125.0,-0.1,0.21,295.30375233991197,46.64518160667125,14.905524,20546.45902572669,4.19014,0.1286469727477976,0.017141094,0.23452746347997433,0.29117187584436044,,
kic-009843114,2080336614635116160,25.78754,1.82252,4.06122,0.2597,2.0,1.0,,,4613.0,144.0,-0.55,0.26,296.51233572218024,46.66633383837835,15.101291,17156.566615460444,4.7384605,0.1295386141738418,0.022558743,0.39684964280971613,0.3802612581862888,,
kic-009843964,2080338156523317248,28.52941,4.9262,3.68271,0.2329,2.0,1.0,,,4745.0,169.0,-0.43,0.27,296.8055956980148,46.64413018861401,16.140352,6588.793313200684,2.9834428,0.0784633132178077,0.03480907,0.3230260249912895,0.964327327514567,,
kic-009846318,2080296860417621504,35.46717,1.93732,4.31144,0.16769,2.0,1.0,,,4876.0,137.0,-0.42,0.28,297.4851628071246,46.61271122416875,15.999306,7502.819011159046,2.8542595,0.1037530521845269,0.028907932,0.7644296194329563,0.6068619862333606,,
kic-009846543,2080302564134236800,78.27025,2.09415,7.16396,0.02066,2.0,2.0,,,4701.0,120.0,-0.7,0.21,297.5569172331399,46.62854918819812,14.094338,43372.2016564897,7.046381,0.2813694425546324,0.014724619,1.0500634615837718,0.12171426250053866,,
kic-009880552,2130548871129889536,19.98672,0.66882,2.66484,0.01429,2.0,2.0,,,4442.0,117.0,-0.0,0.2,286.711905773139,46.79123324144099,14.820795,22214.101283479613,5.135605,0.1272870298777854,0.01812593,0.10249978765268963,0.31134929778691656,,
kic-009884468,2127767828266853760,73.5712,1.51808,7.31515,0.02113,2.0,2.0,9884468.0,2.127767828266854e+18,4675.0,123.0,-0.54,0.25,288.9195333454704,46.700322789442446,15.266135,14739.837593801458,4.1096063,0.1104863074491021,0.021095818,0.28890448882436637,0.41563002052933107,,
kic-009885643,2127736629624668800,29.93249,1.20413,3.47987,0.07516,2.0,1.0,,,5159.0,125.0,-1.2,0.33,289.55016732725204,46.762136650697016,14.999841,18836.951647478363,5.040717,0.0806370750273407,0.020404192,-0.6612579772475442,0.5502319447550231,,
kic-009893077,2128295490765250048,46.57625,1.85441,5.20767,0.02235,2.0,2.0,,,4431.0,148.0,-1.1,0.3,292.77953453366257,46.70042746136777,15.6119375,10719.427025843212,3.7605453,0.0836247316424817,0.026779037,-0.0186047906328497,0.696316358639127,,
kic-009897623,2128519619342819840,115.61288,2.93255,10.31433,0.16048,1.0,2.0,,,4721.0,130.0,-0.2,0.21,294.5486853835344,46.770564271137914,14.268358,36949.06365173946,5.478299,0.3437560499355742,0.013638106,1.7316153594445343,0.0921475842055732,,
kic-009898392,2128516247789808384,39.79416,1.09837,4.39031,0.01653,2.0,2.0,,,4494.0,112.0,0.2,0.21,294.84157782531145,46.70666998388428,14.545215,28632.614453338432,6.0619054,0.1818020892662278,0.01570651,0.5525501598694245,0.19260075008947805,,
kic-009898796,2080484636387440768,32.50968,3.82042,4.23949,0.1302,2.0,1.0,,,4822.0,210.0,-0.45,0.31,294.99614735224327,46.79776770633754,16.764952,3706.515511546884,2.3350039,0.0482455239202723,0.04702412,-0.0599788412847424,2.116810436712194,,
kic-009907696,2086294490188106240,35.56951,1.73898,4.28049,0.0565,2.0,1.0,,,4938.0,162.0,-0.42,0.26,297.8721634504339,46.716986065643475,15.175613,16021.434928400971,4.186836,0.1288515952369263,0.02028073,0.5322891906251641,0.3430149541416525,,
kic-009907824,2086294352749182080,40.80131,1.23932,4.35859,0.01365,2.0,2.0,,,4673.0,146.0,-0.28,0.24,297.90862253651557,46.724301630392596,13.762493,58877.51470321947,8.387083,0.2485016631192752,0.011557452,0.5453666904484855,0.1050915906661198,,
kic-009910510,2085556958406291968,33.21342,1.34921,4.08352,0.06706,2.0,2.0,,,4613.0,112.0,0.1,0.21,298.70724970577226,46.73107704893141,13.391958,82825.3474114292,13.727469,0.2875843201741546,0.011489183,0.20135206536554406,0.1131639162349744,,
kic-009944383,2130769666808336768,29.31826,2.36712,3.97747,0.05505,2.0,2.0,,,4790.0,128.0,-0.08,0.24,288.5963242099402,46.82846483175004,13.201005,98751.74155779809,13.018332,0.2845916250539149,0.0098753115,0.3267859831034148,0.07844011680026848,,
kic-009947332,2127820329946342912,194.35871,5.20915,14.82106,0.15761,2.0,1.0,,,4689.0,111.0,-0.3,0.2,290.12692346082275,46.85695880561736,14.782472,23012.191122556527,4.4752994,0.3097656018937699,0.015842453,2.0438651403356225,0.11479718728011179,,
kic-009958362,2128520512696083712,29.54174,3.82736,3.90141,0.56227,2.0,1.0,,,4754.0,108.0,-0.18,0.24,294.74915744150354,46.80593880237425,14.329813,34915.77568426728,6.15253,0.1554954374249135,0.015263306,0.19151484815646214,0.2136449235476053,,
kic-009958492,2128518107514418560,28.16162,1.54322,3.92096,0.09497,2.0,1.0,,,4863.0,145.0,-0.38,0.24,294.80113148926563,46.83937374415826,14.216338,38762.46322607226,6.7032466,0.1588229519764112,0.01465046,0.1240179151994596,0.20083184953043118,,
kic-009962291,2080530403557693184,75.34539,1.23999,7.68891,0.04262,2.0,2.0,,,4820.0,140.0,-0.87,0.25,296.2129470572335,46.881197779009675,14.205154,39163.82146258883,6.9602513,0.2823720586060163,0.014444988,1.2170466239953086,0.11687445092745317,,
kic-009963116,2080531262551256960,9.89398,0.46165,1.4271,0.02157,2.0,2.0,,,4502.0,107.0,-0.1,0.22,296.5056378492229,46.816932660799786,14.263029,37130.85767235671,7.4685555,0.0435726306361038,0.01560459,-2.783118072899356,0.7785139056678495,,
kic-009963871,2080365442451538560,13.99695,0.44044,1.92334,0.02364,1.0,2.0,,,4581.0,105.0,-0.1,0.2,296.7721853347206,46.880557728966416,11.010522,742571.0418068,113.16792,0.6234069080742124,0.010646627,-0.25783592383963594,0.051916716177317655,,
kic-009963927,2080365472515715456,22.49028,1.973,2.99734,0.02679,2.0,2.0,,,4769.0,204.0,-0.28,0.3,296.78819289681104,46.882108824468155,16.249151,5960.5480964693825,2.6756783,-0.0108598819325315,0.033879876,0.48086538276767854,0.4001914956038724,,
kic-009965168,2080356680723753856,28.51219,1.36503,3.74519,0.14027,2.0,1.0,,,4740.0,192.0,-0.89,0.32,297.18183595557724,46.86956382541245,16.604986,4294.895143421064,2.426376,0.0377527505342017,0.039774373,1.2932717680320742,0.874206856565806,,
kic-009965452,2080355375052044032,36.28105,2.05789,4.36148,0.42468,1.0,1.0,,,4936.0,143.0,-0.31,0.24,297.2619810371975,46.82645795117143,14.388253,33086.09640766234,5.2389913,0.1464299082899336,0.013968885,-0.025814024245915945,0.21031276242435154,,
kic-009972077,2085608120054468608,30.26989,2.00472,4.70939,0.17743,2.0,1.0,,,4767.0,166.0,-0.54,0.28,299.19282894455205,46.882332951029845,15.127405,16748.83701811144,4.309831,0.161349158979831,0.019215573,0.39114729922572344,0.283540315387826,,
kic-009973485,2085410551561739520,29.01289,1.89732,4.21395,0.11959,2.0,1.0,,,4629.0,140.0,-0.68,0.25,299.6588846395271,46.832180415931944,15.17888,15973.309935035424,4.6227465,0.1215213280723453,0.021353561,-0.12450543724731844,0.3968308752399308,,
kic-009974354,2085432232557085056,49.83195,2.47143,5.21697,0.02065,2.0,2.0,,,4502.0,115.0,-0.2,0.21,299.94244117356567,46.89267591161189,14.788688,22880.81462368078,6.29291,0.1763882438710791,0.019411419,0.2701665502146291,0.2641817459917629,,
kic-010003225,2130787946189065344,99.4199,1.47587,9.16391,0.02541,2.0,2.0,,,4726.0,116.0,-0.3,0.2,288.09249000829794,46.93119636121658,14.002409,47204.48242428618,7.6006923,0.336811093409074,0.013086705,1.5182329481540204,0.08630569146940897,,
kic-010015529,2128408259430260608,33.05342,1.68658,4.12978,0.1761,2.0,1.0,,,4699.0,119.0,0.1,0.2,293.4804783553588,46.98381825446701,13.925195,50683.74608438173,12.201605,0.1505412579251766,0.016764628,-0.3803001042918037,0.24356095244503578,,
kic-010027560,2086312048014335360,188.35812,4.7575,14.369,0.08624,2.0,2.0,,,4579.0,118.0,-0.1,0.21,297.57815443742396,46.908532638732474,14.945234,19808.558699984493,4.4991913,0.3067432918576199,0.017809652,2.040006982344842,0.1359509781010869,,
kic-010030636,2085575100348325248,100.76866,2.03757,9.22127,0.03376,2.0,2.0,,,4598.0,117.0,-0.4,0.21,298.45665103015193,46.976694378939385,14.6344185,26374.20884075209,4.9767804,0.309921063781454,0.015337285,1.5335771909622196,0.13612854922976453,,
kic-010054143,2119206824572133504,27.30553,1.86222,3.79678,0.11221,2.0,1.0,,,4645.0,124.0,-0.4,0.22,281.41209104122765,47.0706550180696,13.541948,72138.57941759222,10.227107,0.2265603233098263,0.010681441,0.14831608510659677,0.10548835960145084,,
kic-010064728,2130660334120309376,152.66462,7.01594,12.80793,0.85126,2.0,1.0,,,4806.0,129.0,-0.78,0.24,287.1747078720556,47.009129711106375,14.378821,33374.76894312465,5.9903717,0.3453713297016951,0.015869053,1.9491444252148504,0.10141487049095259,,
kic-010088129,2080558303665452672,34.35805,0.88873,4.09185,0.0368,2.0,2.0,,,4499.0,113.0,-0.2,0.21,296.5937773969671,47.04632527881024,14.455471,31099.847297783337,5.6546283,0.2076036821479253,0.0143185295,0.7752086702671974,0.15500840617203168,,
kic-010088776,2080370768215261824,31.9758,1.70331,4.13338,0.06817,2.0,1.0,,,4829.0,149.0,-0.02,0.25,296.7986063956081,47.00866029184952,14.950559,19711.66287079188,4.2902713,0.1209863367438066,0.017897477,0.14624624429960775,0.3228854468555169,,
kic-010090186,2080362762396504064,33.28529,2.05541,4.22919,0.07022,2.0,1.0,,,4745.0,149.0,0.04,0.25,297.20323635969254,47.0960313747526,14.314422,35414.262056511776,6.366331,0.1744331729937324,0.014027423,0.3045730121574888,0.17765894748605354,,
kic-010095403,2085570599222755584,22.8813,0.71186,2.98553,0.02372,2.0,2.0,,,4438.0,129.0,-0.28,0.24,298.6868203977537,47.08629773005114,14.992295,18968.313195981336,4.6739917,0.1387563407364814,0.017544772,0.14646241148098582,0.28700250785091075,,
kic-010097544,2085610456516792064,45.81325,1.5928,5.18241,0.028,2.0,2.0,,,4499.0,125.0,-0.39,0.23,299.2739354021029,47.00568672215507,15.410262,12907.492889610188,3.6625729,0.1691309726261349,0.021948438,0.8489513579655288,0.3008498472987006,,
kic-010136541,2127851116271981696,54.86353,2.37984,5.79799,0.03674,2.0,2.0,,,4348.0,127.0,-1.88,0.31,290.0575610065013,47.16441249343387,15.951048,7843.818009628723,4.9841995,0.0202937375542983,0.039785232,0.7238321138839723,0.2778138922201059,,
kic-010139693,2129109266812119680,29.80956,2.01495,4.10881,0.06757,2.0,1.0,,,4759.0,137.0,-0.71,0.25,291.292656586137,47.197519033591206,15.197712,15698.633829756724,3.8832817,0.0594315069247731,0.018851778,-1.174420265025157,0.6897524617024754,,
kic-010140663,2129117856746863232,12.45847,0.57565,1.80503,0.02348,2.0,2.0,,,4338.0,105.0,0.2,0.2,291.6594712966984,47.19118364532366,12.64651,164566.93359332177,27.342524,0.3228361533811425,0.010421248,-0.05079515604955809,0.07895248173049543,,
kic-010148438,2128542296770546304,27.77712,0.90572,3.42453,0.02025,2.0,2.0,,,4420.0,116.0,-0.1,0.2,294.56063785394963,47.13790074186527,14.520972,29279.114418398483,5.9420953,0.178620962486267,0.016070973,0.5141965358847447,0.19941871817201123,,
kic-010149012,2128531301654369792,36.65377,1.70377,4.30463,0.01895,2.0,2.0,,,4625.0,182.0,-0.52,0.29,294.76746598788566,47.135033936399395,16.605099,4294.45029318405,2.2372627,0.0153902003149153,0.038365543,1.5523845329513541,0.7405097534406286,,
kic-010149924,2128551470820926848,22.15063,1.77988,2.71764,0.0269,2.0,2.0,,,4807.0,160.0,-0.29,0.26,295.071067707572,47.10891159377404,15.667249,10187.024135098049,3.0781183,0.0442641852597825,0.024232773,-1.2962614333607902,1.1891448077568498,,
kic-010153426,2080552118912940032,32.08918,1.22827,3.95083,0.04333,2.0,2.0,,,4712.0,142.0,0.02,0.24,296.2097327731942,47.15624605565285,14.52394,29199.195896761437,5.518402,0.1526417489382839,0.014526309,0.27275547352013163,0.2082096374501657,,
kic-010155293,2080378327357747968,35.66665,1.40695,4.13745,0.04974,2.0,1.0,,,4694.0,120.0,0.4,0.2,296.7636391743358,47.138298847157095,14.1987705,39394.750867107585,6.663173,0.222090516363416,0.013407611,0.737647761500213,0.13427559528448543,,
kic-010156761,2086369012158188032,34.54576,2.06197,4.04371,0.23454,2.0,1.0,,,4839.0,182.0,-0.21,0.28,297.201709962016,47.180315174981374,15.574751,11092.932421552356,3.376483,0.0754305794762588,0.023151962,-0.3281709687954635,0.6679161687487246,,
kic-010157905,2086318679444211584,41.90362,1.43964,4.71853,0.01888,2.0,2.0,,,4564.0,144.0,-0.48,0.26,297.52005542707985,47.11796263369085,15.735371,9567.498528888029,3.0684593,0.0656973197766414,0.02741368,-0.44332832907813646,0.906976591658476,,
kic-010161683,2085583655923283456,26.8562,2.92963,3.80936,0.14885,2.0,1.0,,,4781.0,183.0,0.12,0.29,298.5280110793191,47.159405275448826,16.006962,7450.10487732495,2.7091358,0.1263553218598786,0.027881227,1.1031625070006115,0.48311596675581886,,
kic-010162397,2085664985422683648,25.93528,1.1962,3.46308,0.05096,2.0,1.0,,,4667.0,114.0,0.5,0.2,298.71476458533994,47.14524990359059,13.311998,89155.34884904049,13.153262,0.3617384902640511,0.009658166,0.57109642825713,0.09874383549724995,,
kic-010165715,2085625987119224576,15.49055,0.9511,2.2006,0.01815,2.0,2.0,,,4544.0,114.0,-0.3,0.21,299.6718144992175,47.11668711410864,14.428482,31882.620273189463,7.9053698,0.1447535245949682,0.01791226,-0.47079863826484925,0.28862423355890376,,
kic-010188464,2119549116285469184,28.54448,0.8119,3.50409,0.01795,2.0,2.0,,,4545.0,113.0,-0.3,0.21,282.3692262699604,47.25721511073105,13.586611,69231.26047720973,10.200703,0.2766601065730932,0.011348151,0.651014104882881,0.09169928170334127,,
kic-010201718,2127886816040265216,25.05012,1.01541,3.6377,0.07005,2.0,1.0,,,4872.0,160.0,-0.63,0.27,289.32678213415005,47.21082574218104,14.871627,21198.045529033167,4.513592,0.0831737212240178,0.018030526,-0.7222151456229984,0.4716316495932925,,
kic-010207773,2129125209730958720,69.74191,1.56435,6.74678,0.02569,2.0,2.0,,,4533.0,120.0,-0.29,0.22,291.84153220238767,47.29374155431471,14.797679,22692.124814928604,5.327595,0.1745527874929731,0.019143539,0.8135401352937723,0.2399168566746856,,
kic-010220846,2080561636560111232,54.81412,1.58891,5.92124,0.03196,2.0,2.0,,,4533.0,128.0,-0.39,0.23,296.5893795020433,47.2109798826437,15.578735,11052.295765284494,3.1231961,0.1463803138436396,0.023246136,1.2850403817561347,0.34532209305286876,,
kic-010221538,2080568611580662016,29.52451,1.7024,3.80346,0.118,2.0,1.0,,,4593.0,129.0,-0.21,0.23,296.7987804236709,47.29482259977069,15.270691,14678.123660012514,3.6498022,0.1131052483186036,0.019608643,0.4412183839395034,0.37674073452995144,,
kic-010223097,2086369119541349120,21.89466,0.67047,2.7797,0.0223,2.0,2.0,,,4356.0,115.0,0.2,0.21,297.2404397028991,47.20182184145546,14.989696,19013.78429250409,4.1324406,0.0889270687327293,0.017908659,-0.5315717047376332,0.43912647112348563,,
kic-010227008,2086336683947553536,20.00017,0.62687,2.57342,0.01523,2.0,2.0,,,4496.0,108.0,0.5,0.2,298.3165345843818,47.20929163872275,14.771516,23245.573576374856,6.022827,0.1546918740801058,0.017737692,0.3313078892335355,0.25568728329559254,,
kic-010228141,2085678110842744448,15.52293,3.88564,2.41008,0.20394,2.0,1.0,,,4461.0,119.0,-0.4,0.21,298.6171898910948,47.267123443510954,14.816798,22296.018701709385,4.8132734,0.1276301338333255,0.016510742,-0.01675986333199475,0.28614813629233127,,
kic-010230244,2085621485993016448,27.39989,1.53495,3.89714,0.069,2.0,1.0,,,4557.0,130.0,-0.55,0.25,299.1734021918748,47.21701797833788,14.071347,44300.42570660888,7.566867,0.2339076102152609,0.0129398685,0.3110287817887123,0.15060128514107138,,
kic-010269300,2127868055623376896,35.98762,1.57659,4.24256,0.01966,2.0,2.0,,,4607.0,125.0,-0.29,0.23,289.8927152525166,47.37328632464622,14.109428,42773.558479659056,6.9666104,0.2186595350831733,0.014408826,0.6871621137753703,0.14424035943283467,,
kic-010273693,2129120433727754880,8.87167,0.70478,1.37734,0.04181,2.0,2.0,,,4714.0,120.0,-0.2,0.2,291.71323617495955,47.30353452025974,14.211155,38947.95531101122,6.872415,0.0747046299773213,0.014895788,-1.6401017970788239,0.43421545519151244,,
kic-010280465,2128596860035084672,99.2919,2.11595,9.01205,0.04533,2.0,2.0,,,4597.0,135.0,-0.23,0.25,294.34912137543967,47.38084789830281,14.689904,25060.230801456142,5.2804933,0.2510573915675135,0.016542364,1.3981098722040564,0.1495753847820602,,
kic-010280719,2128595932322782848,29.70246,1.71056,3.70571,0.19909,2.0,1.0,,,4674.0,137.0,-0.57,0.25,294.4403949361848,47.3765440987865,14.789814,22857.101581237213,4.574017,0.1225920666291077,0.01665723,-0.010090144402887802,0.2972780470219049,,
kic-010281172,2128571876207963136,28.13134,1.7042,3.55297,0.06179,2.0,2.0,,,4391.0,118.0,-0.1,0.22,294.59125584004215,47.3721182726398,15.0939245,17273.370389367436,4.6298227,0.1004989682252697,0.018518118,-0.13748346068834927,0.4017656355565847,,
kic-010288807,2086383962948343808,7.62893,0.43264,1.19669,0.01925,2.0,2.0,,,4559.0,116.0,-0.1,0.21,297.1306187567306,47.357150214108664,13.795615,57108.50590672126,10.041994,0.120446651042446,0.012128542,-1.0184057460872005,0.22109095749633195,,
kic-010288905,2086383619351290496,7.55493,0.30054,1.47782,0.14547,2.0,1.0,,,4624.0,121.0,-0.1,0.21,297.1563115862725,47.377710250568,14.413758,32317.931039575233,7.3881626,0.1059797229999735,0.015452274,-0.6781224916135429,0.31829368422789417,,
kic-010290368,2086374720179003776,29.93895,1.63507,3.89876,0.07728,2.0,1.0,,,4821.0,107.0,-0.58,0.24,297.5697348828372,47.345080598145906,14.152343,41115.87687587882,10.582643,0.1496890945992249,0.030818181,-0.1654789999866484,0.44800944875336224,,
kic-010291608,2086348778575609600,12.22227,0.63752,1.84113,0.03539,2.0,2.0,,,4527.0,142.0,-0.15,0.26,297.9110938985404,47.358441359817,16.134186,6626.318273604517,3.366265,0.0029423652219075,0.034535315,0.6356103721961972,0.4547266899252387,,
kic-010318765,2119602678821572096,7.63497,3.48588,1.30937,0.13017,2.0,1.0,,,4550.0,103.0,-0.1,0.2,281.11913254479396,47.473992612404544,11.843225,344871.32005162054,59.34752,0.3462803492718466,0.009800346,-0.6291869592551329,0.06651134089747801,,
kic-010320449,2119570419323289856,60.5419,1.21182,6.36713,0.03396,2.0,1.0,,,4643.0,135.0,-0.6,0.24,282.2414899188009,47.471550923522585,14.9799,19186.09235379079,4.4869905,0.1582467533212017,0.019083478,0.6859148535386499,0.2654695315405324,,
kic-010328396,2130683870541330048,46.619,1.28712,4.93728,0.01792,2.0,2.0,,,4529.0,123.0,0.04,0.25,286.664116717796,47.41063281925303,13.591491,68920.79341559704,10.385066,0.2968557974868787,0.011841954,0.8331106867395661,0.08850731452435717,,
kic-010352614,2080574143505551232,31.39783,3.26491,3.98728,0.0447,2.0,1.0,,,4921.0,232.0,0.03,0.34,296.5940974609664,47.45516530898767,16.903393,3262.793964341394,2.0002716,0.0435536414731571,0.04701869,1.9577161368064893,0.49770032799897934,,
kic-010352943,2080570501373310592,40.85807,4.36684,4.4806,0.21925,2.0,2.0,,,4731.0,104.0,-0.28,0.24,296.69912537437807,47.41350772406632,14.818022,22270.904045549065,4.7053356,0.1376335195953824,0.016978545,0.34209188575778704,0.26907871715991677,,
kic-010353315,2086575793364714624,25.86486,1.20108,3.27681,0.02608,2.0,2.0,,,4538.0,135.0,-0.25,0.25,296.80978708630096,47.4870449703958,15.287877,14447.607087094382,4.0657325,0.0861149775939814,0.02202493,-0.2305023430901656,0.5561400513272333,,
kic-010354046,2086388017397788032,30.62675,1.24212,4.0359,0.11442,2.0,1.0,,,4803.0,154.0,-0.32,0.26,297.01769500443464,47.46999233542404,15.206628,15570.251511794768,3.736298,0.1068715063159639,0.02046271,0.13294326138291268,0.4170562244854718,,
kic-010356101,2086398909435190272,9.05739,0.97056,1.47874,0.0408,2.0,1.0,,,4490.0,105.0,0.5,0.2,297.6323233650954,47.44071301581806,14.130461,41952.94615351603,9.16577,0.1020320127897003,0.013783271,-1.0438511215084656,0.2951562276771151,,
kic-010358460,2086340704032870528,28.9587,2.2842,4.31002,0.30702,2.0,1.0,,,4682.0,163.0,-3.53,0.54,298.2674707797912,47.40932840712683,16.143353,6570.612883048208,3.9659572,0.0716388156569592,0.039359584,0.0799925996641857,1.1941278900661283,,
kic-010362563,2085648870704989184,35.08938,2.20424,3.90188,0.0341,2.0,2.0,,,4740.0,101.0,-0.3,0.2,299.4312777850525,47.43501082475226,11.259903,590181.7096473101,129.86865,0.7355372986046265,0.017923059,0.1084945497856804,0.08988886121684561,,
kic-010407266,2128482716984110464,29.49302,1.45497,3.59183,0.02808,2.0,2.0,,,4764.0,146.0,-0.17,0.25,292.85980804488753,47.58173693115809,14.9490185,19739.638883311294,4.167429,0.0746727755982344,0.018885406,-0.8547212216186004,0.5497732203762614,,
kic-010424084,2086437388041157504,27.89081,3.557,3.79094,0.09166,2.0,1.0,,,4583.0,107.0,-0.3,0.2,298.41890423678024,47.58908966087058,13.114644,106927.4554795974,15.034192,0.3774749357517664,0.00981452,0.6115389839134764,0.08103692785171701,,
kic-010425627,2085689518276361856,156.85418,2.70572,12.73494,0.06507,2.0,2.0,,,4650.0,130.0,-0.41,0.23,298.83167252743345,47.57533715929807,14.410532,32414.105073160827,6.3612103,0.3921825025139313,0.015763728,1.941984283281883,0.10906486685482715,,
kic-010426069,2085712126984566528,5.90586,0.5199,1.0537,0.04035,2.0,1.0,,,4407.0,113.0,0.2,0.2,298.953115589402,47.584617779443235,14.170394,40437.96600649368,9.52138,0.1084339168933941,0.013249828,-1.0655474556538387,0.2724320673480722,,
kic-010426222,2085700788270930816,15.8198,0.82234,2.22488,0.01669,2.0,2.0,,,4437.0,120.0,-0.2,0.2,298.9906791200296,47.59928541406486,14.8077345,22482.929196026653,5.2846084,0.1504978841652297,0.01714028,0.2836192866151439,0.25490639492029615,,
kic-010452608,2107659341140868352,55.16214,1.13779,5.89902,0.04235,2.0,2.0,,,4640.0,119.0,-0.6,0.22,283.37723723678926,47.620351045118944,14.060462,44746.79678746103,7.0701013,0.2491671869399493,0.012899386,0.8491434378121152,0.1161140345549763,,
kic-010465057,2127925883063455232,8.3427,6.10376,1.36525,0.10407,2.0,1.0,,,4405.0,109.0,0.2,0.2,289.68382488852393,47.64251574186984,12.6368475,166038.05836007587,32.202816,0.2516077459669695,0.010959175,-0.4806404524658401,0.09631093695757942,,
kic-010467813,2129180700708974080,56.99435,2.07371,5.85071,0.01333,2.0,2.0,,,4511.0,134.0,-0.19,0.22,290.81553093595306,47.62735149285009,14.752523,23655.77928972513,4.8419285,0.2350771744616889,0.016183572,1.3179161208711854,0.15572025899351216,,
kic-010477690,2128581604311507968,17.66867,0.56992,2.46502,0.01545,2.0,2.0,,,4562.0,121.0,-0.3,0.22,294.6633658233389,47.61033864944958,15.299903,14288.467017068502,3.7923658,0.0737062050147137,0.019613646,-0.6047927220195071,0.5789824891303348,,
kic-010481322,2080634960243913088,24.9439,1.33985,3.37735,0.05107,2.0,2.0,,,4517.0,114.0,-0.2,0.21,295.9404888301317,47.63497924442355,14.209763,38997.9352842164,7.105078,0.1997116838439846,0.014618006,0.42112117770655644,0.16481351924245446,,
kic-010486583,2086405059828372480,56.55878,0.63735,5.70731,0.01736,2.0,2.0,,,4587.0,116.0,-0.4,0.21,297.5139364934653,47.617482735292675,14.83343,21957.09118831961,4.738674,0.1615281502752142,0.019225797,0.6808982913715056,0.2600876096698187,,
kic-010488491,2086452854222487808,57.12976,1.61037,6.07584,0.02444,2.0,2.0,,,4508.0,123.0,-0.4,0.22,298.0554261761597,47.69710737653313,15.383552,13228.972422074485,3.3779478,0.1424667798048591,0.023775069,0.8372392516637284,0.3654437989600483,,
kic-010491551,2085713638813067264,34.00083,2.43548,4.17476,0.06946,2.0,1.0,,,4738.0,142.0,0.02,0.24,298.91247528333815,47.66100055022616,14.577116,27803.54664281505,4.91106,0.1690612514410283,0.015312018,0.30556921239974066,0.20614281703829235,,
kic-010493499,2085658972468210176,34.20331,2.50437,4.13404,0.07839,2.0,1.0,,,4733.0,120.0,-0.0,0.21,299.48058401857736,47.69675623795507,13.223624,96715.68330162796,14.446785,0.3195640960248312,0.009779206,0.21353871529611723,0.10394584716822272,,
kic-010525594,2130893568025462016,27.82785,0.86608,3.71267,0.04628,2.0,2.0,,,4732.0,129.0,-0.21,0.22,287.64943534212875,47.72829495758521,14.397621,32801.835255774786,6.026257,0.1549892599600075,0.014037865,0.22802103499487103,0.19751437438026181,,
kic-010532105,2129369679268846080,30.17504,1.10031,3.57552,0.03096,2.0,2.0,,,4513.0,120.0,0.18,0.24,290.60629414134576,47.72031550399153,15.399079,13041.128018991956,4.204719,0.1253292704924564,0.024787363,0.5744607705073577,0.4320588859644421,,
kic-010533992,2129194307165315968,91.61393,3.11046,8.5739,0.0348,2.0,2.0,,,4541.0,112.0,-0.1,0.2,291.4236428578584,47.78379813283551,13.858034,53917.892521533446,7.90246,0.4124325566630894,0.012091715,1.6441395126141156,0.07716155609449064,,
kic-010534268,2129240967690147968,35.96327,6.25717,4.3941,2.50584,2.0,1.0,,,4587.0,119.0,0.2,0.22,291.5500961124724,47.765385075475734,13.110658,107320.77782176052,16.00948,0.3302576681064869,0.009765494,0.5353713567598959,0.06906256410421457,,
kic-010536398,2128500962005402752,69.69074,1.91794,6.99436,0.01805,2.0,2.0,,,4578.0,137.0,-0.44,0.26,292.3939530618145,47.70944001786223,14.496987,29933.097687866262,7.105855,0.2357160502146866,0.016605617,1.140938384138959,0.15643088387090565,,
kic-010551254,2086412962568512896,23.65266,0.60581,3.10588,0.02135,2.0,2.0,,,4517.0,137.0,-0.46,0.25,297.59058055615526,47.77468534914027,15.39367,13106.262962795972,4.1612086,0.077339476749731,0.024452852,-0.4065398287625648,0.6875272457651965,,
kic-010552325,2086456702513151104,11.45133,0.31326,1.75508,0.03211,2.0,2.0,,,4446.0,120.0,-0.3,0.21,297.8895382628627,47.75274289890956,14.830912,22008.069603167467,4.479149,0.1108701245027333,0.016925648,-0.11456651759256786,0.3324754211323366,,
kic-010553284,2086453541417341056,32.64749,1.82388,4.11505,0.10762,2.0,1.0,,,4757.0,141.0,-0.58,0.25,298.1663764606646,47.72596292071791,15.62484,10592.802376050588,3.0102289,0.0854926250110921,0.024657313,0.0180456703530254,0.6275580991895983,,
kic-010581380,2119685112129800448,39.73304,2.27943,4.66127,0.05436,2.0,2.0,,,4767.0,141.0,-0.59,0.25,282.735019161625,47.898711827191335,15.479732,12107.48739503045,3.379919,0.1271086468445541,0.021684557,0.7826130850510076,0.37189062939554807,,
kic-010586040,2131494210610657920,41.36435,0.89918,4.81543,0.03152,2.0,2.0,,,4839.0,173.0,-0.69,0.29,285.32822711896813,47.84843843171325,15.316081,14077.13449750007,4.2018547,0.0775999037392179,0.023780972,-0.4768290634848267,0.6664523602717571,,
kic-010600568,2129257391644335488,56.65196,1.55696,5.74033,0.01748,2.0,2.0,,,4508.0,110.0,-0.0,0.22,292.09265266375905,47.89202968322816,13.509455,74330.12338506908,9.827926,0.3695607097772885,0.010876037,1.1298895707958199,0.0717856996249824,,
kic-010602014,2128506047246524928,48.77602,1.89341,5.19129,0.0141,2.0,2.0,,,4667.0,109.0,-0.1,0.2,292.67016562836477,47.88594683579476,12.287231,229115.322822072,35.431915,0.5991512693161374,0.009528413,1.00536222487208,0.042888226827354256,,
kic-010602997,2128868164528461056,51.16618,1.89334,5.57831,0.03134,2.0,2.0,,,4581.0,154.0,-0.29,0.26,293.0817435430958,47.89287188294641,16.352533,5419.174940315512,2.5184693,0.1520740704685428,0.033413127,2.069036045177066,0.47799233562828874,,
kic-010603610,2128826142568530560,35.66397,1.96679,4.26072,0.05391,2.0,1.0,,,4726.0,151.0,-0.27,0.25,293.32171173202306,47.88649463638449,14.854072,21543.590522931707,4.663108,0.1004271644015558,0.018158372,-0.40310958812742825,0.3946557629552427,,
kic-010604308,2128811951996691584,22.61818,1.8884,3.24771,0.16933,2.0,1.0,,,4651.0,140.0,-0.42,0.24,293.60520969921987,47.85371375880848,15.000387,18827.470554027812,4.6332326,0.0901528396321226,0.020541001,-0.4184887543587159,0.4956153044760764,,
kic-010611254,2080643653256763648,59.90863,1.09187,6.29009,0.0174,2.0,2.0,,,4712.0,124.0,-0.3,0.22,296.06263810146913,47.80702528232196,14.091006,43505.50840111271,6.9526525,0.27285961004792,0.014091707,1.0284862945443152,0.11788342552179382,,
kic-010613989,2086587028999359360,30.67827,1.32423,4.21682,0.04753,2.0,1.0,,,4870.0,143.0,-0.03,0.24,296.9214025324048,47.813739864545205,13.74126,60040.28284973849,7.7906137,0.2666963327063865,0.012753993,0.6775724114082831,0.10783563959267492,,
kic-010618763,2086460482084613760,24.84237,0.87165,3.13483,0.0465,2.0,2.0,,,4491.0,109.0,0.2,0.22,298.2712410049791,47.82370130884493,14.208444,39045.35213632914,7.934164,0.1812845508181577,0.014170758,0.13692398760665725,0.1782754410767885,,
kic-010653318,2130763512117538176,28.88681,2.31089,4.16485,0.07608,2.0,1.0,,,4951.0,171.0,-0.31,0.26,286.2086061217631,47.982019925381834,15.402206,13003.619661973844,3.7185454,0.0890262806498846,0.022305528,0.004467554141394103,0.5444988932091007,,
kic-010653367,2130760355319412864,24.97316,1.39414,3.32374,0.02478,2.0,1.0,,,4824.0,152.0,-1.16,0.3,286.23079206401064,47.92876049145264,14.243545,37803.23352254291,6.7913475,0.153357960669558,0.014296316,0.02674702902564796,0.2035992152888089,,
kic-010657846,2130939506995529600,9.65115,0.71745,1.5198,0.03296,2.0,2.0,,,4481.0,126.0,-0.17,0.24,288.58039593904124,47.993410102869795,14.30174,35830.324472430366,8.0521,0.121788525274942,0.0155852875,-0.4397793353386952,0.2790450160036286,,
kic-010659033,2130945485589709184,96.49564,3.46778,8.48852,0.02588,2.0,2.0,,,4747.0,115.0,0.0,0.21,289.10555041326654,47.98316640258178,13.11071,107315.54971262936,16.860611,0.4766544571478404,0.010427902,1.3079554843883656,0.05569262004779363,,
kic-010663584,2129212208589174912,56.78083,0.95884,5.68193,0.01598,2.0,2.0,,,4500.0,107.0,0.0,0.21,291.0651317728352,47.96617775808488,13.419484,80751.96506118184,9.984403,0.3436283900746314,0.010201853,0.9303779933655001,0.0693034270015249,,
kic-010664948,2129249725125138048,28.97944,0.0,3.61697,0.27025,2.0,1.0,,,4534.0,123.0,0.22,0.24,291.61443971732774,47.96562790732051,13.779426,57966.41429577824,9.839168,0.2480951267486574,0.012567096,0.6314091801988848,0.11148469534015121,,
kic-010671124,2128651423300551296,51.92895,1.50062,5.63834,0.04815,2.0,2.0,,,4606.0,113.0,-0.3,0.2,294.06025652085134,47.93992573333044,14.63249,26421.07854419967,4.7673306,0.1759063866021183,0.015766239,0.6651252302665718,0.19678449763106473,,
kic-010680443,2086424370001528320,28.43006,1.10765,3.39586,0.02918,1.0,2.0,,,4600.0,183.0,-0.53,0.27,297.21280268216486,47.92354326783913,16.206577,6198.918344291679,2.6269355,0.050858683325397,0.032569345,-0.45537024479064314,1.3908910099354606,,
kic-010684434,2086462474949531904,130.69911,4.70633,10.53665,0.06132,2.0,2.0,,,4622.0,132.0,-0.49,0.23,298.3559546275443,47.91886131685111,14.599662,27232.15031602842,5.132931,0.2318733855426894,0.017677797,1.1352573263833907,0.17119581097367303,,
kic-010717734,2131511562278724352,17.99381,1.00538,2.5392,0.03356,2.0,2.0,,,4495.0,112.0,-0.2,0.2,285.74621861461,48.02788593027533,14.197379,39445.278248460934,7.387847,0.1503675561115311,0.012716116,-0.0864014872266683,0.18538756956550526,,
kic-010731620,2129270860662572928,12.20588,0.52251,1.8843,0.01794,2.0,2.0,,,4484.0,112.0,-0.2,0.2,292.0058155076735,48.019706873508625,13.379521,83779.5943806609,13.028495,0.2026275203904197,0.0099692615,-0.3776460398280257,0.11539015355533716,,
kic-010744263,2086607438684436096,28.36824,1.45414,3.7618,0.02846,2.0,2.0,,,4718.0,150.0,-1.14,0.29,296.59266667379313,48.018225244847336,15.1923065,15776.984669777714,4.1698275,0.1024112763062784,0.023435956,0.09871579835111888,0.4974011397393789,,
kic-010744439,2086607709264348800,85.22883,2.11148,7.86026,0.02851,2.0,2.0,,,4637.0,145.0,-0.29,0.24,296.647545267257,48.04456625519048,15.505694,11821.405667705794,3.9738154,0.1195709499950183,0.029148526,0.6516064225897704,0.5305983303510986,,
kic-010752914,2086479448660489088,36.73834,1.82335,4.2145,0.02416,2.0,2.0,,,4493.0,107.0,0.0,0.2,298.8567677725589,48.063962777362974,13.873324,53163.9218052799,7.671706,0.268004874186841,0.011419466,0.6022702781931706,0.11124638921630763,,
kic-010809899,2086633174128560896,27.74013,1.0867,4.01789,0.1544,2.0,1.0,,,4722.0,150.0,-0.56,0.26,296.5539293866261,48.18736929934077,14.936124,19975.476517056533,4.1612673,0.1103956183866627,0.017190097,-0.115554407407096,0.3404815334422049,,
kic-010811427,2086623690841020416,28.05053,1.15717,3.55911,0.16169,2.0,1.0,,,4681.0,135.0,-0.78,0.24,296.9868261604089,48.14465072981523,14.219639,38644.810399618334,6.9811172,0.1809466136144991,0.01423666,0.33784010514556684,0.1727315172507884,,
kic-010813417,2086524872234685440,20.8725,0.83968,3.0233,0.01785,1.0,2.0,10813417.0,2.0865248722346854e+18,4778.0,160.0,-2.59,0.48,297.5397580337089,48.13852752828652,15.319551,14032.208603276044,3.8829758,0.1115730454244828,0.02042489,0.3151314611660947,0.39917315315627283,,
kic-010813807,2086524489975144704,16.36027,1.80899,2.28812,0.09707,2.0,1.0,,,4806.0,186.0,-0.3,0.38,297.65295875581256,48.17991227218202,16.647728,4129.103182159404,2.2208688,-0.0020650074538289,0.04001622,0.840585503890992,0.4558464831145631,,
kic-010817041,2086483090793353216,31.5242,1.40823,4.09403,0.04475,2.0,1.0,,,4823.0,143.0,-0.37,0.25,298.5403277835598,48.13797038416293,14.345552,34413.263027628,5.9440885,0.1682976691627325,0.014999056,0.1368401188687436,0.20009941102492704,,
kic-010818318,2086855550355506816,27.32628,1.52355,3.21601,0.05417,2.0,1.0,,,4924.0,117.0,-0.66,0.26,298.9038703826762,48.175744867882784,14.519615,29315.73880689856,5.0566525,0.1590297123978565,0.015653048,0.23634717844411135,0.21813620308545015,,
kic-010848883,2131521694102292096,18.57632,0.63687,2.53227,0.01944,2.0,2.0,,,4407.0,107.0,0.0,0.2,285.782249537753,48.29398470842735,12.103341,271400.1909207487,42.870087,0.4860938431217457,0.009870233,0.34316879389911037,0.05281077352414233,,
kic-010858249,2129420600401591296,138.53798,3.37668,11.85004,0.07162,2.0,2.0,,,4622.0,146.0,-0.36,0.25,290.4630230891167,48.23782650807401,15.029367,18331.58241657636,4.4731784,0.2786738813786066,0.01894883,2.0610755248212627,0.15048628839987296,,
kic-010862434,2129265672342054272,129.33772,3.01965,11.00705,0.03237,2.0,2.0,,,4618.0,117.0,-0.3,0.2,292.34476913383855,48.20207473556628,14.701919,24784.451439843415,4.7731757,0.277256238912922,0.015145667,1.698331245938384,0.12304555318683547,,
kic-010878033,2086519546475461632,15.30566,0.65464,2.1887,0.01955,2.0,2.0,,,4558.0,126.0,-0.19,0.23,297.889932602331,48.22309929536978,14.912762,20409.95489243144,5.4356527,0.097059355324574,0.01869239,-0.4669317764625873,0.42085669691627403,,
kic-010879250,2086493776671874304,27.62314,0.92741,3.3925,0.01726,2.0,2.0,,,4569.0,112.0,-0.2,0.2,298.2676232204028,48.21119094991164,14.3137045,35437.66098542863,5.681049,0.1815774795263551,0.013604451,0.4152416091349931,0.165270738818149,,
kic-010903379,2119759500963753728,32.5802,1.30488,4.11624,0.03099,2.0,2.0,,,4757.0,131.0,-0.28,0.24,281.8966821272206,48.36293988000943,13.257011,93786.92329968156,98.094475,0.5571826769667756,0.06971176,1.8174478341455487,0.27287334608576636,,
kic-010914545,2132459306942319872,30.49068,1.18822,4.09371,0.25435,2.0,1.0,,,4906.0,159.0,-0.63,0.27,289.07076447707976,48.307790673408014,15.053785,17923.902728327565,4.0995445,0.1073109566628446,0.019090706,0.0132325250986014,0.38739870236561097,,
kic-010923227,2128904826370068224,53.74807,1.26225,5.87563,0.01864,2.0,2.0,,,4697.0,127.0,-0.7,0.22,293.3300959501639,48.38020920113223,14.517739,29366.433490349664,5.2870626,0.1966934170972374,0.016091373,0.865580138273689,0.17857341387044207,,
kic-010932919,2086720722740484352,34.60956,1.49435,4.19378,0.16917,2.0,1.0,,,4859.0,146.0,-0.42,0.25,297.0596929379326,48.36744687753515,15.010017,18661.21525420556,20.38652,-0.0928843272418057,0.12213167,0.7110787107152934,0.5249911047440663,,
kic-010934293,2086536137929471232,34.32226,1.70355,4.03071,0.03809,2.0,2.0,,,4720.0,164.0,-0.56,0.28,297.5224142263085,48.36260373134398,16.414455,5118.7588559810665,2.2834792,0.0447123992752895,0.033872303,-0.6482859142643917,1.6456975611673634,,
kic-010934814,2086533496529801472,34.27468,2.53771,4.26442,0.06189,2.0,1.0,,,4717.0,155.0,-0.6,0.26,297.72924676089497,48.34819768151315,15.761686,9338.39651602566,2.928746,0.0678640360563212,0.026209656,-0.24966677003742532,0.8390263490190024,,
kic-010935849,2086542155183468416,26.91917,1.00495,3.13554,0.02412,2.0,2.0,,,4807.0,130.0,-0.41,0.23,298.13080073520376,48.30710340371786,14.09915,43180.42775214085,7.053531,0.1229850627299112,0.013878113,-0.6453609727931529,0.2467553130503441,,
kic-010936529,2086500064504112384,27.72901,1.4121,3.78495,0.03359,2.0,2.0,,,4643.0,134.0,0.01,0.23,298.3791046329772,48.334972449065944,14.908265,20494.666247904424,4.917086,0.1580333750867351,0.019596964,0.611349887488835,0.27278081834122897,,
kic-010938143,2086859020689229824,17.89102,1.33933,2.45994,0.01826,2.0,2.0,,,4503.0,114.0,0.0,0.21,298.92202534119133,48.35089569075106,14.786148,22934.41366733853,6.0864363,0.1082489478370844,0.01760357,-0.4292791965787188,0.3578803370711624,,
kic-010978362,2128908296703604352,204.14134,3.16229,15.67776,0.03964,2.0,2.0,10978362.0,2.1289082967036042e+18,4691.0,131.0,-0.36,0.25,293.15912026657963,48.433421937910786,14.144977,41395.79616387796,6.637508,0.4453796309842917,0.014752154,2.2675207674668805,0.07418379590711842,,
kic-010978425,2128908434142576384,17.66275,1.06919,2.38614,0.02786,2.0,2.0,,,4718.0,125.0,-0.3,0.21,293.1896454941909,48.455631436645405,14.540656,28753.08592433565,6.223993,0.1163052015162817,0.017043378,-0.30089950316289205,0.31922264283759305,,
kic-010978885,2128910598806163712,63.02392,1.63901,6.49305,0.02473,2.0,2.0,,,4636.0,113.0,-0.5,0.2,293.40515126447286,48.45835160774495,13.211876,97767.8815665646,13.026921,0.3984974642713249,0.0110964365,0.9717878350199705,0.07054232009353228,,
kic-010988065,2086732989167470464,41.31305,1.49613,4.6445,0.03131,2.0,2.0,,,4785.0,128.0,-0.4,0.23,297.05653337644156,48.42346732000852,14.4925,30057.059556900684,5.773682,0.2074505841219704,0.01558368,0.8106357199613861,0.16794562241388636,,
kic-010989359,2086725911061164160,9.01673,0.57424,1.39101,0.01567,2.0,2.0,,,4553.0,134.0,-0.03,0.25,297.517550819361,48.482647121924295,15.327498,13929.874819472225,3.8437052,0.040422954141307,0.022195036,-2.0026857419219626,1.1935355317089171,,
kic-010990981,2086552188227693824,31.81715,1.54462,3.81375,0.04163,2.0,2.0,,,4586.0,119.0,-0.0,0.22,298.1352975941506,48.48824281958396,14.854905,21527.065674487392,5.0778747,0.1547371563871874,0.019313622,0.5848836657943952,0.272999292441795,,
kic-010991700,2086503328679342336,8.3822,0.48692,1.33843,0.026,2.0,2.0,,,4290.0,101.0,0.2,0.2,298.41605072416144,48.48796896060722,13.494414,75366.97020788671,16.274729,0.1727851630853367,0.011368616,-0.5844913538873531,0.14835936081684062,,
kic-010992407,2086875341564883840,32.1692,2.38369,4.1121,0.30953,2.0,1.0,,,4778.0,187.0,-0.61,0.3,298.69264303310086,48.45897552831429,15.972195,7692.522168507872,2.9561195,0.0781841232541898,0.030102184,0.1471286628303421,0.8371890272733257,,
kic-011019904,2131172775258976512,52.71351,1.039,5.55799,0.01704,2.0,2.0,,,4585.0,109.0,-0.2,0.2,286.5184333223829,48.50327537643419,13.328026,87848.89699912218,10.476002,0.3809753114838796,0.009956341,1.014515772106579,0.06549569793036271,,
kic-011025841,2129484234637235712,91.52599,1.68457,8.7545,0.02945,2.0,2.0,,,4574.0,127.0,-0.41,0.23,289.8532460307655,48.50977682805308,15.500154,11881.883614938177,3.678728,0.229133304084142,0.025872424,2.082600696298023,0.24736129984040678,,
kic-011027440,2129514196329086208,109.62667,2.52553,10.0609,0.03243,2.0,2.0,,,4841.0,122.0,-0.79,0.23,290.7386197472926,48.59875615211211,15.076492,17552.931225352317,4.208333,0.1851256539653321,0.018856693,1.1958306365730706,0.22358792310665246,,
kic-011027469,2129513990169886464,30.78302,1.72869,4.00879,0.02822,2.0,2.0,,,4700.0,147.0,-0.3,0.23,290.7580913448213,48.58866651390039,15.736003,9561.933723911454,3.009604,0.0754026794859726,0.025482304,-0.0950574964356381,0.73457642337024,,
kic-011033208,2128959355273945216,24.86937,1.9666,3.31977,0.04974,2.0,1.0,,,4619.0,118.0,-0.4,0.21,293.5400138704723,48.522099038022006,14.61807,26774.349059398795,5.1104064,0.1230860508148747,0.015591489,-0.05199379965760187,0.2756628731831762,,
kic-011043777,2086562320048253312,24.1078,1.00793,3.12831,0.02196,2.0,2.0,,,4698.0,172.0,-0.35,0.27,297.6098280335096,48.54330061158741,16.191715,6284.352572408743,2.8149872,0.066912633279168,0.035576086,0.10126121526619869,1.154990779997105,,
kic-011074163,2131929411056414720,69.80235,1.66371,7.11063,0.01852,2.0,2.0,,,4584.0,135.0,-0.45,0.25,286.2614672291123,48.69319725395537,15.415581,12844.420493956668,3.8684936,0.1514322717795695,0.02616838,1.1713435937003212,0.37587591958267674,,
kic-011075515,2131219710661099904,54.35861,2.09488,5.85688,0.04142,2.0,2.0,,,4515.0,127.0,-0.43,0.25,287.19082935983977,48.697334714389406,15.12341,16810.5851114454,3.928181,0.139318428911559,0.01997658,0.6496800337428219,0.31271673723634835,,
kic-011081045,2129570443220172928,55.37321,0.91706,5.60482,0.02351,2.0,2.0,,,4487.0,116.0,0.0,0.21,290.1918277075824,48.602648864667906,14.457569,31039.80389487929,6.292997,0.2102049532193795,0.014355225,0.8770109194045759,0.15111506646960154,,
kic-011083293,2129350678334441216,28.12423,0.98259,3.97868,0.09221,2.0,1.0,,,4924.0,127.0,-0.41,0.23,291.42961289133456,48.62494550024503,13.452055,78365.46209969779,10.388236,0.2317277603590983,0.011025615,0.155837332996418,0.10490372854144568,,
kic-011086322,2128928633370753536,54.90881,1.34537,5.90605,0.02191,2.0,2.0,,,4729.0,151.0,-0.65,0.26,292.95844725843193,48.63080123514543,15.5511465,11336.7414487072,4.0962944,0.1342450033304709,0.027221512,1.069529161959018,0.44069477279695,,
kic-011092604,2134746119331638784,23.01487,1.24897,3.01914,0.02069,2.0,2.0,,,4492.0,124.0,-0.2,0.22,295.7619856573554,48.6897139012668,15.197856,15696.561902745863,4.6712923,0.0495888051850586,0.023070486,-1.4947769720596824,1.010566771367712,,
kic-011093072,2134743954667759360,44.01368,1.71995,4.78409,0.02636,2.0,2.0,,,4688.0,166.0,-0.5,0.27,295.94101030625797,48.67922714495273,15.489028,12004.263127049471,3.8276892,0.0999919814884772,0.024675837,0.3677458851938269,0.536179904034445,,
kic-011097141,2086727903926424704,27.70925,1.71414,3.45064,0.04943,2.0,2.0,,,4561.0,124.0,-0.01,0.23,297.43011097180107,48.6222402869045,12.84953,136500.58219413413,23.69876,0.4226186619210052,0.012900498,0.7855005454804189,0.07237748974805465,,
kic-011137383,2129717262382182656,118.40499,1.65562,9.96227,0.02512,2.0,2.0,,,4517.0,110.0,-0.1,0.2,291.7858864363707,48.79475465160143,13.505871,74575.90238694976,10.423605,0.4803838232412926,0.011224708,1.7684832766928178,0.05522385273780001,,
kic-011144421,2134780238551548544,13.55285,0.47059,1.96036,0.01516,2.0,2.0,,,4547.0,135.0,-0.49,0.25,295.0521011670317,48.73128851834995,15.575337,11086.937924422256,3.2193732,0.0547989529811108,0.023900423,-0.9245745042434717,0.9475280937641211,,
kic-011145661,2134736631742869248,60.7656,2.59836,6.66344,0.05047,2.0,1.0,,,4511.0,143.0,-0.92,0.3,295.57822020809175,48.7731966062309,16.448658,4960.023888216905,2.5471048,0.0835555020069334,0.039179254,0.8647604564025926,1.0186203980019355,,
kic-011146394,2134748417133239168,29.2786,2.14047,3.7494,0.08369,2.0,1.0,,,4946.0,222.0,-0.7,0.35,295.82895080757703,48.795702327223275,16.37876,5289.845616567896,2.8617616,0.0272318553750361,0.038656022,1.3742166359519956,0.6811290772541263,,
kic-011147521,2086710964576936192,80.18859,2.006,7.52136,0.04405,2.0,2.0,,,4505.0,124.0,-0.1,0.22,296.22452472000435,48.70033601956156,15.455455,12381.259651239545,3.568409,0.1480815961323945,0.025646087,1.089966042659496,0.37749391736765464,,
kic-011152614,2086943476926392448,33.50544,0.97389,3.91168,0.04236,2.0,2.0,,,4492.0,118.0,-0.3,0.2,298.1009961403612,48.747373786186415,14.187676,39799.36830586438,7.6967344,0.1969260690582654,0.014348984,0.34431127074778445,0.16512340705726178,,
kic-011180133,2131947071961912960,28.88681,1.48369,3.57327,0.02369,2.0,2.0,,,4447.0,120.0,0.1,0.21,285.89827898001096,48.89975096004831,14.525579,29155.134371575437,6.46237,0.1501218931325297,0.01568481,0.262469567913616,0.22792153738567897,,
kic-011192159,2129685376545289088,56.93956,1.15898,5.91154,0.01689,2.0,2.0,,,4513.0,125.0,-0.06,0.25,292.72773742496975,48.851448396599885,14.626131,26576.28732504726,5.3664737,0.1951824487595816,0.016297122,0.9572268237381607,0.18221905923005155,,
kic-011205498,2086932928486814848,25.69412,0.64991,3.16346,0.01321,2.0,2.0,,,4489.0,106.0,0.2,0.2,298.25507368134424,48.808906424698534,13.739766,60122.92847606966,10.526368,0.2430655782914332,0.0115076145,0.40194571300950876,0.11030072604842811,,
kic-011230898,2131813446939284480,151.9208,3.52932,13.12184,0.06222,2.0,1.0,,,4803.0,121.0,-0.65,0.25,284.23535457939346,48.989091185529986,14.71848,24409.27533953516,4.93414,0.315950248255188,0.015462384,2.0954655166569385,0.10781207769314852,,
kic-011236579,2131235928457873792,146.53461,2.47972,12.14554,0.03203,2.0,2.0,,,4637.0,120.0,-0.1,0.2,287.8529485213765,48.96768937150102,14.19512,39527.44015897718,6.560069,0.371817862552748,0.015199179,1.8772200559739431,0.09233724806559791,,
kic-011240900,2129583877877963776,11.9139,0.87107,1.86326,0.03133,2.0,2.0,,,4582.0,135.0,-0.13,0.25,290.07532062220787,48.907997630615874,14.952922,19668.802709012267,4.6337986,0.081933010511412,0.018408367,-0.6493346303000216,0.4885398726726963,,
kic-011244542,2129721621769376384,29.28305,1.13032,3.64209,0.04317,2.0,2.0,,,4660.0,154.0,-0.45,0.25,292.0664794749922,48.903420057839384,15.508833,11787.281782871018,3.303287,0.1245994397822432,0.02465277,0.6957542591480355,0.4318458521568394,,
kic-011251838,2134765395145335552,43.73105,1.58419,4.82066,0.03127,2.0,2.0,,,4505.0,126.0,-0.23,0.25,295.39650521773746,48.973716306836145,14.933711,20019.92578217697,4.7487183,0.1859763901128979,0.018725194,1.0630056760930557,0.22106844196727102,,
kic-011296265,2129741142400763648,59.28514,1.26882,6.33071,0.0153,2.0,2.0,,,4677.0,118.0,-0.79,0.23,291.48223731218485,49.073275630697985,14.164581,40655.038526774464,6.344901,0.2642692079848459,0.013675303,1.1294842210214338,0.11446366855550466,,
kic-011336610,2131861481853474304,29.15416,1.82273,4.21682,0.15753,2.0,1.0,,,4905.0,176.0,-0.55,0.28,283.7334494606477,49.1244228657352,14.114651,42568.301382785896,6.479515,0.1737394082600178,0.012234578,0.19303470200839,0.15398858497057222,,
kic-011349276,2129925413677019776,23.40819,0.59814,3.02159,0.0152,2.0,2.0,,,4435.0,111.0,-0.1,0.2,291.2356175506872,49.176957142956525,14.1432,41463.58169429578,7.6223893,0.1976690016184044,0.012825862,0.4048984518275667,0.14464194067195008,,
kic-011349606,2129742173192917504,26.86855,1.55647,3.77945,0.07208,2.0,1.0,,,4683.0,115.0,-0.6,0.21,291.4336339234036,49.1261875309504,13.052239,113253.34387562698,18.698471,0.3011464445566019,0.008872502,0.300798105886777,0.06758906557206905,,
kic-011350354,2129751622121464064,11.7122,0.87687,1.7145,0.01416,2.0,2.0,,,4441.0,104.0,0.1,0.2,291.81860470549407,49.1611268210982,12.815563,140838.48589904682,23.414425,0.2802094165532344,0.010070307,-0.09235296540952831,0.08102719730810384,,
kic-011350450,2129751480382847488,30.19186,1.51624,3.63401,0.03819,2.0,2.0,,,4583.0,109.0,-0.2,0.2,291.8799360931447,49.16286862180228,13.396426,82485.22817470056,11.142114,0.2883625021038033,0.009967456,0.5023471183554022,0.08048991936369246,,
kic-011355252,2135005913312115840,43.75908,1.13384,5.05268,0.02525,2.0,2.0,,,4666.0,138.0,-0.57,0.24,294.2409350551013,49.19760762358829,14.554481,28389.27792595001,5.3223777,0.207105855915349,0.016461985,0.9174485017709024,0.17567155623660696,,
kic-011358654,2134772129653787520,23.64799,1.19824,2.96694,0.01089,2.0,2.0,,,4648.0,108.0,-0.2,0.2,295.73721367724517,49.186405573018995,12.834451,138409.70064689606,23.309475,0.3170973673508759,0.01050706,0.14664137419778633,0.07760123736375246,,
kic-011361511,2086828268722756096,28.1525,2.65157,3.76638,0.08974,1.0,1.0,,,4650.0,130.0,-0.09,0.23,296.809677800342,49.19689958795274,14.442774,31465.68457092046,7.32239,0.1805153623216291,0.013631638,0.4589072468371924,0.16877921572754076,,
kic-011392534,2132054343065159040,26.43956,1.49521,3.35934,0.03054,2.0,2.0,,,4511.0,106.0,-0.3,0.2,285.86100278881923,49.24519769379642,12.912362,128825.51335081916,20.714285,0.3235844899842674,0.012725193,0.3411924963623445,0.08730577726129106,,
kic-011405507,2129064770952087680,27.75351,1.36824,4.08918,0.08081,2.0,1.0,,,4842.0,170.0,-0.93,0.31,293.19609081920487,49.299769336306966,15.574646,11094.008213939404,3.361709,0.0473369613873329,0.02179768,-1.2189033105257607,1.0002410367487768,,
kic-011408494,2134997731396373120,33.87723,1.19378,4.11711,0.02523,2.0,2.0,,,4649.0,115.0,0.2,0.2,294.5860859956611,49.2137975451511,13.845538,54542.06210019897,8.059607,0.2468768132143891,0.012795193,0.6383883198192812,0.11538159227156823,,
kic-011445974,2132043966424346240,34.83773,1.68787,3.95794,0.03363,2.0,2.0,,,4732.0,158.0,-0.35,0.25,286.4692302425339,49.30965222322968,14.832196,21982.048085548548,5.3857245,0.1083387316031645,0.019586189,-0.13921486114423764,0.3931779566934003,,
kic-011466390,2086834758414332672,27.47475,1.44131,3.45488,0.02401,2.0,2.0,,,4511.0,129.0,-0.24,0.25,296.9267416938738,49.316829704426944,15.844806,8650.167977106521,3.059697,0.0608663010184347,0.026207967,-0.5966334390019288,0.9365851463878325,,
kic-011498804,2131309698816369408,27.55544,1.5919,3.34796,0.03465,2.0,2.0,,,4837.0,137.0,-0.01,0.24,287.11767097593344,49.42370662392257,14.8182,22267.248830117464,4.3707685,0.0649343658829482,0.016491463,-1.2647565756949888,0.5519223119133785,,
kic-011506957,2129770485617666816,67.02043,1.87103,6.67578,0.01992,2.0,2.0,,,4515.0,119.0,-0.11,0.23,291.6575703635244,49.44353621891624,14.095564,43323.248701684,6.4219685,0.2777891494190735,0.012545536,1.193032401823661,0.09973670827943719,,
kic-011514955,2134827964229058432,55.8225,1.57209,5.82915,0.02667,2.0,2.0,,,4649.0,141.0,-0.29,0.23,295.422071128413,49.416846666523384,15.55279,11319.594893535746,3.1565812,0.1295259332272343,0.022123097,0.920800842474268,0.37202592462694845,,
kic-011515111,2134918845735662336,32.21281,1.50149,4.09647,0.21934,2.0,1.0,,,4996.0,197.0,-0.29,0.3,295.49541756147954,49.415286187352315,16.2164,6143.084247143084,2.4237893,0.0233187374333159,0.03036828,0.5474416340827943,0.38240474206161706,,
kic-011518213,2086851117948810240,26.68304,1.72648,3.63471,0.1693,2.0,1.0,,,4607.0,142.0,0.03,0.25,296.6934037357834,49.428382342494224,15.112565,16979.341516196517,5.170556,0.0970124497267961,0.020028993,-0.2681784313919362,0.4507990802754165,,
kic-011519930,2087162623335512576,13.4832,0.58329,1.98562,0.01852,2.0,2.0,,,4507.0,115.0,-0.2,0.21,297.330316452151,49.423464212100285,15.0785675,17519.42796209833,4.92574,0.104271702378619,0.019063309,-0.1939241662696496,0.400719378933237,,
kic-011521649,2087173377933907584,9.68896,0.48949,1.48056,0.01606,2.0,2.0,,,4516.0,111.0,-0.11,0.22,298.0036698829697,49.40189523159163,13.944551,49788.148320447,8.971835,0.1291554730426704,0.012828014,-0.8632089145539403,0.22245467259181678,,
kic-011547275,2132214562524735616,17.40277,0.73944,2.49602,0.02198,2.0,2.0,,,4707.0,124.0,-0.4,0.21,284.5480015182618,49.57102009725881,14.051565,45114.9901570556,7.842568,0.1223776113465696,0.013224822,-0.679476333343338,0.23603593318134602,,
kic-011565519,2134844731781414400,42.12614,1.59635,4.78707,0.02411,2.0,2.0,,,4670.0,146.0,-0.43,0.25,294.9565699101782,49.58658966053357,15.224057,15322.30132696874,4.175095,0.0973761538369621,0.021310305,-0.003231109781806296,0.47589649897168385,,
kic-011568432,2134888506086972160,41.37262,1.7794,4.68416,0.0507,2.0,2.0,,,4840.0,199.0,-0.46,0.31,296.18857336606345,49.55628796251007,15.635771,10486.692653802224,6.0107574,-0.1250828120033744,0.048848335,0.3508666541299821,0.23980353548773975,,
kic-011568990,2134886096608185088,102.45132,5.25227,9.86085,0.10386,1.0,2.0,,,4794.0,139.0,-0.76,0.25,296.42103439545053,49.53943152573608,14.620005,26726.664030880056,5.3116302,0.2629519429129514,0.01516503,1.4529493303723786,0.13145637353297596,,
kic-011569824,2086853282612539392,54.27472,5.45323,5.79969,0.11131,2.0,2.0,,,4566.0,132.0,-0.47,0.25,296.74212763962896,49.51988925514517,14.222801,38532.412232466646,7.0179305,0.2466905571044688,0.014231852,0.9655692368456386,0.1294720542662467,,
kic-011571512,2087216739923528704,16.05554,0.83078,2.29221,0.01975,2.0,2.0,,,4296.0,115.0,-0.19,0.23,297.37329102340294,49.58613775397051,15.331843,13874.248590095,4.052102,0.0891216251238404,0.02121619,-0.35423029774682036,0.5210586615480404,,
kic-011571513,2087216155807951616,32.61141,1.9494,3.65089,0.05635,2.0,1.0,,,4652.0,116.0,0.0,0.2,297.37328621490127,49.52891134510752,14.325392,35058.22432822539,5.846608,0.139603447850106,0.01362068,-0.3134512645865506,0.2187611533227394,,
kic-011572157,2087166952662711808,68.21097,0.96002,6.91603,0.01991,2.0,2.0,,,4715.0,140.0,-0.48,0.24,297.62894415713595,49.50968849222251,13.336615,87156.7520193594,9.918886,0.4225791089872403,0.0105259735,1.1270527278826474,0.0742490058005773,,
kic-011572177,2087166746504281216,146.1585,4.5228,11.76258,0.04559,2.0,1.0,,,4735.0,165.0,-0.1,0.2,297.6356221336379,49.50136805158909,14.853971,21545.59714727282,4.586765,0.2606408581694439,0.017644307,1.595081097057033,0.1555514311185954,,
kic-011599785,2132122478426675200,76.43306,2.41766,7.76452,0.02317,2.0,2.0,,,4783.0,164.0,-0.69,0.28,285.35241991819686,49.63736272591043,15.502729,11853.729083995488,3.5766814,0.1759910670802853,0.024276786,1.633295718842895,0.29989256222202,,
kic-011601114,2132087465853148160,27.90666,2.05265,4.02813,0.23939,2.0,1.0,,,4936.0,140.0,-2.81,0.4,286.1631891138879,49.64670562761436,15.461895,12308.034938854444,4.5496984,0.057725389521847,0.021571465,-0.8766002338624155,0.8117528009183236,,
kic-011622648,2087215777851322752,9.55013,0.96033,1.53899,0.02911,2.0,2.0,,,4555.0,115.0,-0.1,0.2,297.1109282764679,49.66152941977183,13.610311,67736.43845403365,11.99567,0.1610235842298666,0.01260939,-0.6943439404748339,0.17748792365311203,,
kic-011622997,2087221172330291584,21.07076,1.45609,3.06975,0.17994,2.0,1.0,,,4641.0,149.0,-0.15,0.25,297.2429858116721,49.69931236575906,14.987552,19051.36099359881,5.1331253,0.0794494350948522,0.02257819,-0.8753179184647077,0.6194977567586941,,
kic-011623488,2087169907600167808,51.52468,2.54315,5.5485,0.0372,2.0,2.0,,,4725.0,147.0,-0.67,0.25,297.4380171417991,49.60159770474382,15.166277,16159.799446958908,4.3177032,0.088763091142347,0.02080095,-0.4558848966772544,0.5117780138798597,,
kic-011663083,2129839136374916224,31.79845,1.85649,4.05909,0.03878,2.0,2.0,,,4937.0,136.0,-0.09,0.23,292.55639251421803,49.71929907621136,14.204215,39197.72814914013,6.6895666,0.1777873946794504,0.01357713,0.30839023424996803,0.1672561331037419,,
kic-011668243,2134941213925898496,21.95518,1.01539,2.86751,0.02455,2.0,2.0,,,4769.0,161.0,-0.75,0.28,295.0909224158202,49.76531169472878,15.701067,9874.608402652357,3.3773048,0.0091543338634433,0.027120253,0.3779185706062318,0.24691629403751122,,
kic-011669343,2134932967588829312,32.45654,1.08046,3.75959,0.18305,2.0,2.0,,,4836.0,118.0,-0.11,0.22,295.6187828678294,49.76946777049032,12.378618,210619.84992990457,28.515821,0.3326228079165189,0.014058214,-0.20539468052358067,0.09626947679052981,,
kic-011671448,2134897542698354432,27.42187,1.544,3.86267,0.08996,2.0,1.0,,,4672.0,136.0,-0.59,0.24,296.4605185176724,49.71412071795791,14.44955,31269.92173665347,26.671661,0.5738943265502674,0.083804645,2.9772720668057104,0.3196057721689121,,
kic-011707465,2132705494468257024,25.52846,2.12222,3.67159,0.06208,2.0,2.0,,,4595.0,121.0,-0.3,0.22,288.9452059963886,49.855684361625826,14.457077,31053.879157601143,6.0849767,0.1519440244336524,0.015338724,0.1959439316390874,0.22068029712863177,,
kic-011716286,2135086143301716864,19.45466,1.29603,2.5257,0.35811,2.0,2.0,,,4587.0,115.0,-0.4,0.22,293.7097423863612,49.82132337266943,15.371439,13377.37804131438,3.5987952,0.0764952651927857,0.020600129,-0.4041610348436073,0.5854981950763603,,
kic-011717948,2135054291824068480,28.08887,2.86552,3.83786,0.04,2.0,2.0,,,4577.0,136.0,0.02,0.24,294.4324803496226,49.87159277414773,15.394532,13095.855074532556,3.940068,0.1224886976618099,0.02150222,0.6170176936432128,0.38259015294676035,,
kic-011722238,2134911114795686400,32.76793,1.52625,3.67837,0.05822,2.0,1.0,,,5132.0,127.0,-0.28,0.32,296.2623939175443,49.85702992789694,16.33899,5487.207640306752,2.6794076,0.0912429866084248,0.03511354,0.9946578672321813,0.8359441169200694,,
kic-011722774,2135274056710654080,47.32198,1.22897,5.17542,0.04117,2.0,2.0,,,4664.0,119.0,-0.1,0.2,296.48019915464573,49.86125543665289,14.228139,38343.44735987484,7.264917,0.2724638040477823,0.018192697,1.1140238897762114,0.15140490016409333,,
kic-011756793,2132883374832519040,59.80547,1.67307,6.38181,0.03122,2.0,2.0,,,4535.0,127.0,-0.64,0.25,288.2122057975065,49.94022023215855,15.054156,17917.777980217186,4.1627903,0.1469736429740698,0.018462764,0.672358903005069,0.2747324180347717,,
kic-011802524,2132324582406897664,20.77734,1.17681,3.10633,0.11945,2.0,1.0,,,4669.0,121.0,-0.4,0.21,284.97146332973733,50.06752100573304,14.212483,38900.3548268766,6.755443,0.1381286491291589,0.014077729,-0.20720616546658732,0.22205548673544148,,
kic-011802535,2132325853717220096,77.6216,2.27722,7.70146,0.04144,2.0,1.0,,,4657.0,151.0,-0.23,0.25,284.9773068111867,50.07125503061689,15.4118805,12888.26208242837,3.750346,0.1648927501122259,0.02348239,1.3767803184993035,0.3097728490008436,,
kic-011803866,2132149279022774528,21.40287,0.75229,2.89647,0.02028,2.0,2.0,,,4735.0,131.0,-0.69,0.23,285.8784182754893,50.08465777242285,15.149149,16416.749103067545,3.753629,0.1069554315770613,0.01974287,0.14983362781471854,0.40142384613095083,,
kic-011820530,2135138919859470464,198.98564,3.64098,15.10874,0.07203,2.0,2.0,,,4602.0,105.0,-0.5,0.2,295.0688227169169,50.02601766910374,14.7356615,24026.02755682425,4.6868978,0.3221792957330041,0.017298676,2.033933663052057,0.12212220372736177,,
kic-011823653,2135287525728111360,89.51343,14.67563,8.07688,0.03632,1.0,2.0,,,4843.0,133.0,-0.59,0.25,296.38759877012245,50.00156708283502,12.35536,215180.32860404908,49.8434,0.5713506897175961,0.008966034,0.8976578038027245,0.049812629625816326,,
kic-011855535,2133592972149090432,35.77515,1.18861,3.94015,0.02362,2.0,2.0,,,4749.0,109.0,-0.4,0.2,286.71012375167186,50.098423250137486,9.823892,2215084.044520487,261.318,1.3818351603404602,0.010105937,0.42928679098381295,0.021527327273603344,,
kic-011861253,2130050276966853376,104.3658,2.18537,9.15848,0.03347,2.0,2.0,,,4516.0,111.0,0.1,0.21,290.21645404642953,50.10855627757943,14.29883,35926.47688831048,6.4881735,0.313215413519063,0.014373691,1.5842728213061559,0.10380312587997627,,
kic-011875107,2087265839990546816,15.25808,0.50405,2.24944,0.01388,1.0,2.0,,,4498.0,108.0,-0.4,0.2,296.97933102611285,50.102857503024545,12.337193,218811.21095577755,36.378044,0.439107427565396,0.0101544885,0.06561496436314584,0.0883280588927177,,
kic-011924260,2135286666735222400,25.06159,1.10736,3.15552,0.01565,2.0,2.0,,,4372.0,110.0,0.0,0.2,296.64751113060106,50.25601311211415,14.286684,36330.650188147825,6.5273767,0.2027801752693901,0.01269895,0.5553738803449946,0.14173810389882638,,
kic-011924597,2135308863126266880,49.50923,1.17123,5.3786,0.0189,2.0,2.0,,,4642.0,118.0,-0.4,0.2,296.7623118564067,50.22210173376633,14.398163,32785.48527431983,5.4844966,0.2123443480123377,0.013667054,0.7184857408096832,0.14752718459636455,,
kic-011957088,2132910244148193792,137.579,3.60923,11.71714,0.02813,2.0,2.0,,,4775.0,114.0,-0.7,0.22,287.9438427014764,50.362461491238605,14.545237,28632.03803341945,4.8043213,0.295203928071393,0.014972047,1.7505180655937878,0.11226886116624059,,
kic-011957391,2132930310235451520,49.74666,1.14355,5.43371,0.033,2.0,2.0,,,4516.0,114.0,-0.2,0.2,288.1266363533224,50.372625037786605,14.64914,26019.008405139703,4.8280263,0.1780557541952902,0.014945901,0.7081472585452655,0.1845752377698262,,
kic-011967386,2135127100110188416,188.62285,5.49433,14.82695,0.03077,2.0,1.0,11967386.0,2.1351271001101885e+18,4763.0,120.0,-0.69,0.23,293.85914406923695,50.38463070432699,14.395553,32864.40532496769,6.8338394,0.358062944590803,0.016329538,2.020020299578521,0.10140167776445706,,
kic-011972268,2135343497742167040,20.90565,0.93895,2.88665,0.02879,2.0,2.0,,,4497.0,117.0,0.04,0.25,296.0801445253918,50.31766381231505,14.79568,22733.93779350479,5.8129253,0.1326846529089349,0.01673706,0.16756748739629046,0.27631233088302987,,
kic-011974055,2135311199588579584,32.5231,3.62903,3.89322,0.33015,2.0,1.0,,,4722.0,137.0,-0.1,0.23,296.8260466423286,50.3473264390277,15.541237,11440.68869913656,3.7737253,0.0813226044223668,0.02267663,-0.12570099780938548,0.6063927054991498,,
kic-011974109,2135311096509363712,5.36087,0.60143,1.05679,0.03304,2.0,2.0,,,4602.0,121.0,-0.4,0.22,296.8436856057702,50.328274452344075,14.577221,27800.8807612177,5.9962296,0.084294216582581,0.014501385,-1.011784498179619,0.3749933284303955,,
kic-012007865,2132924228561900672,29.34997,2.10853,3.90915,0.07482,2.0,1.0,,,4883.0,141.0,-0.22,0.24,288.49868335406745,50.48882706064899,13.844133,54612.653056754294,7.8560767,0.1977076284277957,0.011764652,0.1304773254009035,0.13244297262237698,,
kic-012018803,2135186714256377472,52.22884,1.46293,5.67746,0.02113,2.0,2.0,,,4475.0,125.0,-0.6,0.23,294.6872782016231,50.43985251447826,15.576939,11070.60811273319,3.4282954,0.1557951822909362,0.023408368,1.2732715283958065,0.32870454349324113,,
kic-012018864,2135186886055042560,28.40681,1.74878,3.70649,0.06304,2.0,1.0,,,4520.0,101.0,0.4,0.2,294.71677471932554,50.483524329563544,10.978427,764849.4801040498,203.50952,0.9705267433386024,0.010543332,0.7439133417153911,0.03468983211126233,,
kic-012020013,2135174310390159872,28.94675,1.57159,3.86959,0.04965,2.0,2.0,,,4710.0,128.0,-0.01,0.23,295.3025383714203,50.45057902852064,12.967546,122441.39929554563,19.54753,0.3987455332836457,0.011619414,0.7288091796788709,0.0729657011509901,,
kic-012067160,2135214511284242688,28.06984,1.66343,3.84205,0.31699,2.0,1.0,,,4830.0,180.0,-0.5,0.29,294.37350251828707,50.53221078273892,15.634307,10500.84090325118,3.0450664,0.0536030033570401,0.02348652,-0.8166337851664416,0.9515564234695458,,
kic-012069482,2135550790043151744,31.44338,1.65134,3.70203,0.02021,2.0,2.0,,,4500.0,100.0,0.4,0.2,295.4878935598511,50.516444421675,12.787831,144482.19776012332,22.635733,0.4275242428078579,0.010455679,0.6519755431629424,0.0687107502550667,,
kic-012071139,2135352568713886080,90.64313,1.65938,8.50122,0.05651,2.0,2.0,,,4817.0,131.0,-0.41,0.23,296.1663859598221,50.533653425678985,14.11587,42520.507785058224,7.050516,0.2800504829303948,0.014053128,1.1825004358878513,0.11189478027889295,,
kic-012073158,2135320751595999744,10.26972,0.92473,1.64677,0.02567,2.0,2.0,,,4362.0,112.0,-0.2,0.22,296.9729941540002,50.59451562990502,13.166664,101925.09452358236,19.584803,0.2646613666242031,0.010308939,-0.0105424356160988,0.09515783391545027,,
kic-012110257,2130170742209165952,22.57751,1.45884,3.38164,0.07037,2.0,1.0,,,4736.0,148.0,-0.84,0.26,291.1885861669885,50.637956378022544,14.561897,28196.01091606871,5.5881066,0.1115039594998453,0.015203175,-0.39542436055416985,0.2974960508248568,,
kic-012119514,2135368752150634752,16.69816,0.72796,2.56361,0.06027,2.0,1.0,,,4547.0,109.0,-2.28,0.32,295.96962024721813,50.64516889806016,15.334759,13837.046915013212,4.0059233,0.031844695017945,0.022227265,-2.295385124964362,1.5158218870653566,,
kic-012121660,2135415790631241216,6.72797,0.88676,1.19733,0.10805,2.0,1.0,,,4423.0,124.0,0.09,0.24,296.89036142511486,50.69644626751056,13.704477,62109.20694982275,13.018094,0.159673947082255,0.011308802,-0.594233483195227,0.16088269995462337,,
kic-012121691,2135321507510228352,6.99564,0.51517,1.33687,0.01997,2.0,2.0,,,4541.0,136.0,-0.29,0.23,296.8985924127767,50.6060923564294,14.247422,37668.45206022483,7.401407,0.1194148650280586,0.013581022,-0.6095020156101469,0.24961935944318386,,
kic-012154302,2133306377571514496,26.1919,0.70003,3.15043,0.01303,2.0,2.0,,,4504.0,126.0,-0.25,0.25,288.5167773098472,50.77530725350177,15.030372,18314.634467819014,4.4971437,0.1101819820557813,0.019462727,0.04715209528214004,0.3846722454761742,,
kic-012157230,2133165193406824960,176.00809,7.88452,14.82341,0.05336,1.0,2.0,,,4767.0,111.0,-0.59,0.23,290.20173181691354,50.7461573118079,14.735321,24033.57588578166,4.3535805,0.340578544104953,0.01708624,2.2510778285951876,0.11109891131285861,,
kic-012168378,2135392426010396416,28.64475,1.71699,3.81138,0.01689,2.0,1.0,,,4824.0,113.0,-0.65,0.28,296.0121153783437,50.70767456289,15.485982,12037.991078497334,4.0708094,0.0600831170866139,0.026111504,-0.6444773229947689,0.9437066145415279,,
kic-012169206,2135384832508421504,5.0438,0.67744,0.83795,0.05747,1.0,1.0,,,4500.0,100.0,0.2,0.2,296.36426285077897,50.761018996343594,10.452345,1241677.305115275,274.90607,0.4381737340320533,0.01064519,-1.508974490836156,0.058565692912514615,,
kic-012170551,2135416237307851392,48.10456,1.01893,5.1457,0.04114,2.0,2.0,,,4455.0,121.0,-0.1,0.2,296.9282218822278,50.71133746692771,14.93032,20082.5462666502,4.493118,0.1647088999178856,0.018682158,0.7474677427271281,0.24952147672504216,,
kic-012202458,2132994391147843840,7.56549,0.33402,1.37342,0.04858,2.0,2.0,,,4533.0,108.0,-0.1,0.2,287.8533735471108,50.851498485998256,13.034351,115134.71743585209,15.681355,0.1536764427504823,0.0110227335,-1.1779420992597522,0.15727117871375915,,
kic-012208202,2130179607021761536,70.42935,1.92465,7.27202,0.01934,2.0,2.0,,,4695.0,145.0,-0.42,0.24,291.2583373324415,50.84686972541324,14.953007,19667.26234841454,4.6886625,0.1569388085260001,0.018019017,0.7378859479679711,0.2510075056079251,,
kic-012216196,2135563120891529728,9.18327,0.55256,1.38879,0.01343,2.0,2.0,,,4428.0,107.0,0.4,0.2,295.5240698503225,50.8755651323732,12.004397,297295.225469778,38.035816,0.3513420168137261,0.008669161,-0.38806053828541387,0.05657585876933232,,
kic-012268420,2135481142853864064,67.78594,1.55297,6.4016,0.01824,2.0,2.0,,,4640.0,117.0,-0.4,0.2,296.57619806169436,50.96100000564416,14.199243,39377.65028826444,7.338672,0.1948946533704438,0.014450483,0.47869143174663975,0.1630004929531658,,
kic-012303849,2133152171067040000,72.26866,1.5044,7.02908,0.01805,2.0,2.0,,,4479.0,117.0,0.1,0.21,289.33112361804535,51.04812181464453,13.966492,48792.1796269176,7.8036494,0.356534625237102,0.012131342,1.5816709714071138,0.07703485529189012,,
kic-012306709,2130196267196038144,30.27782,2.27417,4.05206,0.11956,2.0,1.0,,,4867.0,194.0,-0.09,0.29,291.0457666740285,51.026372503038736,16.09714,6856.3205845288685,2.920139,0.0591751773152873,0.03074935,-0.26015655220067124,1.1288416008326858,,
kic-012351461,2133333075088490752,69.51685,2.92331,7.30124,0.06134,2.0,2.0,,,4706.0,162.0,-0.49,0.26,288.228993196805,51.14388202031646,15.797008,9039.488729978468,3.033791,0.1128541698011022,0.028074287,0.9142664567568897,0.540628436938871,,
kic-012367107,2135498700680120064,33.48165,1.86038,4.11305,0.06528,2.0,2.0,,,4677.0,163.0,-0.67,0.27,296.2663836509215,51.144862110493584,15.836613,8715.684016451647,2.8827243,0.1185229403848681,0.02764321,0.9634091097182989,0.5077561014208432,,
kic-012458432,2133220546945918848,13.67219,1.19866,1.93132,0.04054,2.0,2.0,,,4490.0,101.0,0.2,0.2,290.32580394903397,51.344548537358726,12.956222,123725.23013628024,21.520872,0.2596100148944444,0.012358095,-0.19016518144794148,0.10841646533876766,,
kic-012470207,2135505778786750720,31.64896,2.4204,4.13308,0.07355,2.0,1.0,,,4676.0,140.0,-0.58,0.24,296.09002388396755,51.3549149368925,15.09743,17217.68112680151,4.2918687,0.1355248878585173,0.018755078,0.5879740892422554,0.30158110113083536,,
kic-012556386,2133226834778066304,240.10958,9.67246,17.77882,0.11735,2.0,1.0,,,4570.0,101.0,-0.2,0.2,290.23792204209946,51.50369057309236,14.106634,42883.795615300885,6.6334767,0.4847356228404457,0.012506017,2.29194270816169,0.0667733280348075,,
kic-012647359,2139224876865175168,28.92967,2.49656,3.97476,0.08131,2.0,1.0,,,4671.0,121.0,0.1,0.21,290.6235772182492,51.70067658758935,14.183556,39950.70814098823,7.7327657,0.1945636787685308,0.012922149,0.313984057762168,0.1517580253906002,,
kic-012735587,2139299506217117568,34.25882,1.7333,4.18787,0.1795,2.0,1.0,,,4649.0,138.0,-0.08,0.24,289.66033879561354,51.96691709239697,14.186991,39824.512941860514,5.9916472,0.1863870711374247,0.014163914,0.29685394357348116,0.1689669143254574,,
kic-012784560,2139295657926520832,32.79546,1.48246,3.96463,0.02011,2.0,2.0,,,4627.0,139.0,-0.62,0.25,290.05030890983926,52.04649582396152,15.569255,11149.223975171875,3.580595,0.0532865876717559,0.023482569,-1.0156498414526016,0.9574926380601716,,
kic-012934949,2139323764192611584,27.31982,1.02138,3.714,0.05058,2.0,1.0,,,4726.0,136.0,-0.19,0.23,290.11637320315583,52.354948522378294,14.191562,39657.20858056002,6.3001127,0.1858721625667347,0.012676012,0.2711961691481246,0.15338713901715104,,
gaia-dr3-2051748075363016832,2051748075363016704,30.71499,1.42422,3.50759,0.0295,2.0,2.0,,,4492.0,109.0,0.2,0.2,291.4470549541234,37.0020702624329,14.198307,39411.575057308226,7.295726,0.1946201372249375,0.01484675,0.3535866829659575,0.17129403393163808,,
gaia-dr3-2051766595262408704,2051766595262408704,156.09081,6.61578,12.29423,0.16621,2.0,1.0,,,4503.0,110.0,0.2,0.22,291.3009604425736,37.274484887702755,14.633929,26386.090237644363,5.885345,0.386144089872555,0.016612528,1.9863575822120296,0.12779215731835242,,
gaia-dr3-2053159882650572544,2053159882653868800,35.06772,3.78962,4.1369,0.20152,2.0,1.0,,,4894.0,156.0,-0.23,0.25,292.4204724688369,39.384687985020065,15.308346,14177.784654212895,3.2503808,0.084614402461978,0.021291044,-0.2966485168695776,0.5476020135001716,,
gaia-dr3-2076942319158903808,2076942319164921088,62.93448,1.68635,6.37549,0.0402,2.0,2.0,,,4552.0,122.0,-0.39,0.22,297.2560477409875,41.641322244525185,14.659303,25776.606973396723,6.222752,0.2527114231389961,0.018314201,1.0413324944261788,0.18364690969999042,,
gaia-dr3-2077258772354815616,2077258772354815616,28.23105,2.03355,3.3434,0.02936,2.0,2.0,,,4739.0,208.0,-0.6,0.33,296.26264632859954,42.97043914399999,16.38613,5254.0582705458455,2.5997903,0.0927164249995587,0.04091983,0.7859246039732035,0.9605950639258083,,
gaia-dr3-2078105121428087936,2078105121428087936,32.37142,2.79207,4.02606,0.1119,2.0,1.0,,,4989.0,211.0,-0.27,0.32,295.4472032570608,43.74805138904696,16.32876,5539.14395667131,2.7846766,0.0623524816934033,0.042384345,-0.20562486349687958,1.4780376345270831,,
gaia-dr3-2078451158355216000,2078451158355216128,31.95477,3.6552,3.97893,0.15958,2.0,1.0,,,4593.0,132.0,-0.66,0.25,298.1657888227827,42.36017444142184,14.84933,21637.882121676044,25.865625,0.3139525487700927,0.09467051,1.8007748855264651,0.6596563682956457,,
gaia-dr3-2102595196742041600,2102595196744406272,31.85435,1.27933,3.8987,0.04847,2.0,2.0,,,4607.0,154.0,-0.78,0.28,287.8818212124422,43.00910712036441,16.105053,6806.521192355939,2.9723165,0.0088405474468326,0.033854876,0.5028600020675675,0.3043633781691849,,
gaia-dr3-2127843076093484288,2127843076093484288,58.85999,8.18026,5.3784,0.45073,2.0,1.0,,,4748.0,125.0,0.22,0.24,289.8456011550993,47.17210493011251,14.396252,32843.24819591151,6.514059,0.1285543961822744,0.014778141,-0.22786452957985048,0.25091682499242596,,
kic-001163647,2051696467034400128,112.36622,7.54599,9.6734,0.13491,2.0,1.0,,,4514.0,110.0,0.2,0.2,291.558607346509,36.86885791246471,14.437045,31632.155996833804,5.6930213,0.3339941270852628,0.016316526,1.837744759551505,0.11100784129425273,,
kic-001295546,2051697291668161792,197.48876,4.94097,15.56703,0.08286,1.0,2.0,1295546.0,2.0516972916681618e+18,4906.0,141.0,-0.63,0.24,291.58764647271767,36.92412976930347,13.191074,99659.11303893558,11.600028,0.6586274346022636,0.01133761,2.066278692802321,0.04966381246999915,,
kic-001577141,2051714677696591232,107.79468,2.71096,9.85666,0.05529,2.0,1.0,,,4827.0,180.0,-0.55,0.29,292.17568121262343,37.11478866433422,14.767802,23325.22334213196,4.230152,0.2574312512052109,0.017379759,1.5062275492656418,0.1540219204260107,,
kic-002018274,2051830985410101120,17.97066,0.85257,2.41697,0.02417,1.0,2.0,,,4495.0,107.0,0.44,0.25,292.2843336019669,37.4779998862771,13.4549265,78158.45806724064,11.541956,0.2727488248362621,0.0105733,0.2461953248961013,0.1023004537848624,,
kic-002018911,2051818336723230976,150.85793,2.46962,12.14039,0.02072,2.0,2.0,2018906.0,2.051818336723231e+18,4812.0,112.0,-0.3,0.21,292.4232459600091,37.427949330443376,13.190838,99680.82279431575,10.297179,0.5818341964594378,0.010047807,1.603067028707013,0.07225756537933979,,
kic-002297378,2051098710667526912,21.30841,1.01013,2.73775,0.02098,2.0,2.0,,,4500.0,100.0,0.0,0.2,290.1846840300269,37.665930166959726,12.114543,268614.5259750508,34.88635,0.4907871805124591,0.009882293,0.30257146147483205,0.0592372452125133,,
kic-002423811,2099176196617712000,38.0169,1.48046,4.4068,0.03357,2.0,2.0,,,4707.0,163.0,-0.46,0.26,286.4588999252755,37.76383198551639,15.404198,12979.788449795524,3.5507534,0.0775642986596189,0.023032187,-0.389708626456823,0.6458267103470385,,
kic-002437297,2051292980625568512,52.22162,1.48245,5.33144,0.0299,1.0,2.0,,,4511.0,124.0,-0.39,0.22,290.21773128699624,37.76811098255536,14.852808,21568.673775617295,18.502968,0.267742843713217,0.07746774,1.5554085748895403,0.6316810986086421,,
kic-002438387,2051104208225357056,29.01274,4.00552,4.01749,0.17624,2.0,1.0,,,4804.0,133.0,-0.68,0.25,290.31143323830037,37.71808259669292,14.313529,35443.38627305092,10.091252,0.1652746072319638,0.01471455,-0.05565074398088399,0.2052833136475085,,
kic-002438670,2051104826700757760,10.5392,0.64354,1.74216,0.03728,2.0,2.0,,,4754.0,141.0,-0.37,0.25,290.35223473276665,37.77225644390262,15.453839,12399.699714208466,3.302388,0.0859154083699819,0.022921337,-0.14224329657953483,0.5807032234669297,,
kic-002568992,2051288410780611840,33.3728,4.80481,5.58062,0.25575,2.0,1.0,,,5360.0,115.0,-1.33,0.3,290.11467402323296,37.80807044039906,15.183097,15911.382260519867,3.7203338,0.0666592128501298,0.019983945,-1.1335908790427514,0.6542683092134918,,
kic-002569409,2051294389375165056,131.22922,3.31406,11.0078,0.07106,1.0,2.0,,,4691.0,131.0,-0.4,0.22,290.16824635232626,37.84216063103204,14.762945,23429.81015819713,4.662659,0.2472033531593697,0.017484175,1.340671171518471,0.1642172593450691,,
kic-002569608,2051294904771295616,31.54515,1.54093,4.02892,0.0267,2.0,2.0,,,4773.0,145.0,-0.17,0.25,290.1917783447569,37.87743243002056,15.028066,18353.56426540504,4.3973236,0.138787558862774,0.01944951,0.40071629765398775,0.3085292793777234,,
kic-002584488,2052045557677158656,242.37669,13.43988,17.20679,0.07889,2.0,1.0,2584488.0,2.0520455576771587e+18,4754.0,117.0,-0.2,0.21,293.3239888128199,37.893960925285526,13.63254,66363.7467301,7.2720766,0.6018488008402896,0.011374065,2.2393178085236567,0.0598745868643199,,
kic-002718374,2051870877067540480,28.83348,1.58992,3.88053,0.05859,2.0,2.0,,,4644.0,117.0,-0.6,0.21,292.59629962319923,37.97548402155438,14.070259,44344.83683628021,8.802257,0.2123447358245955,0.014081297,0.4148073057476527,0.15045344331693974,,
kic-002851165,2052623698934799360,49.67925,1.83122,5.26624,0.04218,2.0,2.0,,,4747.0,138.0,-0.1,0.23,291.1862392686473,38.0732818657449,14.547974,28559.948802720544,5.082922,0.2092117778009509,0.017276444,0.9086886736616613,0.1829612710009999,,
kic-002857750,2051918156068694272,50.97244,1.3264,5.30276,0.10119,2.0,2.0,,,4584.0,118.0,-0.3,0.21,292.5461339666794,38.01792349708251,14.144161,41426.882283349056,5.9200954,0.2419533563216392,0.013976691,0.7237168671726408,0.13535822542735887,,
kic-002857889,2051919667897211648,36.25628,2.30867,4.41612,0.04296,2.0,1.0,,,4987.0,145.0,-0.19,0.25,292.57663028884,38.04150388178886,15.535404,11502.311913030017,3.2104974,0.0691079142479816,0.024533479,-0.5576162607895814,0.7721100248015703,,
kic-002994816,2051921145366001408,48.35398,2.60564,5.08299,0.05721,1.0,1.0,,,4626.0,116.0,-0.3,0.2,292.5612387306002,38.135394841670575,13.907339,51524.18554238121,7.375158,0.2309260314800401,0.013102583,0.4098226725114227,0.13195101082291008,,
kic-003115701,2052634968929080576,70.30426,1.65849,6.87992,0.02946,1.0,2.0,,,4537.0,112.0,-0.1,0.21,291.2475691908486,38.293399909995244,14.362992,33864.91682353017,6.0474715,0.2734931248397803,0.015481204,1.3055080907259242,0.1281745578662123,,
kic-003233455,2052642562431392768,203.83842,6.41369,15.7575,0.03581,2.0,2.0,,,4526.0,116.0,0.1,0.22,291.02643139717,38.32405455689243,14.900615,20639.583822778994,4.444022,0.3408046361011514,0.017874556,2.3209264939589183,0.11954471913512542,,
kic-003347590,2052306043156727168,32.97296,1.12561,3.91042,0.02867,2.0,2.0,,,4624.0,116.0,-0.3,0.2,292.80625234913947,38.427312038928214,14.378175,33394.63804504156,5.6094594,0.1873012374104474,0.014989521,0.45021904358771536,0.17916643298336402,,
kic-003429423,2099610434991184256,10.5392,1.51855,1.60491,0.03192,2.0,2.0,,,4381.0,115.0,0.09,0.22,287.08465396514,38.560812255738945,13.828672,55395.90287916832,12.917771,0.1716018927101818,0.012543013,-0.2893768209307801,0.16460027353870588,,
kic-003456967,2052123696026309376,27.02641,4.80274,3.50094,0.13408,2.0,1.0,,,4778.0,132.0,-0.19,0.23,294.7281198703455,38.52890152881348,14.66827,25564.5823197615,5.258484,0.1326448171167163,0.017189248,-0.03315936187530788,0.2853344032087267,,
kic-003533426,2099567863275218688,124.1121,3.06284,10.96244,0.03374,1.0,2.0,,,4514.0,118.0,-0.2,0.21,288.0912152931011,38.6438475802244,14.747811,23758.667623955254,4.8534245,0.3017316835732193,0.018647352,1.758369964584329,0.14624923545813281,,
kic-003545863,2052738219943240448,73.44969,2.04823,7.75695,0.04754,2.0,2.0,,,4760.0,141.0,-1.33,0.29,291.7589300723489,38.66202637883902,14.613628,26884.087997516668,5.0301714,0.2259923959582878,0.016414931,1.1176595425857219,0.16270942332017932,,
kic-003548064,2052703894564340736,37.07784,2.6652,4.08759,0.09578,2.0,1.0,,,4478.0,121.0,0.19,0.23,292.33073748011174,38.682492013694855,14.8145485,22342.269178171537,9.166135,0.1733781627589002,0.019774979,0.5977532979639157,0.25525726526155246,,
kic-003640696,2052894213152935296,107.52583,5.79655,9.63572,0.08781,2.0,2.0,,,4678.0,149.0,-0.29,0.24,290.0477363166345,38.745313276682175,15.281566,14531.832709450651,3.8677883,0.1678538334482266,0.022201661,1.0428983340738096,0.29234084488368833,,
kic-003641951,2052902665648801024,49.08973,2.65099,5.35655,0.0495,2.0,2.0,,,4477.0,131.0,-0.29,0.23,290.3939992791478,38.712521158735456,15.750136,9438.265324824471,3.2285335,0.0863376460825496,0.026772304,0.0920346317583558,0.6752670191596238,,
kic-003654684,2052285599112061440,65.89084,1.79736,6.79978,0.02771,2.0,2.0,,,4611.0,127.0,-0.39,0.22,293.76979261470717,38.78612781296657,14.651383,25965.30229084894,4.971653,0.2026390993183237,0.016666338,0.9185616421431924,0.18301299774040727,,
kic-003657963,2052200386964354560,130.31419,3.49962,11.42573,0.09988,2.0,1.0,,,4662.0,140.0,-0.79,0.24,294.5585572557553,38.78535170240076,14.96231,19499.468551085745,4.10072,0.3106139061265552,0.021283055,1.9874256917167266,0.16252633135665606,,
kic-003661970,2073158968379470464,7.18584,0.60944,1.21274,0.02404,1.0,2.0,,,4370.0,122.0,0.21,0.23,295.4392557001001,38.7633374632602,14.21148,38936.30149420707,8.041926,0.0970786119634552,0.014020293,-1.119339799459821,0.31614490976409665,,
kic-003730011,2100046180896609280,22.63909,1.3354,3.05109,0.05289,2.0,2.0,,,4487.0,186.0,-2.31,0.55,285.7814956146825,38.88545171371682,16.01332,7406.597011108225,2.6836824,0.0825696751477257,0.027554912,0.28254209148824394,0.7261951968952849,,
kic-003742658,2052884489347140608,141.31976,2.38478,12.07595,0.073,2.0,2.0,,,4606.0,113.0,-0.4,0.2,290.2093986612567,38.80747730183049,14.123056,42240.008636011735,7.301883,0.4344834705516996,0.015213655,1.9011551094683004,0.09796075701370902,,
kic-003749884,2052721349311328384,63.8704,2.53213,6.68549,0.04717,2.0,2.0,,,4580.0,133.0,-0.56,0.25,292.206398848441,38.87301759993285,14.95046,19713.44619911677,4.517584,0.2338955214487544,0.019037029,1.3838023461003477,0.18722057614335327,,
kic-003757635,2052196195075956864,142.12261,4.75032,11.72166,0.0628,1.0,2.0,,,4661.0,145.0,-0.34,0.25,294.15812162691935,38.89954967626902,14.654422,25892.734911621872,5.51864,0.3491061560694418,0.016354792,1.7394479590742868,0.13882433547321926,,
kic-003761769,2076165204962226816,99.03423,2.86887,9.5703,0.02455,2.0,2.0,,,4492.0,127.0,-0.83,0.25,295.15829137108494,38.85560808304461,15.079226,17508.807489236588,4.0393214,0.2680317398605471,0.021019476,1.8083899426874819,0.18114574970878358,,
kic-003765627,2073174395903006208,47.99779,3.44334,4.62066,0.07062,2.0,1.0,,,4829.0,125.0,-0.09,0.23,295.91116732536256,38.86598043560204,12.913087,128739.51716793838,21.15696,0.2698136899299438,0.015798477,-0.26482031056621125,0.1366190267088291,,
kic-003837292,2099622357820547456,19.6414,0.38734,2.64636,0.03856,2.0,1.0,,,4499.0,110.0,-0.3,0.2,287.28168949554123,38.90840601608668,14.074686,44164.4086132434,7.4632273,0.2029583648279779,0.013589608,0.15151036352457936,0.16095206148038108,,
kic-003847874,2052865625851266816,40.6603,4.30737,4.77401,0.18734,2.0,1.0,,,4790.0,102.0,-0.4,0.2,290.7547199145686,38.94832206902446,13.077752,110623.10074202609,14.83696,0.380214909691649,0.010229337,0.7599033241988202,0.06695018446064915,,
kic-003859437,2052382837170797568,95.45188,5.5209,8.54905,0.10002,2.0,1.0,,,4646.0,116.0,-0.2,0.2,293.829957748945,38.97398725585195,14.054956,44974.27159471123,7.0168934,0.3298919517601772,0.014034687,1.33193381351715,0.10375575180883606,,
kic-003865682,2076167713223382656,31.19318,2.61283,3.58311,0.07572,2.0,1.0,,,4993.0,180.0,-0.4,0.28,295.31893960802677,38.99334131754944,15.745363,9479.846238251366,2.839664,0.0450328230195452,0.026504185,-1.3987583202970377,1.2795174068733897,,
kic-003939644,2100387617913200000,43.69527,1.62922,5.04768,0.24465,1.0,1.0,,,4787.0,211.0,-0.56,0.32,286.7605449490916,39.0880185734254,16.589628,4356.07748462585,2.125038,0.0509249455987048,0.039135106,-0.16637832056818525,1.669315606696343,,
kic-003966957,2052212653391154944,34.93809,1.51667,4.30265,0.12834,2.0,1.0,,,4733.0,124.0,-0.2,0.22,294.75109455742245,39.04120676361325,14.393437,32928.498048335896,5.8317256,0.16134564834209,0.015323846,0.02045609791310632,0.2152866005326777,,
kic-003974061,2073179721662851968,65.74755,2.08593,6.50204,0.06798,2.0,2.0,,,4656.0,143.0,-0.12,0.24,296.1979946812814,39.055889419249226,15.554075,11306.202683632444,3.497722,0.1800407334798759,0.0257343,1.3707184551148774,0.3179656876251705,,
kic-004038452,2100240352073578240,34.61169,1.9687,4.45361,0.033,2.0,1.0,,,4892.0,129.0,-0.2,0.23,285.51839746825766,39.10168878528635,14.096937,43268.48629502683,6.7427554,0.1499226331093988,0.013009754,-0.2901645842353524,0.19262437989008402,,
kic-004048765,2099499659195869696,40.59009,2.46955,4.66405,0.20723,2.0,2.0,,,4705.0,140.0,-0.73,0.25,289.2103202812003,39.11576926400535,14.358025,34020.20496893641,5.6864953,0.2288576539320899,0.014812557,0.9136362317938094,0.14516642989734457,,
kic-004060571,2053106040942395648,25.98264,1.2997,3.49509,0.09262,2.0,1.0,,,4860.0,191.0,-0.6,0.31,292.44267648078926,39.13751921555428,15.732297,9594.620376957146,2.76417,0.1125243275638239,0.02696869,0.7947563238325586,0.5212476066270395,,
kic-004069377,2052226294207543040,56.86094,1.8711,5.91367,0.02602,2.0,2.0,,,4428.0,117.0,-0.1,0.2,294.6358532336536,39.18623988719217,14.336337,34706.58337046288,7.5486603,0.2539289033981903,0.016067024,0.9088181383717497,0.15315404305718544,,
kic-004076838,2073184772544460032,30.75188,2.46207,3.75258,0.09546,2.0,1.0,,,4590.0,126.0,0.08,0.24,296.2238565296161,39.13631270607608,14.651621,25959.617719873804,5.645641,0.1809056398621478,0.017466834,0.45444958031496085,0.22189571958611634,,
kic-004168597,2052415272764492416,100.80047,7.93467,8.56168,0.06089,1.0,2.0,,,4595.0,115.0,-0.1,0.21,294.175817451135,39.26124801459105,14.386969,33125.2576296689,6.0722218,0.2845338414732261,0.015102234,1.2700930210157395,0.12908592659029,,
kic-004171281,2076247393458405760,54.38933,2.79937,5.85426,0.05456,2.0,2.0,,,4418.0,127.0,-0.1,0.22,294.78077036645305,39.26742801578472,15.498953,11895.030168267347,3.6059527,0.1446714163843627,0.027173234,0.8164347146636253,0.4142842463254941,,
kic-004180301,2073277234597433984,55.71864,1.60803,5.54021,0.02721,2.0,2.0,,,4549.0,111.0,0.1,0.21,296.5291702527431,39.249837381948645,14.332484,34829.964691496905,6.66633,0.2652857889796307,0.015127786,0.9424003488854567,0.14544615961931362,,
kic-004243471,2100259868405440640,32.97947,2.32281,3.96561,0.08231,1.0,1.0,,,4781.0,176.0,-0.29,0.28,285.44419602063545,39.37191372188419,16.03521,7258.767222047827,2.7716734,0.0668656755006047,0.028718801,-0.10521140832010545,0.9335031844426818,,
kic-004265854,2053112844170649216,95.38492,2.77854,8.50903,0.06404,2.0,2.0,,,4494.0,106.0,0.3,0.2,292.4278658618019,39.345106813616155,14.714261,24504.301687704326,5.306415,0.2885492036883551,0.017166821,1.7731444244821102,0.13420060464019268,,
kic-004271755,2052408160298356608,85.10781,1.23918,8.34803,0.03865,2.0,2.0,,,4644.0,131.0,-0.61,0.24,293.88604789906634,39.32085922213692,15.1371,16599.952411485137,3.8343961,0.2063042231572389,0.020072965,1.3220949760819227,0.21913118462791556,,
kic-004274162,2052420048768258688,36.46447,2.20445,4.21231,0.10523,2.0,1.0,,,4765.0,111.0,0.2,0.2,294.4263774559861,39.35018230554474,13.508016,74428.6776786294,9.555454,0.2941098214985421,0.01076318,0.463018022425425,0.09845960191640135,,
kic-004357691,2101015026737759104,22.69208,3.68917,2.92592,0.02758,1.0,2.0,,,4663.0,115.0,-0.1,0.2,289.52066050877505,39.4778279833206,12.547384,180298.8337649354,25.3959,0.3550163155452099,0.009253558,0.05640958617658143,0.06725772730745204,,
kic-004373663,2052457084260541440,57.97382,2.25605,6.16757,0.02611,2.0,2.0,,,4450.0,133.0,-0.27,0.25,293.8300568055962,39.46350788615028,15.799548,9018.36008322465,3.053936,0.0853046298544382,0.026978442,0.04264382958323765,0.6895218835295726,,
kic-004380783,2076217225607134208,19.67027,0.98506,2.7226,0.02061,2.0,2.0,,,4539.0,110.0,-0.4,0.2,295.4313173324203,39.43601328771294,14.653159,25922.874379058507,4.876199,0.138412697464199,0.016282264,-0.24650131503600647,0.2711110258635828,,
kic-004448758,2100458330254479232,160.55931,8.01906,13.14919,0.23043,2.0,2.0,,,4490.0,110.0,-0.2,0.2,286.4571556990569,39.5190420813399,14.218976,38668.40412261944,6.452521,0.4701146212598389,0.014534117,2.1440060091578577,0.09372234581519273,,
kic-004449033,2100463690373686016,192.25911,3.41744,15.00363,0.0338,2.0,2.0,,,4691.0,122.0,-0.4,0.21,286.56320148270015,39.53197019730611,13.895321,52097.67890659529,7.742724,0.5233994531418418,0.017820694,2.126163336192631,0.09184985985428136,,
kic-004459175,2100992658548687360,27.32738,1.18024,3.80462,0.22106,2.0,1.0,,,4764.0,137.0,-0.18,0.24,290.05574653465163,39.5980646874632,14.036897,45728.6088902027,7.5653973,0.2106668534817172,0.014019586,0.4611052357143972,0.14740270451146087,,
kic-004488284,2073256309516243840,28.50937,1.79697,3.9001,0.19231,2.0,1.0,,,4509.0,135.0,-0.51,0.26,297.26078145078503,39.58072513013126,15.6131,10707.95732503292,3.29932,0.1009262585296457,0.02603823,-0.21463510017665577,0.5744749027272443,,
kic-004488760,2073627600845774848,51.81548,1.56172,5.44823,0.02564,2.0,2.0,,,4541.0,135.0,-0.36,0.25,297.34943569505543,39.54437162431993,15.223989,15323.26636324318,4.3720922,0.1725529759810987,0.023125611,0.7303964944842072,0.3082900422469676,,
kic-004489066,2073627497766611072,18.13656,1.29148,2.50544,0.03202,2.0,2.0,,,4518.0,146.0,-0.27,0.26,297.40554850738465,39.557313637749694,16.303724,5668.359592410728,2.8553934,0.03210444408094,0.038709864,0.5512520165672292,0.3308824977438197,,
kic-004557779,2101073988048668672,100.2805,3.35575,9.24957,0.0574,2.0,2.0,,,4587.0,146.0,-0.4,0.25,290.51297361678877,39.68408299714901,16.023779,7335.589274049418,2.8630264,0.1107122498664671,0.033639837,1.0752061886866464,0.6602904385631025,,
kic-004661582,2052502477782050048,54.72101,1.79633,5.70136,0.04242,2.0,2.0,,,4622.0,102.0,-0.09,0.25,293.6686467941489,39.77031295774407,15.884466,8339.885799644824,3.338069,0.1030669754281098,0.03166075,0.5625180423661753,0.6695746952824394,,
kic-004662808,2052487668734971776,28.48559,3.99063,3.84847,0.1002,2.0,1.0,,,4517.0,124.0,0.33,0.25,293.9862534014652,39.74346983965499,14.703156,24756.20754054581,5.9136486,0.1459213871549279,0.018095322,0.20886995910048967,0.27338956078518983,,
kic-004671430,2076307935315130880,12.0434,0.51373,1.82221,0.03329,2.0,2.0,,,4450.0,123.0,-0.2,0.21,295.9625061727729,39.714327927916806,15.242367,15066.075744508717,4.1906085,0.0953187709976875,0.022900876,-0.4430592079972673,0.5289455354125802,,
kic-004680711,2073449308173640064,80.972,2.9871,8.14247,0.06313,2.0,2.0,,,4589.0,131.0,-0.72,0.24,297.76592493146643,39.74084258573925,15.04758,18026.638081326244,4.193269,0.2094059457602775,0.020484768,1.0227634665615888,0.23247798041371537,,
kic-004740615,2101047427971759488,33.66511,1.71492,4.16164,0.04045,2.0,2.0,,,4617.0,127.0,0.01,0.22,289.94774053078373,39.85728788966718,14.105878,42913.65657366852,6.925349,0.1979777644663587,0.013132338,0.3467441036776542,0.14855064293313575,,
kic-004751337,2053239665964920448,38.77116,1.65018,4.54444,0.09163,2.0,2.0,,,4985.0,244.0,-0.17,0.35,293.15471481609796,39.8297834878592,16.491808,4766.764266927755,2.486214,0.0578047364401754,0.042539865,0.10785231912195314,1.5983020262719205,,
kic-004761888,2076324148808545280,51.68167,4.8395,5.68807,0.04726,2.0,2.0,,,4882.0,269.0,0.26,0.36,295.7159295474332,39.881856022731384,16.419008,5097.336322651725,2.2918413,0.1092063473782977,0.03990845,1.1258154553223676,0.7968646749599568,,
kic-004769209,2073650690590424704,40.52236,1.88693,4.17936,0.03864,2.0,2.0,,,4677.0,120.0,0.2,0.21,297.2097019363198,39.88417769332534,14.074842,44158.05584795818,7.7879095,0.2179139053356557,0.013953865,0.08806194493510766,0.17228884512888162,,
kic-004774320,2073465285452979200,29.99677,1.14815,3.46534,0.02041,2.0,2.0,,,4623.0,111.0,-0.2,0.2,298.2149348538308,39.888189469973575,13.812857,56208.77939253465,9.079442,0.232268708940067,0.014083406,0.13415694848711013,0.15217480589581983,,
kic-004832780,2053068760626220416,205.72455,3.68472,15.61627,0.03654,2.0,2.0,,,4841.0,120.0,-0.34,0.25,290.91068708154205,39.9398858567838,14.094716,43357.10511692638,6.7209654,0.4204638976619166,0.01373346,1.995365167380248,0.0781009809254236,,
kic-004840909,2053234512004285696,28.81813,1.90659,3.96198,0.07318,2.0,1.0,,,4649.0,129.0,-0.4,0.22,293.30565040282204,39.91423893266336,14.930359,20081.820596376492,4.381388,0.1016874683214009,0.018554898,-0.34818461339819784,0.399033540984727,,
kic-004850480,2076372218082913408,22.58567,0.66518,3.08396,0.16662,2.0,1.0,,,4442.0,132.0,-0.0,0.23,295.6777682546815,39.95867409162397,15.879185,8380.558302272668,2.8790452,0.0848574091564347,0.029169995,0.03820188711613426,0.74997891743339,,
kic-004857518,2073698996074291584,48.29199,1.36487,5.18285,0.02222,2.0,2.0,,,4495.0,109.0,-0.2,0.2,297.1427924662789,39.972764517039906,13.583448,69433.23011587349,13.941085,0.5181495619345672,0.012286836,1.0657516574034815,0.1714127982227776,,
kic-004858654,2073653851686460032,97.55836,54.58475,8.85539,0.11032,2.0,2.0,,,4542.0,122.0,-0.19,0.23,297.3885973468631,39.923960538418235,14.864727,21333.19355679428,4.788168,0.2840638315502306,0.021540644,1.1937835533516896,0.21659077211422256,,
kic-004858971,2073654367082604672,34.00554,1.39879,4.20027,0.13351,2.0,2.0,,,4582.0,138.0,-0.41,0.25,297.4567094513698,39.989951353507955,15.732012,9597.1451136038,3.3088148,0.1236395367619876,0.027554743,0.2239349416790759,0.5052926746530796,,
kic-004862990,2073467347037398528,28.99312,1.62615,3.65203,0.2269,2.0,1.0,,,4554.0,116.0,0.0,0.2,298.28839879009524,39.95080649557077,13.983895,48016.28285743331,11.840425,0.3110695098037175,0.01517608,0.49661970024978785,0.17775341670902592,,
kic-004928125,2053298489838640512,84.6657,2.86161,7.69368,0.09132,2.0,2.0,,,4385.0,127.0,0.2,0.23,293.0269545905857,40.06996920718568,15.731202,9604.30449737188,3.2223504,0.1666859382937011,0.028334778,1.6227024284865124,0.3705721303252667,,
kic-004936964,2076298280232974976,29.59797,1.28843,3.75716,0.02889,2.0,1.0,,,4793.0,134.0,0.18,0.24,295.29839372065464,40.09008693093499,13.596692,68591.46513966793,10.128507,0.2807442368396457,0.012957155,0.4264790640750711,0.11772399900763911,,
kic-004946637,2073660242597867136,62.7117,0.7493,6.27878,0.0152,2.0,2.0,,,4492.0,110.0,0.11,0.23,297.3728100686688,40.091302303995576,14.532106,28980.382566521628,6.812626,0.4062234083389501,0.017246097,1.461737169830764,0.1908691601553249,,
kic-005023951,2076487224429132672,44.07585,2.24433,4.76975,0.0693,2.0,1.0,,,4702.0,135.0,-0.29,0.23,295.24109432685907,40.16149513670064,14.635912,26337.94741045597,4.561425,0.1345161156840208,0.0153584005,-0.107762025215699,0.2546522246291151,,
kic-005024035,2076299375436351360,34.09733,1.20188,4.00415,0.06989,2.0,1.0,,,4519.0,121.0,0.15,0.25,295.2568507586661,40.13099871585392,14.997539,18876.929884180012,4.3570557,0.1039508633476365,0.018059451,-0.3058661121978581,0.3817039773945696,,
kic-005024042,2076299551542561792,54.21142,1.03747,5.54856,0.02131,2.0,2.0,,,4502.0,120.0,0.01,0.23,295.25833908314854,40.14454523292936,14.240404,37912.7266946123,5.987991,0.2730254546712401,0.01325093,1.0338740796209898,0.12035903427678132,,
kic-005024100,2076299585902315264,30.10517,0.66642,3.99587,0.04188,2.0,1.0,,,4760.0,140.0,-0.32,0.24,295.26759095437825,40.16556349818557,13.608885,67825.48576156779,9.424894,0.2640761171607422,0.011057619,0.32998501319910645,0.10792044708939637,,
kic-005024196,2076299963859543680,13.95421,0.45169,2.02479,0.01472,2.0,2.0,,,4489.0,106.0,-0.4,0.2,295.2844386973889,40.177217330252034,13.290806,90912.6409429183,12.280065,0.2489643256976453,0.009633568,-0.06761078172106139,0.09822103538097586,,
kic-005024804,2076298761268662016,55.58561,1.20956,5.84747,0.02962,2.0,2.0,,,4498.0,122.0,-0.3,0.22,295.36953203751915,40.14104171816178,15.2895355,14425.54912659889,3.5489137,0.1601230279630163,0.019828033,0.9000372858582839,0.27589610521307156,,
kic-005042288,2073539880442481920,38.98583,1.07763,4.5571,0.02251,2.0,2.0,,,4618.0,128.0,-0.59,0.23,299.0079006002493,40.15272251923255,14.6295,26493.934387330857,5.27094,0.1921881208200763,0.018206285,0.5394791205949119,0.21940103940149963,,
kic-005089304,2101295951958180480,28.55152,1.81844,3.46149,0.26725,2.0,1.0,,,4886.0,179.0,-1.28,0.35,288.7316566684514,40.26295417979727,16.311934,5625.661442801676,2.3954604,0.0360534850536699,0.038453117,0.46184009884262167,0.375156591235589,,
kic-005111863,2076488598818838400,33.21203,1.43245,4.09524,0.02851,2.0,2.0,,,4912.0,144.0,-0.19,0.24,295.1887156136994,40.23815797334395,14.885941,20920.41769658392,4.588034,0.1200290167763483,0.01844758,-0.03250854548419113,0.33706514400993837,,
kic-005112631,2076393972102249600,62.44755,2.6484,6.06879,0.042,2.0,2.0,,,4502.0,143.0,-0.19,0.25,295.3269690525744,40.22979194447122,16.50465,4710.7142925971075,2.1571157,0.0273585378226679,0.035157785,0.7054985496044175,0.3349686740765824,,
kic-005113215,2076394315699725312,58.79513,1.86466,6.14784,0.02903,2.0,2.0,,,4499.0,134.0,-0.27,0.24,295.4186039145615,40.26534007283194,15.773131,9240.476600182144,3.3154275,0.098687558745029,0.025318773,0.33267584462455524,0.5605153849650906,,
kic-005113253,2076393456706249728,25.32619,1.04591,3.33874,0.05835,2.0,2.0,,,4914.0,164.0,-0.09,0.26,295.42447183730513,40.23378074017496,15.0723095,17620.696328699178,4.124348,0.0917876897949274,0.018220311,-0.5255354885662289,0.4354507911526512,,
kic-005121892,2073709377025439232,89.58049,5.0607,7.70787,0.02639,2.0,2.0,,,4697.0,126.0,-0.4,0.22,297.34326531984004,40.269473041154846,13.754198,59329.0793129801,10.801126,0.384583555227336,0.013699361,0.4438499356433301,0.2007921623330475,,
kic-005198933,2076492859426195712,129.56499,2.0613,10.79085,0.0322,2.0,2.0,,,4851.0,138.0,-0.3,0.24,295.0659989979816,40.31462074927409,14.445335,31391.53881950073,5.4031672,0.299106001452438,0.015563104,1.4369150199581338,0.12706387302120817,,
kic-005200006,2076583706572969216,170.33935,6.30911,14.34863,0.19251,2.0,1.0,,,4578.0,146.0,-0.94,0.28,295.3211159522594,40.38797132029472,15.590286,10935.341434643124,3.102743,0.2319654115801106,0.024764009,2.0782997723759067,0.2373355708253149,,
kic-005200265,2076582435262658432,34.48958,1.01845,4.0771,0.07301,2.0,1.0,,,4710.0,114.0,0.03,0.29,295.3745860360982,40.34316401447315,14.646388,26085.035371046033,5.581683,0.1486996175668884,0.015844552,0.21727806869139066,0.23545122264289245,,
kic-005200367,2076582362237411712,69.68494,0.97743,6.56478,0.01645,2.0,2.0,,,4505.0,108.0,0.3,0.2,295.3953565428581,40.32761624634092,13.062588,112179.02203805484,15.593161,0.4744024517256727,0.009596458,1.2495498163252954,0.05267176406551509,,
kic-005213847,2073579909539630720,83.51103,8.05803,7.43296,0.06715,2.0,2.0,,,4673.0,118.0,-0.2,0.2,298.2081555621194,40.30404425904775,14.011854,46795.58906558981,7.900514,0.3339352314729844,0.013878039,0.5644148457013376,0.18357592776161571,,
kic-005213925,2073769094250086016,25.71446,1.65802,3.25716,0.15269,1.0,1.0,,,4517.0,115.0,0.0,0.21,298.2219515712002,40.33894488748924,14.787853,22898.42085255094,5.26594,0.1576998192036434,0.018401103,0.21991219779566862,0.26680129799494523,,
kic-005215300,2073583448592759552,52.40332,8.10253,5.42837,0.03602,2.0,1.0,,,4602.0,118.0,0.1,0.21,298.46563790433635,40.33069219501839,14.322431,35153.97093530575,7.3709884,0.2583165565551542,0.014975195,0.8745386326530458,0.14720230461046557,,
kic-005286957,2076599546412281472,32.35315,1.24504,4.16401,0.04691,2.0,2.0,,,4701.0,167.0,-0.39,0.26,295.1250675354601,40.47405477475509,16.41578,5112.519355833742,2.2805588,0.0115697170110963,0.035250448,0.63023143222809,0.47271110807547967,,
kic-005288893,2076401840482608256,113.41631,53.09037,10.18117,0.26321,2.0,2.0,,,4535.0,136.0,-0.49,0.26,295.57390021936504,40.4045399816306,15.525832,11604.164299797743,3.1455579,0.2102508338796331,0.022521794,1.6793102219420977,0.24263276922200666,,
kic-005304554,2073596196056116864,135.88923,3.08043,11.30785,0.03554,2.0,2.0,,,4490.0,127.0,0.03,0.25,298.76161660492704,40.41102773608893,14.98329,19126.298874798955,4.2374554,0.3322437393640718,0.018281685,2.227250043782009,0.13132723725005663,,
kic-005344426,2103763634006040960,31.85445,1.76091,3.91393,0.02138,2.0,2.0,,,5107.0,182.0,-1.18,0.35,285.2930132597317,40.58338217928205,15.137748,16590.04446963576,4.431001,0.0706437879705396,0.021302326,-0.8348765000419842,0.6556140470666851,,
kic-005356450,2101362712929542656,82.0222,2.59469,7.79251,0.03143,2.0,2.0,,,4584.0,142.0,0.0,0.2,289.92489822483884,40.55969766958586,14.228243,38339.7787580935,7.608685,0.3336995831115276,0.015093194,1.4574757050362575,0.11412989092669899,,
kic-005371268,2076544914430692480,48.8797,1.74437,5.26659,0.0496,2.0,2.0,,,4812.0,153.0,-3.18,0.5,294.303822930378,40.502273662042874,15.575911,11081.092660373157,3.4587157,0.1143461335129664,0.027053421,0.5763592308121659,0.5156005374345227,,
kic-005383189,2073731229819194368,45.86941,2.02815,5.1488,0.0366,2.0,2.0,,,4475.0,148.0,-0.56,0.27,297.058899821143,40.55236492726259,16.328445,5540.754075285469,2.7388775,0.1488295222666529,0.038877655,1.3199128708286931,0.5821228017082815,,
kic-005391820,2073598326360040192,39.12064,3.00816,3.91158,0.09227,2.0,2.0,,,4698.0,127.0,0.2,0.22,298.8804932266206,40.52165349718055,14.924495,20190.57680142989,5.66391,0.1196956060372068,0.018469224,-0.24221073946229055,0.34532513451157215,,
kic-005394266,2075056072615212672,63.12034,6.39561,6.54913,0.04262,2.0,2.0,,,4336.0,136.0,-0.4,0.26,299.31725300272467,40.58413837131216,16.282766,5778.831778572752,2.4643562,0.0787157969116844,0.038678285,0.012205851065916207,1.072916452070689,,
kic-005395849,2075046795486154880,49.65784,2.1755,5.20949,0.03421,2.0,2.0,,,4598.0,156.0,-0.15,0.26,299.60183874380954,40.544211301903424,15.930038,7997.075145878554,3.0190408,0.0672686734575044,0.03269248,-0.6817673145043166,1.061325823155318,,
kic-005513868,2103639801507772160,96.87118,3.15078,8.34477,0.63998,1.0,1.0,,,4592.0,110.0,0.2,0.22,284.3561754015578,40.70766571965089,14.536281,28869.17835365667,5.3956394,0.2678575969520537,0.01555105,1.3609200531884156,0.1346270250604278,,
kic-005554209,2076760934105464448,30.50132,2.38579,4.00773,0.35236,2.0,1.0,,,4752.0,145.0,-0.33,0.24,297.095588321388,40.7905040964618,13.93379,50284.11057859948,7.7129116,0.2505694273471064,0.012984167,0.15333917136729625,0.16179814941912463,,
kic-005556583,2073749268682660096,85.82381,2.23497,8.36371,0.06761,2.0,2.0,,,4595.0,115.0,-0.6,0.22,297.593674849726,40.79971914983116,14.198568,39402.12092167202,6.8001246,0.4009892405235501,0.0143956635,1.6086916206633646,0.11969773443527922,,
kic-005560115,2073783216102994432,31.84186,2.05813,4.07431,0.20564,2.0,1.0,,,4447.0,136.0,-0.2,0.24,298.3243412645668,40.73448211199615,16.169989,6411.379488839009,2.9545684,0.048028562370387,0.034312695,-1.2218257748555938,1.5559755058180358,,
kic-005563566,2073608148932320128,18.08898,1.89631,2.41612,0.04782,2.0,2.0,,,4677.0,191.0,-0.15,0.29,299.0236256940915,40.74662765874294,16.636047,4173.759590905071,2.555086,0.0776503764756995,0.047659192,0.36011685533198445,1.3372265469783366,,
kic-005565502,2075059542949486080,31.20567,2.64828,3.84461,0.11154,2.0,1.0,,,4621.0,115.0,0.2,0.21,299.3854744264828,40.76296778805187,13.621339,67051.93653590359,11.5888815,0.2828303059800008,0.012927076,0.4686799359042553,0.11678225197041961,,
kic-005623202,2053541138308428032,94.85289,2.68292,9.15066,0.04196,2.0,2.0,,,4781.0,186.0,-0.54,0.29,292.79390717238385,40.82427740025331,15.329672,13902.027741495114,3.8022172,0.1655057226590011,0.022798315,1.1088562861072973,0.30282529361884736,,
kic-005633365,2076623082833970048,44.42422,1.49154,4.89,0.0187,2.0,2.0,,,4598.0,120.0,-0.3,0.21,295.5795127787901,40.86688686981903,14.890046,20841.476718078586,4.572474,0.2069372927749015,0.020787403,0.984807863751259,0.22991522729844396,,
kic-005637576,2076801856554941184,55.00327,2.33499,5.71427,0.02868,2.0,2.0,,,4434.0,145.0,-0.35,0.26,296.5310015842629,40.8697895169543,16.365662,5354.042907547653,2.3620176,0.0116193098679154,0.037923947,0.5786513302917484,0.3475892550889808,,
kic-005638377,2076755470906720768,29.91831,1.26284,3.94407,0.19801,2.0,1.0,,,4578.0,124.0,-0.61,0.23,296.71580986652293,40.8560559284944,14.600616,27208.228973510217,6.713378,0.1862488741074628,0.018058594,0.2971011046251171,0.23227637751621014,,
kic-005702793,2101571860658544512,77.54579,1.38139,7.5167,0.0442,2.0,2.0,,,4767.0,162.0,-0.43,0.26,290.9232284072026,40.89998987691759,14.628072,26528.836537715473,5.297556,0.219442856565306,0.016617356,1.1893496453788774,0.16587404153408428,,
kic-005730457,2073801495483894400,35.62958,2.2804,4.26117,0.35647,2.0,1.0,,,4651.0,171.0,-0.26,0.28,298.077209147418,40.948622212343224,16.370922,5328.1659784497915,2.4195225,0.1109784297430847,0.03925556,0.7493589094220248,0.778553838225317,,
kic-005737150,2075113449069176832,133.4844,10.39175,9.80499,0.16165,1.0,1.0,,,4742.0,149.0,-0.04,0.25,299.4116796165594,40.9252202975351,13.818582,55913.18706474145,10.67425,0.4025293243269924,0.012925949,1.3339160402589894,0.10336197356601734,,
kic-005737601,2075068510841265664,12.7334,2.80077,1.7972,0.11566,2.0,1.0,,,4512.0,110.0,-0.1,0.21,299.4968248572755,40.96059318948869,14.325247,35062.90877004473,7.0687284,0.1340295965980668,0.014604701,-0.8138406785997336,0.26363797679562045,,
kic-006106247,2103870905109847552,30.33788,1.04043,3.61826,0.04828,2.0,2.0,,,4591.0,110.0,-0.4,0.2,285.3341480568905,41.435814988858965,13.087982,109585.69871063986,16.205805,0.3313619270091066,0.010214621,0.4715006438916589,0.07449820207545021,,
kic-006128225,2077581719533727232,30.9707,2.25151,3.68473,0.15893,2.0,1.0,,,4851.0,147.0,-0.42,0.26,293.27485639667225,41.43820346381678,14.805535,22528.507955657773,6.4134607,0.1472345576294671,0.01772404,0.30648139173506195,0.2663041020281365,,
kic-006128780,2077579142551348352,22.32079,0.92452,2.94333,0.05651,2.0,2.0,,,4519.0,131.0,-0.47,0.25,293.4410290088211,41.42244811528788,15.065124,17737.696738869447,4.3423443,0.1102709284201537,0.019395862,-0.061673231884498136,0.3853185354642773,,
kic-006143933,2076886072271471616,31.39859,2.38918,4.20619,0.17272,2.0,1.0,,,4718.0,193.0,-0.61,0.31,297.2011766714672,41.42084781495667,16.149117,6535.825652727238,2.7408402,0.1181391682480325,0.035118304,0.6391089768642431,0.658615056919241,,
kic-006150227,2075336276281011584,30.52228,1.72453,3.69203,0.0607,2.0,1.0,,,4483.0,221.0,-0.5,0.73,298.6713558183667,41.427727354802656,15.916594,8096.724739336028,2.7411366,0.0783651364144383,0.030954616,-0.5574339549339555,0.8693675272344874,,
kic-006224327,2076938436514275968,67.29793,3.5294,6.66292,0.03677,1.0,2.0,,,4519.0,132.0,-0.16,0.25,297.0314987537009,41.570616211989915,15.741199,9516.285945953305,3.4294374,0.1190042114006935,0.028308183,0.4892490771890827,0.525106888153456,,
kic-006230006,2073889731294858112,54.67268,1.57883,5.89952,0.04724,2.0,2.0,,,4495.0,143.0,-0.3,0.25,298.3270304469564,41.57488227196667,16.388653,5241.860481293671,2.2730508,0.0976691984272831,0.037779234,0.5139067478885746,0.84897835454852,,
kic-006231089,2075387644087932032,22.15783,1.79365,2.76255,0.17323,2.0,2.0,,,4445.0,148.0,-0.34,0.26,298.5542732744625,41.530372122509384,16.62102,4231.93476803642,2.1619208,0.0670640742475353,0.04312294,-0.16695115566057872,1.403090021719252,,
kic-006281046,2101807224864927488,224.31006,7.35842,17.01301,0.12104,2.0,1.0,,,4616.0,114.0,-0.2,0.2,290.4482600596588,41.68514352178821,14.506713,29666.187687452013,5.7345505,0.4145443151607428,0.016700257,2.4250166254825825,0.09110178780569374,,
kic-006284458,2101712185829108992,52.82345,11.56841,5.73632,0.059,2.0,2.0,,,4597.0,113.0,-0.4,0.2,291.61106909839043,41.64822151944069,14.597451,27287.66408928153,4.878034,0.173321534736318,0.016042653,0.646384035348742,0.2021704476594004,,
kic-006381264,2077050243101490688,41.57145,1.48032,4.67054,0.0331,1.0,2.0,,,4728.0,140.0,-0.22,0.24,296.64189037169183,41.75522970490531,14.658406,25797.88958658491,4.913221,0.1716306028940809,0.016850846,0.2985044600186164,0.22768850840787025,,
kic-006383941,2076944239002992128,44.66187,1.82579,5.0958,0.06986,2.0,2.0,,,4579.0,130.0,-0.74,0.25,297.2390524471353,41.76814097065163,14.451161,31223.537250888505,6.5267797,0.2610760152476439,0.015599145,0.8810127018577472,0.1626552765214588,,
kic-006448907,2077615014118734976,160.09037,4.18436,12.90687,0.03772,2.0,2.0,,,4547.0,126.0,-0.21,0.23,293.763433688324,41.87142030671517,15.0292015,18334.383575575823,5.38183,0.3384774771874421,0.026232738,2.289304761360345,0.17805117741885473,,
kic-006451129,2077510354357122048,141.34938,3.11651,11.9575,0.05007,2.0,2.0,,,4900.0,156.0,-0.73,0.26,294.422619814709,41.80439317655222,14.818881,22253.30355316033,4.5695233,0.2410399208500152,0.017852262,1.3660018937525695,0.1698099738648683,,
kic-006465087,2076913147746211840,43.11004,1.76024,4.76654,0.03749,2.0,2.0,,,4562.0,134.0,-0.19,0.24,297.8531787403513,41.831595441528286,15.708277,9809.258976368945,3.2469397,0.1487306706150349,0.026671845,0.746745311250244,0.4085337125872604,,
kic-006469115,2075421935107823360,30.74538,1.5722,3.96148,0.04584,2.0,1.0,,,4776.0,147.0,-0.06,0.3,298.7324558319747,41.89527131255816,15.4861555,12036.065407426073,3.9888632,0.0989774104092749,0.027568758,-0.21436883995180622,0.6133287413326064,,
kic-006528854,2077708816203015680,11.97955,1.05915,1.94335,0.04827,2.0,2.0,,,4633.0,111.0,-2.01,0.51,293.8543411926578,41.91308151639178,15.73648,9557.727711479643,3.066249,0.1214677014104309,0.028787358,0.8923464759288713,0.5161798802713553,,
kic-006529728,2077521413894563712,25.38746,0.79286,3.37719,0.03055,2.0,2.0,,,4598.0,141.0,-0.86,0.27,294.0976355231262,41.91840110262429,15.420014,12792.075387500532,3.7439585,0.0790841496340246,0.024943408,-0.40441954253607193,0.6865165134005089,,
kic-006549318,2075422003827301120,80.74262,4.40972,7.24316,0.08187,2.0,2.0,,,4633.0,143.0,-0.05,0.25,298.71668117729735,41.91550627734897,14.626889,26557.73272512188,5.578374,0.1989116891322822,0.017767912,0.39354255383566183,0.22249512873244864,,
kic-006605751,2101743590630832640,76.01124,2.05212,7.74368,0.01927,2.0,2.0,,,4696.0,200.0,-0.7,0.31,291.69911836568076,42.01499813351588,15.970786,7702.510983162694,2.90112,0.0583227435528454,0.03025564,-0.2969106769458758,1.126571816576077,,
kic-006627847,2076975819910650624,54.90675,1.69809,5.69654,0.09719,2.0,2.0,,,4393.0,121.0,-0.1,0.21,297.38278166637775,42.07549784125857,15.2536545,14910.250886197246,3.8375337,0.2017012873471174,0.020807678,0.784112287225696,0.26901843017975124,,
kic-006704586,2077862163716526848,26.10844,2.13294,3.14604,0.11464,2.0,1.0,,,4784.0,152.0,-0.69,0.27,295.3119054770935,42.19738059165528,15.552012,11327.701248778198,3.2301235,0.067711573939901,0.022945816,-0.5853326442757218,0.7371500475036369,,
kic-006720449,2075428051141428736,30.08845,3.13226,4.15436,0.0894,2.0,2.0,,,4709.0,165.0,-0.58,0.27,298.73881971888994,42.11506354803401,15.356614,13561.287549966626,3.8232958,0.086410596959402,0.023268135,-0.5418693513094386,0.5911873602975968,,
kic-006880796,2077175518706439552,106.11035,3.15641,9.74662,0.04443,2.0,2.0,,,4631.0,140.0,-0.59,0.25,296.45579225863014,42.342659869813325,15.819362,8855.27473467449,2.671409,0.140304407114148,0.027177798,1.0702866122870063,0.4268576498130107,,
kic-006964830,2077219327374425984,30.99948,3.37565,4.00229,0.16197,2.0,1.0,,,4801.0,220.0,-0.53,0.33,296.2061464832949,42.49587379037886,16.231071,6060.638246507595,2.84375,0.037216740741089,0.036513105,-1.3996692667998918,2.1316565511290237,,
kic-007214746,2077240802212201472,30.27924,1.29802,3.56404,0.04078,2.0,1.0,,,4431.0,107.0,0.3,0.2,295.8495983140569,42.72231726935852,13.95078,49503.39267067739,13.507026,0.2971128857866282,0.016989278,0.806733856682218,0.1457361797067035,,
kic-007286040,2077811998498638208,187.81286,11.76811,14.01563,0.06699,1.0,2.0,,,4759.0,156.0,-0.23,0.26,293.05172524117,42.87852190892732,14.236231,38058.75175436941,6.885898,0.3794347945549756,0.015634157,1.9139223761949857,0.09526110312136446,,
kic-007447987,2125856533462023168,28.62696,2.28724,4.0139,0.11316,2.0,1.0,,,5030.0,162.0,-0.13,0.27,292.7467232868425,43.092955419775606,15.512449,11748.07921125143,3.6399941,0.1241337447673121,0.024137825,0.7881254774601008,0.42324248648390644,,
kic-007468709,2078532006821875328,44.92834,3.77691,4.77448,0.10681,2.0,1.0,,,4565.0,138.0,-0.38,0.24,297.7725673615745,43.07376578156941,15.57263,11114.61950557157,3.2016559,0.0930726817699513,0.023595989,-0.2372420370964523,0.5591882837834095,,
kic-007504516,2105187261045206656,28.47699,3.36805,3.3694,0.74349,1.0,1.0,,,4898.0,135.0,-0.61,0.24,282.98009741121973,43.10552879486371,14.033579,45868.5863072182,6.7200227,0.1906493229169494,0.0116968285,0.24098252845189805,0.13635934719974924,,
kic-007524252,2126055407626880000,108.5469,5.97486,9.67744,0.03144,2.0,2.0,,,4882.0,165.0,-0.35,0.26,290.7484659289748,43.14418977572399,15.018589,18514.46010718832,3.989383,0.2022828922540777,0.019194612,1.2092823854513313,0.21223644759073787,,
kic-007553139,2078624670728480640,36.4,2.23797,4.21284,0.03823,2.0,2.0,,,4553.0,147.0,-0.58,0.28,298.1556121718073,43.14321223287792,16.222363,6109.442261516879,2.6095471,0.1144002962580404,0.033102307,0.3760835282711632,0.651117699286688,,
kic-007553244,2078578186306374272,21.93858,1.32511,3.2948,0.08694,2.0,1.0,,,4500.0,104.0,0.5,0.2,298.18150135660017,43.1635771320093,15.418495,12809.983081565972,3.9121697,0.1564861200368571,0.022927672,0.2524588958872229,0.3610849380762525,,
kic-007598544,2102937832054545408,121.44267,3.59781,9.99226,0.02756,2.0,2.0,,,4753.0,154.0,-0.15,0.25,288.7247464269581,43.20406233994823,14.422882,32047.4869138774,5.614055,0.2617661387934749,0.015214254,1.318676526995663,0.1295131754392472,,
kic-007622052,2078028499210095232,46.56793,1.58237,4.98776,0.03789,2.0,2.0,,,4649.0,134.0,-0.2,0.23,295.9182326539649,43.27801658471336,15.327354,13931.730934052272,3.8455768,0.1412615875701194,0.023347054,0.49615603538423514,0.36933202145582605,,
kic-007622855,2077282618013299200,22.15238,1.58232,2.73639,0.19217,2.0,1.0,,,4570.0,143.0,-0.09,0.25,296.1200437969102,43.23420673752618,15.91909,8078.124544851769,2.842737,0.0825821591059266,0.027505282,0.09175398172583016,0.7258755928531252,,
kic-007630981,2078629004360989312,49.54606,1.19274,5.23604,0.03039,2.0,2.0,,,4409.0,115.0,-0.1,0.2,297.9981674440003,43.22791800126081,14.825687,22114.228031370105,5.236944,0.2543454262729437,0.017818669,1.0050506934524819,0.1982754393315222,,
kic-007680597,2126037952880274048,141.96359,5.01785,12.17037,0.05245,2.0,1.0,,,4860.0,175.0,-0.36,0.27,291.148889677585,43.34266055508138,15.411424,12893.695136095765,3.464929,0.1938126483560738,0.022243114,1.6787833863715065,0.25050587737821184,,
kic-007766337,2079538231753143296,96.51156,3.35963,8.67564,0.05124,1.0,2.0,,,4555.0,137.0,-0.51,0.26,296.0612929507698,43.46413301915139,15.832054,8752.354774281208,3.086301,0.157856065174924,0.02930266,1.3389284132203993,0.40958566779216116,,
kic-007769772,2078752390179365504,34.67266,1.59098,4.26867,0.06716,2.0,1.0,,,4661.0,127.0,0.1,0.22,297.0093439939858,43.451770318280566,14.419234,32155.322273518665,5.716968,0.2036121597173677,0.01582042,0.5272637686832997,0.18095215994970484,,
kic-007777892,2078598973949023360,32.6197,3.11786,4.21589,0.12963,2.0,1.0,,,4644.0,154.0,-0.57,0.27,298.96741643233975,43.402566973685566,15.906872,8169.548598343837,3.0606575,0.0611951155515227,0.029357499,-0.7893057807675881,1.046007766676098,,
kic-007834724,2078053203862250240,30.81571,1.85255,4.17941,0.14062,2.0,2.0,,,4842.0,153.0,-0.31,0.25,295.8012270947983,43.56845177508652,14.636885,26314.354405015132,5.7654014,0.1451490907712166,0.01769217,0.10685421112701654,0.269523348521274,,
kic-007837980,2078802692837442432,141.24212,3.4663,11.5436,0.08102,2.0,2.0,,,4573.0,139.0,-0.44,0.25,296.7380549655745,43.528139421362994,14.986537,19069.182263286384,4.3776574,0.2593430831954739,0.018886872,1.6683647327740854,0.16848559774594682,,
kic-007847413,2078977583904571392,59.25826,5.1691,6.26346,0.06258,1.0,2.0,,,4499.0,105.0,0.3,0.2,299.01590611028405,43.58972409509204,13.095857,108793.76312901491,19.014437,0.5421968905478359,0.009772579,1.304742176852832,0.07957565247458417,,
kic-007890224,2126139382827170560,72.16185,10.47354,6.28341,0.06394,2.0,2.0,,,4691.0,146.0,-0.03,0.25,291.51126000218795,43.67741478302266,14.528697,29071.521530193357,5.8182635,0.1873525368311757,0.015149902,0.5528925025583256,0.18281099321948788,,
kic-007899046,2078275751878333056,49.25348,1.53358,5.3621,0.0342,2.0,2.0,,,4552.0,146.0,-0.56,0.27,294.5329371543849,43.60931254483318,16.062544,7078.306974967733,5.171453,0.0283120705486649,0.051442694,1.177316379398345,0.6962871749708391,,
kic-007909579,2078840900864227072,137.7649,3.73423,11.05444,0.02157,2.0,2.0,,,4627.0,116.0,-0.4,0.2,297.51049018065885,43.69506510810477,14.49639,29949.57530110441,5.696187,0.3249067812425405,0.015756626,1.4496439012039843,0.13906816622020232,,
kic-007909894,2078837396170942592,24.96457,2.38679,3.25831,0.04655,2.0,2.0,,,4550.0,136.0,-0.18,0.24,297.585262890772,43.65322396167719,15.480105,12103.319876493928,3.5780196,0.106955812214628,0.023529196,0.044808571893533156,0.4855952056382456,,
kic-007910273,2078842687570758784,31.25509,1.69165,4.10195,0.0569,2.0,1.0,,,4819.0,143.0,-0.39,0.24,297.6763303749044,43.68942839114086,15.034598,18243.46146150531,4.6646166,0.1485778661075644,0.019424444,0.24038540759579874,0.3003601884595714,,
kic-007950275,2103015485063916672,136.93972,3.38948,11.5849,0.05641,2.0,2.0,,,4964.0,152.0,-0.41,0.25,288.0906373264458,43.73151119216153,14.080349,43934.658691410106,6.29682,0.3242081550493818,0.012885359,1.4891390793014132,0.08901394418825215,,
kic-007969621,2078115738587044736,31.91323,1.30662,3.85574,0.01605,2.0,2.0,,,4575.0,137.0,-0.14,0.25,295.09000211477263,43.78964933491904,15.163524,16200.825656307285,4.0662804,0.1037760784841012,0.02150472,-0.07087051111321863,0.45244971917702853,,
kic-007969815,2078113161606664832,31.88717,2.07494,4.23116,0.20378,2.0,1.0,,,4676.0,227.0,-1.2,0.44,295.14694322448577,43.72282501643754,16.274084,5825.233781181516,2.5803618,0.0667559519888799,0.035580605,0.10587477898783604,1.1582054668742119,,
kic-007975185,2078806747286868608,23.17244,4.55471,3.20941,0.18236,2.0,1.0,,,4523.0,132.0,0.06,0.25,296.7524585337705,43.76198142151126,15.18728,15850.20804640776,4.3538375,0.1631419379416973,0.021916153,0.7414545035026308,0.30152424895477253,,
kic-007976360,2078762835540022656,39.17103,1.58019,4.4356,0.03208,1.0,2.0,,,4640.0,145.0,-0.21,0.24,297.0774430985902,43.747943752190075,15.518562,11682.120909751176,3.4552279,0.1382311959708217,0.024777861,0.616052350125539,0.39969285968695695,,
kic-008077549,2105321848139990784,28.4376,2.52698,4.09271,0.13458,2.0,1.0,,,5007.0,154.0,-0.36,0.26,282.7165906237979,43.98461021001803,15.1069565,17067.277685075343,4.0660105,0.1195243890395581,0.019945491,0.3246879684627171,0.36325339195789175,,
kic-008111035,2079574378198166272,190.1833,8.56705,14.27417,0.15816,2.0,2.0,,,4619.0,122.0,-0.4,0.21,296.27073943524755,43.9681004452512,14.70253,24770.497095125153,4.7240787,0.2725966362844225,0.018084045,1.4199220499593324,0.15974149451429823,,
kic-008124335,2076011616935028992,73.27583,4.78872,7.19387,0.06288,2.0,2.0,,,4490.0,117.0,0.0,0.21,299.5797348317633,43.92384373460844,14.86156,21395.51423444833,5.0803266,0.2819871696496498,0.018464776,1.1460648990381195,0.20308122030475356,,
kic-008154169,2106049037643471104,56.85245,1.4149,5.7514,0.02721,2.0,2.0,,,4502.0,109.0,0.0,0.2,287.21758917055865,44.0670422265952,14.627173,26550.796324026494,5.5284886,0.203253655836099,0.015826773,0.9978136353080416,0.17098840992035036,,
kic-008181400,2078909551622929536,30.0911,2.21879,3.854,0.11976,2.0,1.0,,,4636.0,121.0,0.2,0.21,296.8832735917538,44.01326977486485,14.445801,31378.09136161009,5.755272,0.159493654419473,0.016090654,-0.121800333502188,0.23578703930661485,,
kic-008184221,2078874470329143808,29.17858,2.00624,4.01766,0.34927,2.0,1.0,,,4620.0,134.0,-0.23,0.24,297.5695027057853,44.00192380988312,13.239712,95293.26707442584,12.49859,0.4051934573675567,0.009787593,0.6724841435497986,0.10488839475596039,,
kic-008197753,2075876583161395328,22.85991,1.11665,2.90113,0.02664,2.0,2.0,,,4301.0,145.0,0.08,0.29,301.03584262601464,44.0892140491519,15.159387,16262.679622205884,5.510574,0.1998539685413143,0.019880256,0.4034277294774604,0.2869707403637365,,
kic-008245538,2079595131480692608,39.37109,1.5653,4.27786,0.02347,2.0,2.0,,,4501.0,104.0,0.1,0.2,295.94433480675764,44.17935953624502,14.09267,43438.86994454068,8.271177,0.2594324222204647,0.013273781,0.7025808398226161,0.13080220076934962,,
kic-008259227,2076018145285371136,33.81681,2.19886,4.12131,0.0728,2.0,1.0,,,4618.0,126.0,-0.31,0.23,299.53448233266914,44.117541252105255,14.166441,40585.437162167545,8.098934,0.2512105725074686,0.014555469,0.1493234040646474,0.19777707013776968,,
kic-008264514,2075877270356132736,16.02534,0.25853,2.02596,0.04664,2.0,1.0,,,4460.0,115.0,-0.2,0.2,300.96978606585566,44.1166244547068,13.77316,58301.902102036714,15.027856,0.3091936201505315,0.011412295,0.08283992363701209,0.18905158467364033,,
kic-008332558,2081871910828391936,26.95814,1.49796,3.30793,0.04716,2.0,2.0,,,4526.0,108.0,-0.1,0.2,301.57454259912384,44.23214506155068,12.504794,187511.9368103677,26.12491,0.5031336961499803,0.009592243,-0.7549656542849839,0.2684381000440089,,
kic-008346397,2105358681779608960,96.49367,3.70298,9.28709,0.11989,2.0,2.0,,,4696.0,141.0,-0.65,0.25,282.7284735896795,44.37473401268383,15.332021,13871.978981077498,3.6835048,0.1520224841125414,0.02221728,1.1204521360021893,0.31786883361951945,,
kic-008358153,2127110938787985792,84.14646,2.12256,8.43529,0.06221,2.0,2.0,,,4769.0,186.0,-0.61,0.3,289.04064310655434,44.332350575754056,15.647549,10373.546815017951,3.5619874,0.128385275305934,0.027536856,0.9963522758968466,0.4666568520063747,,
kic-008360377,2126933505100912896,22.12878,1.90436,3.01224,0.09603,2.0,1.0,,,4837.0,130.0,-0.49,0.29,289.94260990922237,44.38240510662355,16.34616,5451.078606350406,2.3249853,-0.0715926723169175,0.03530996,0.3647699410057079,0.22125231304915027,,
kic-008362408,2126966627887254400,30.09882,2.11787,3.85715,0.14264,2.0,1.0,,,4722.0,137.0,-0.2,0.23,290.6393526984148,44.31366218696488,14.935604,19985.042661777017,5.03168,0.116585624556239,0.018665325,0.05083462602921429,0.3491866243528998,,
kic-008363381,2126220574889596288,29.67512,2.08403,4.24949,1.30266,2.0,1.0,,,4785.0,158.0,-1.08,0.3,291.0092395624999,44.37059825425344,14.41617,32246.2033543212,5.880964,0.1506359979046916,0.014352052,0.06359786803854206,0.2100560965309892,,
kic-008379856,2078929617710438144,27.17441,1.35232,3.7216,0.08151,2.0,1.0,,,4762.0,198.0,-0.4,0.3,296.6520042601804,44.33387411492168,15.617962,10660.115619577296,3.323513,0.0667303688588304,0.026501577,-0.8175171520271292,0.8664268765174244,,
kic-008488692,2126929862968830464,144.40125,4.63005,11.52936,0.05554,2.0,2.0,,,4876.0,152.0,0.06,0.25,289.3258477360471,44.515173791746086,14.932255,20046.79756385354,4.6682696,0.2150460810895613,0.017882591,1.376918270881907,0.18351013423952886,,
kic-008499683,2126416562836788864,27.26431,2.22861,4.05523,0.11666,2.0,1.0,,,4629.0,174.0,-0.42,0.28,293.5717035693605,44.59385279383012,16.327446,5545.856490760221,2.5445962,0.0630921070471086,0.03429563,-0.08444602720577166,1.1819847326647064,,
kic-008517822,2079092070555389568,70.32061,3.08568,6.35499,0.04314,2.0,2.0,,,4693.0,118.0,-0.2,0.2,298.8917439506918,44.599128852154344,13.246202,94725.25782750518,15.106872,0.4237152540149039,0.009863445,0.3923986066207057,0.1567502886046065,,
kic-008524484,2082092981382699008,45.08268,1.95299,5.12678,0.0547,2.0,2.0,,,4362.0,277.0,-1.16,0.97,300.6539634952648,44.56586582850399,16.171686,6401.356673730107,3.0574021,0.1611200882109287,0.03380054,0.8752464446821637,0.49744340496676354,,
kic-008571502,2079654436389876096,132.52107,4.24242,11.55949,0.07326,2.0,2.0,,,4575.0,138.0,-0.67,0.26,295.998097772608,44.60176357142245,15.718014,9721.676565350846,3.0464113,0.2170827995215688,0.028703118,2.0378170817135786,0.29224310479563304,,
kic-008624402,2126616605233079040,28.44108,2.0136,2.89538,0.11997,1.0,2.0,,,4713.0,237.0,-1.16,0.5,291.64197982860935,44.76890815745446,16.602745,4303.7672297390955,1.9889405,0.0645605094412698,0.03717234,0.4830285498202542,1.2505386974243446,,
kic-008629122,2126419616554014080,33.86149,3.86603,4.05481,0.03988,2.0,2.0,,,4734.0,129.0,-0.39,0.35,293.51269535423654,44.719251467992706,16.84742,3435.413206074832,2.0292883,-0.0007209853533418,0.047450766,1.4420277108383175,0.8278615762268767,,
kic-008813448,2127057475036524416,29.12308,1.94548,4.11278,0.17331,2.0,1.0,,,4910.0,178.0,-0.72,0.29,289.77339650208773,45.01450130136508,15.637336,10471.588278216635,3.1422672,0.0811375069713673,0.024548013,-0.03455009464848935,0.6577885711064991,,
kic-008818295,2126626981874720256,53.44509,1.81143,5.71931,0.02119,2.0,2.0,,,4495.0,119.0,-0.2,0.21,291.60606999151963,45.08590327972243,15.150704,16393.252848710094,3.987041,0.1322644552593678,0.01891266,0.6368117499307004,0.3110326314781462,,
kic-008823497,2126465044428112256,107.71741,5.14185,9.17017,0.23071,2.0,2.0,,,4690.0,115.0,-0.3,0.24,293.64699274146886,45.09132662864549,15.039292,18164.76445854021,4.6051345,0.2001202242252201,0.0205777,1.0855364913493606,0.23371299948183946,,
kic-008823989,2126453946232676224,30.02405,1.91372,4.02836,0.14967,2.0,1.0,,,4908.0,235.0,-0.52,0.34,293.83014488793185,45.08210262847829,16.225838,6089.916394669092,2.976166,0.0443451068172307,0.03586806,-0.9274790886788491,1.7573338026325616,,
kic-008824486,2127951377990359552,29.35774,0.84188,3.64004,0.02408,2.0,2.0,,,4431.0,119.0,-0.1,0.2,294.0126526181523,45.055031200722986,14.76954,23287.91672676434,5.0758915,0.1624298192652375,0.018823344,0.483766417933289,0.25673270188084857,,
kic-008824666,2079912821621061376,32.65904,2.2702,4.17876,0.06634,2.0,1.0,,,4712.0,114.0,-0.45,0.25,294.074853222294,45.04283877774841,14.549092,28530.54103424757,6.0636888,0.1614257588881869,0.016651085,0.24985379642253136,0.2296906450064627,,
kic-008824870,2079913233937931008,34.46273,2.54713,4.1381,0.04057,2.0,1.0,,,4623.0,192.0,-0.14,0.29,294.15652236781875,45.017677179213806,16.534254,4584.005910979764,2.4608996,0.0696612634312117,0.040215444,0.48277314436968943,1.2542279611722351,,
kic-008827408,2079881343799495552,16.04704,0.69344,2.22205,0.02477,2.0,2.0,,,4370.0,101.0,0.0,0.2,295.03488958464237,45.062528413984,12.54856,180103.6493341344,30.89951,0.4078273303230945,0.010064523,0.2376176455796255,0.0764320229306807,,
kic-008831572,2079734391500944512,27.73777,1.36995,3.3073,0.01559,2.0,2.0,,,4520.0,115.0,-0.3,0.21,296.48198474565197,45.02154003628478,14.640402,26229.26558384686,5.7532816,0.1347256006708359,0.016254937,-0.09989297261546959,0.26836473968434166,,
kic-008837752,2079311354402426112,25.02903,1.23467,3.27006,0.04342,2.0,1.0,,,4678.0,114.0,-0.1,0.2,298.1090126329744,45.00276504197881,13.148031,103689.34141743524,16.363096,0.3223838750542629,0.009703673,-0.012528817941097614,0.12399041505286275,,
kic-008841002,2079201987356742272,46.02737,1.75655,4.98948,0.01527,2.0,2.0,,,4371.0,131.0,0.21,0.23,298.9927120875177,45.09964821031425,15.082337,17458.693827493553,5.5432806,0.2357672507186611,0.02263002,0.8790040355893645,0.2626753350961521,,
kic-008842458,2079173086510348160,31.29167,2.19112,3.29377,0.02973,1.0,2.0,,,4607.0,113.0,-0.2,0.2,299.39786177595283,45.01903308550187,11.80887,355957.9587515946,42.567406,0.5275398002012239,0.011014692,-0.3065018204563099,0.1180509527515277,,
kic-008844016,2079166218868440576,31.8163,2.3075,3.72015,0.03164,2.0,2.0,,,4530.0,120.0,0.5,0.21,299.8572825531182,45.09770057097975,14.979114,19200.00641516492,5.551755,0.1724376844612384,0.019144842,0.023859694600506742,0.2954366807881807,,
kic-008845752,2082167232778648576,26.43904,1.31515,3.50095,0.06748,2.0,1.0,,,4545.0,118.0,-0.2,0.22,300.3553953247994,45.01786608205259,15.004867,18749.95333760638,4.550785,0.1481210294805218,0.018890936,-0.062470216231570674,0.3094497755913575,,
kic-008846133,2082156065863800448,39.77037,1.73723,4.51835,0.03506,2.0,1.0,,,4662.0,131.0,-0.21,0.22,300.4515131329774,45.07615174930776,15.017676,18530.040490828073,4.7976327,0.1640116869030841,0.019196386,0.002077958136906588,0.3022016267679032,,
kic-008874028,2106223310237061120,94.29768,1.77817,8.69365,0.01578,2.0,2.0,,,4559.0,128.0,-0.19,0.23,287.02193047646495,45.11351679408727,15.146645,16454.660594510347,4.1885805,0.2109389519197348,0.020794423,1.5978777254146994,0.21557007236536108,,
kic-008883344,2127390970655878784,52.61743,1.83456,5.61538,0.01701,2.0,2.0,,,4662.0,108.0,-0.2,0.2,290.9989511846127,45.18962511738767,12.8287325,139140.50478719664,23.148561,0.487646576773568,0.01061314,1.1239288046980516,0.052045640531594065,,
kic-008885051,2126650587015000320,41.23395,1.07554,4.71481,0.03087,2.0,2.0,,,4662.0,152.0,-0.68,0.26,291.62380351522876,45.12231571839086,15.715388,9745.21917671622,3.108932,0.1011596536279343,0.024690395,0.6193166801632124,0.5303103163119641,,
kic-008885814,2126604643743068288,29.99703,1.9184,3.75851,0.03907,2.0,2.0,,,4618.0,107.0,0.5,0.2,291.90286968606495,45.13749657921785,12.705193,155908.49538291144,26.371662,0.4294619630334855,0.009837325,0.6518221325480464,0.059526011445791636,,
kic-008888490,2126501706269190912,28.81081,0.84121,3.62076,0.01976,2.0,2.0,,,4584.0,113.0,-0.6,0.22,292.92350271163616,45.11654229573569,12.990001,119935.1525640208,19.186504,0.3894415989822695,0.011186287,0.6999967223527559,0.07218370885561738,,
kic-008891173,2127955982195299840,32.42556,0.72938,3.77046,0.02027,2.0,2.0,,,4623.0,115.0,-0.2,0.21,293.8799297263764,45.1908054488044,14.000728,47277.64317732762,7.575239,0.2172194625895039,0.012593289,0.3945624852619076,0.13322702904473105,,
kic-008893742,2079927802466608000,35.84271,1.08363,4.16588,0.03202,2.0,2.0,,,4615.0,118.0,-0.2,0.21,294.68820757877353,45.19133772663953,14.785166,22955.16678818803,5.5336666,0.1743562449508281,0.016483763,0.5321431232529683,0.21658821121440525,,
kic-008894724,2079885265110732672,31.68632,0.95961,4.04264,0.04286,2.0,1.0,,,4648.0,115.0,-0.4,0.2,295.02206080095937,45.18476791701625,13.907113,51534.89705581198,8.0627985,0.2295942567288058,0.012314338,0.25170768746161265,0.13538848005963985,,
kic-008895358,2079871349416819200,20.52435,0.86745,2.51159,0.12706,2.0,1.0,,,4935.0,168.0,-0.83,0.27,295.22620012555603,45.17992842303323,15.016222,18554.86960327537,4.0192413,0.0290702617218458,0.017885908,-3.054078906558124,1.3372945867475188,,
kic-008895969,2079961371930596480,18.08779,1.09148,2.55628,0.0202,2.0,2.0,,,4742.0,139.0,-0.39,0.24,295.40798549954343,45.14850124052357,16.02679,7315.276340034015,2.9932368,0.0534108837072785,0.029024245,-0.7952715946025997,1.1820270065908918,,
kic-008903406,2079365642790193664,31.20469,5.00806,4.03543,0.08803,2.0,1.0,,,4544.0,135.0,0.14,0.25,297.62320431851583,45.1109184293692,13.090129,109369.21643608384,17.70873,0.41082432002112,0.009805195,0.6497561443399036,0.0922357832685352,,
kic-008907254,2079399280972123904,11.64469,0.61383,1.72731,0.04691,2.0,2.0,,,4494.0,112.0,-0.1,0.2,298.60170921820907,45.18293815102854,14.801101,22620.716732878,5.1348367,0.1390419508451611,0.017050853,-0.3793689635324746,0.2982980496064131,,
kic-008908970,2079201471960715136,12.90915,0.89906,1.78666,0.0182,2.0,2.0,,,4483.0,114.0,0.3,0.22,299.0951905932385,45.1143334162798,13.928599,50525.10021593935,12.966857,0.2056735875567694,0.013762367,-0.6197019411247897,0.22146016908811433,,
kic-008912947,2082171802623861632,59.08919,2.06965,6.03341,0.04535,2.0,2.0,,,4559.0,117.0,-0.2,0.21,300.25962753840207,45.1498961777375,14.704753,24719.83871311542,5.288246,0.2561124743388776,0.01707626,0.5358267046094127,0.23229966113500883,,
kic-008913383,2082170496953918208,28.08906,1.8603,3.96312,0.06812,2.0,1.0,,,4701.0,130.0,-0.3,0.22,300.38320426343205,45.1637750255944,14.495974,29961.058634960336,8.736704,0.2224017485284064,0.015768481,-0.0036366270171726,0.24091057149314968,,
kic-008915093,2082131326851426560,9.51521,0.91831,1.5802,0.04544,2.0,1.0,,,4497.0,106.0,0.42,0.24,300.86624590645135,45.12266086169522,14.473665,30583.030005100645,9.719511,0.1880578264558861,0.017762056,-0.6323955433722723,0.3019653975743241,,
kic-008939316,2106345871423277824,113.53121,2.61313,10.38592,0.03982,1.0,2.0,,,4658.0,116.0,-0.4,0.2,285.9641847169997,45.27139419124793,14.504703,29721.148296656367,5.2393622,0.3070093581191005,0.014494536,1.7951314736132975,0.10481186093703058,,
kic-008946736,2127256314841025408,27.77378,1.26143,3.78764,0.11885,2.0,1.0,,,4642.0,119.0,-0.3,0.21,289.52200904605724,45.261811014359886,14.70912,24620.61161167532,4.714398,0.1461570412636084,0.016112978,0.33944590615429426,0.24115057465014167,,
kic-008946757,2127250301886798848,29.92123,1.81771,3.97389,0.04104,2.0,2.0,,,4673.0,118.0,-0.1,0.21,289.5269406675073,45.20317248654695,14.084014,43786.59709859395,7.6065164,0.1983781890618093,0.014012961,0.329267630844539,0.15763197844793186,,
kic-008949923,2127406157660139392,28.29731,2.50605,3.72676,0.22215,2.0,1.0,,,4803.0,128.0,-0.01,0.23,290.7338461841687,45.28465161613678,15.190863,15797.981671319323,3.7383153,0.0990678178006333,0.019914605,-0.09591160636877305,0.43833504600913603,,
kic-008951928,2126667354567330176,17.48077,0.92606,2.46729,0.04487,2.0,2.0,,,4771.0,149.0,-0.07,0.25,291.46789374628247,45.292810249614185,15.970075,7707.560958427943,2.9218385,0.0334047317604365,0.028786145,-1.5804362500908677,1.8714143477561727,,
kic-008952769,2126658970791260544,13.616,0.57494,2.03202,0.02785,2.0,2.0,,,4559.0,134.0,-0.43,0.25,291.75499776940825,45.26322358626218,15.113439,16965.679435443948,4.1249633,0.0876712521638479,0.019089706,-0.46293414219647744,0.474826501722575,,
kic-008956014,2126526514000396928,132.65059,3.08809,11.27881,0.06043,2.0,2.0,,,4611.0,119.0,-0.2,0.21,292.97815588162274,45.27211194276266,14.675155,25402.99822123073,5.193524,0.3455430512308288,0.01794284,2.0527850309659943,0.12224996248879753,,
kic-008957771,2126468239884443136,86.05512,1.83315,7.73618,0.02242,2.0,2.0,,,4652.0,128.0,-0.2,0.22,293.6210242700758,45.22905700947803,14.52533,29161.840726971524,5.86234,0.2469866093868557,0.016127335,1.1980378518303496,0.1483412304337177,,
kic-008958471,2127958696614649088,82.99835,2.20487,7.79311,0.04602,2.0,2.0,,,4666.0,142.0,-0.39,0.24,293.85577249793243,45.28752840559082,14.921633,20243.882930259133,4.411437,0.2059417958227012,0.018639663,1.1270314909284949,0.20395484326096766,,
kic-008958617,2127957631462760064,28.79604,2.61064,3.57013,0.50441,2.0,1.0,,,4613.0,114.0,-0.1,0.2,293.9013481785859,45.24184840696387,14.086908,43670.025913592224,8.973936,0.2156582614774139,0.012520722,0.48930090905621526,0.1322549593510221,,
kic-008958640,2127957459664064128,32.87085,1.0414,3.94843,0.02532,2.0,2.0,,,4572.0,143.0,-0.51,0.24,293.90703643270797,45.222226870986496,15.184161,15895.791152714975,4.269793,0.1383755981238938,0.01969661,0.5745777672447652,0.31267902741098647,,
kic-008958797,2127955157561617024,42.99067,1.55915,4.64608,0.02291,2.0,2.0,,,4539.0,106.0,-0.0,0.2,293.9616098367241,45.27219641135967,13.27611,92151.57214844816,20.29264,0.3525015312548499,0.01657222,0.6485910529307155,0.11572415909784348,,
kic-008960998,2079929554813863552,28.84118,1.65769,3.88165,0.12835,2.0,1.0,,,4659.0,153.0,-0.57,0.26,294.61661812955293,45.21490033832738,15.4563675,12370.854387638154,3.8286498,0.0237951000024243,0.023007622,-3.072962013107576,2.10051774605576,,
kic-008963364,2079966422812174464,219.7085,5.20669,16.61703,0.03995,1.0,2.0,,,4555.0,112.0,-0.0,0.21,295.3752348389956,45.271855786298616,14.279571,36569.44844684714,5.631147,0.495243284575341,0.012785228,2.366118360977728,0.08075849173020948,,
kic-008964964,2079781945379243392,31.01758,2.19735,3.72524,0.08949,2.0,1.0,,,4581.0,118.0,0.0,0.22,295.8343106106163,45.29461411112023,13.931381,50395.800660206725,8.717808,0.1987826495335714,0.013522559,0.10839258630945814,0.15508593566294704,,
kic-008975329,2079404641091232256,35.94483,1.58649,4.15269,0.33905,2.0,1.0,,,4648.0,117.0,-0.1,0.2,298.3958868445443,45.295842341645425,14.050127,45174.77400087528,7.864419,0.2457944753268499,0.012864298,0.25211795378336,0.16000596303807632,,
kic-008981589,2085176321223482752,28.73656,1.65995,4.18736,0.07761,2.0,1.0,,,4579.0,133.0,-0.23,0.24,300.1103371636107,45.28858927785544,14.64463,26127.30780014369,7.5627656,0.269972905718606,0.017708613,0.6870373456697934,0.21959081960779234,,
kic-009002811,2106991417890386816,47.50842,1.12843,5.39172,0.02295,2.0,2.0,,,4568.0,106.0,-0.6,0.2,283.49055365826575,45.30939374762611,12.494625,189276.52425337717,32.122887,0.5653215634718388,0.014181802,1.1349947688733195,0.05742363578311915,,
kic-009003767,2106825258492934144,32.97171,1.57294,4.11087,0.05474,2.0,2.0,,,5151.0,153.0,-1.37,0.43,283.9260082355571,45.36649442043455,16.304901,5662.209638244942,2.8137865,0.0159935798690135,0.039421365,1.589945178366662,0.8083465029518586,,
kic-009019625,2127398289280220288,37.36035,3.15578,4.3179,0.10556,2.0,1.0,,,4812.0,134.0,-0.02,0.24,290.9805300597572,45.326830781486166,13.662792,64540.146885263624,9.270039,0.2211967762319889,0.011703534,0.19291315818421317,0.11851240945697321,,
kic-009027510,2127965465483434496,28.5966,1.54764,4.18298,0.43989,2.0,1.0,,,4626.0,181.0,-0.5,0.29,293.8393331045925,45.38404215293136,16.620659,4233.344150179253,2.054795,0.0572654167573912,0.03712748,0.09524034021173833,1.4086453409096085,,
kic-009030711,2079933746702100096,41.54238,1.55115,4.53339,0.02997,2.0,2.0,,,4779.0,132.0,0.08,0.24,294.88464296059396,45.30259097951995,13.589005,69078.77482562426,10.588084,0.269425071289773,0.010948237,0.37787104568629815,0.10371231167931608,,
kic-009032204,2079973707076758656,32.65919,1.2523,4.11032,0.03644,2.0,2.0,,,4735.0,117.0,0.0,0.2,295.3787427076039,45.37517623368543,12.963114,122942.27848262015,19.273392,0.3521438708866849,0.011971246,0.23650425644901318,0.1010681259635245,,
kic-009040615,2079381242111790976,28.22665,2.23938,4.20407,0.11936,2.0,1.0,,,4878.0,157.0,-1.03,0.28,297.549641549345,45.34770074590858,14.02529,46220.12318191334,8.281048,0.2139816535540077,0.013910112,0.31384870961240807,0.15131418678633107,,
kic-009050282,2085180341312834048,12.36698,8.33625,1.82453,0.1435,2.0,2.0,,,4288.0,154.0,0.23,0.29,299.9722624836752,45.3725485032743,16.01178,7417.107824935445,3.4592075,0.0741860805168809,0.030662864,-0.653915029541885,0.9104008564267372,,
kic-009051666,2082198225263385472,57.56555,2.12499,5.77259,0.04679,2.0,2.0,,,4497.0,107.0,0.4,0.2,300.3385443148197,45.33464930453218,13.569993,70299.0768468505,12.386852,0.5166275184269754,0.010948292,1.2946891466193975,0.13430831352370823,,
kic-009052550,2082184034691240960,29.62985,1.15931,4.12725,0.05514,2.0,1.0,,,4493.0,143.0,-0.64,0.28,300.5812105196184,45.30065766616269,16.132658,6635.649748262684,2.8633587,0.1340790024211156,0.031609625,0.6552682915396666,0.5385233952919646,,
kic-009072696,2106832577117228160,57.08203,1.80429,5.84683,0.01275,2.0,2.0,,,4476.0,116.0,0.2,0.2,283.8815091654652,45.469605093335815,14.435499,31677.23094700159,5.524817,0.2167246394247426,0.014299953,1.0423756480307969,0.14369248929818265,,
kic-009085283,2127413545004364800,9.8542,0.80946,1.53496,0.04419,2.0,2.0,,,4619.0,107.0,-0.0,0.2,290.47882597737066,45.498635778144894,13.253258,94111.7202395347,17.12562,0.1421390596780719,0.012262771,-1.1285044044232393,0.18860372558715874,,
kic-009086295,2127404474033152000,31.60218,1.81995,4.04202,0.03289,2.0,2.0,,,4689.0,121.0,-0.1,0.21,290.8849060810912,45.47554812833763,14.294023,36085.91467673728,5.702237,0.1738029910641843,0.013499098,0.15520684343105806,0.17615948390000352,,
kic-009093199,2128021196978857472,24.42403,1.59979,3.24645,0.18271,2.0,1.0,,,4754.0,188.0,-0.41,0.29,293.441383515302,45.4026281673953,16.448282,4961.740506477337,2.3926008,-0.0335664239700687,0.03564137,0.5754124488182057,0.4207129402383356,,
kic-009095087,2127963541337828864,41.4214,0.92161,4.7174,0.02533,2.0,2.0,,,4593.0,140.0,-0.43,0.25,294.0906587102266,45.40395556102021,14.962213,19501.21517689413,4.2220454,0.1704159780424252,0.018036222,0.8291053676927014,0.2339200226850168,,
kic-009097190,2079940068893964160,16.7046,0.59501,2.42276,0.03435,2.0,2.0,,,4661.0,138.0,-2.59,0.39,294.73762498925504,45.472537247382846,14.911935,20425.51079436061,5.4871764,0.0880586343248407,0.018035306,-0.7275292573711436,0.4480664804847273,,
kic-009097262,2079940378132725376,80.08145,2.01096,7.91534,0.03835,2.0,2.0,,,4774.0,190.0,-0.59,0.31,294.7590987722185,45.47004374456232,15.6998005,9886.131256149258,3.7443886,0.1441483591383831,0.026575355,1.1305250290470674,0.4040278112110892,,
kic-009097494,2079937320114929024,27.41576,1.5453,3.75177,0.05105,2.0,1.0,,,4640.0,143.0,-0.32,0.24,294.836401854981,45.47589983037388,15.547322,11376.74242794446,4.1799374,0.0829898992579315,0.022238676,-0.24509742846308313,0.5847828137828138,,
kic-009097669,2080030847321885184,81.62797,1.86482,7.87043,0.03582,2.0,2.0,,,4644.0,117.0,-0.4,0.2,294.8889708121336,45.473089925265896,14.430956,31810.048677921975,5.5695953,0.2469767951809409,0.013523049,1.0066911387526538,0.13234790121395318,,
kic-009099241,2079974497350776704,26.62174,1.72482,3.88838,0.10672,2.0,1.0,,,4899.0,149.0,-0.42,0.25,295.3939989070448,45.43899902220835,14.452964,31171.760286253542,6.0156665,0.1271078951678559,0.014261289,-0.48638377714838654,0.2532264956486498,,
kic-009099401,2079975940459822464,6.3016,0.25478,1.2132,0.12503,2.0,1.0,,,4608.0,124.0,-3.22,0.36,295.44268252463377,45.48031865767137,15.016711,18546.51936771919,6.166321,0.0690530672785872,0.0187221,-1.102254916650983,0.5906348751607975,,
kic-009099884,2079972263969786368,54.18763,1.4406,5.56785,0.01605,2.0,2.0,,,4552.0,115.0,0.01,0.22,295.585979416385,45.42535341306623,13.84673,54482.19800367499,8.144008,0.3574716776883982,0.012556523,1.1769494089344334,0.10047307238276995,,
kic-009115512,2085193363653623936,23.55331,1.69427,3.0351,0.06282,2.0,2.0,,,4258.0,113.0,0.01,0.24,299.82421333401135,45.44043125327397,16.237228,6026.36194285854,2.8370962,0.0626082711279804,0.034361076,-0.990693398637081,1.205527630115715,,
kic-009118582,2082203207425571584,36.93133,2.70887,4.347,0.02761,2.0,2.0,,,4539.0,127.0,-0.12,0.24,300.62817504704196,45.4947235552034,15.118261,16890.48884058178,4.8257675,0.1767620873855094,0.021056097,0.11990499373750296,0.3181881104256196,,
kic-009139083,2106821959958248832,161.58361,5.84982,13.83831,0.04011,2.0,1.0,,,5019.0,145.0,-0.95,0.26,284.0596364958597,45.51039236223834,14.8793,21048.77345788598,4.7449203,0.2832636178193106,0.017808443,1.9949243935040553,0.13824760856667073,,
kic-009141618,2106411704682099200,117.40374,2.19951,10.38682,0.03443,2.0,2.0,,,4582.0,105.0,-0.3,0.2,285.49113729579057,45.53337355089467,14.8341875,21941.767425950853,4.9344683,0.2552338835347749,0.017847458,1.6993279491522593,0.15395752838606155,,
kic-009142469,2106491350555125760,30.68474,2.25762,3.85453,0.07871,2.0,2.0,,,4761.0,119.0,0.0,0.2,285.91373593025884,45.59471335529636,13.512239,74139.73142053944,11.884842,0.2603746687874281,0.010581753,0.4449030579223603,0.09090244344693345,,
kic-009153095,2127425296035519232,42.87829,1.25865,4.82393,0.019,2.0,2.0,,,4630.0,120.0,-0.2,0.21,291.2173108048915,45.51565253713662,14.354094,34143.605087401746,7.095256,0.1901568897204704,0.014888689,0.5558815187323773,0.1724862476304485,,
kic-009156713,2126720371643465856,47.7425,1.12565,5.4339,0.02577,2.0,2.0,,,4678.0,140.0,-0.63,0.25,292.6876122373368,45.50786991253774,14.393783,32918.032981729775,5.4208,0.2264073667327051,0.014540023,0.9260197919240056,0.14410865146799048,,
kic-009160333,2127991029129021056,9.01719,0.72775,1.39067,0.02632,2.0,2.0,,,4303.0,116.0,0.19,0.23,294.064893064081,45.55803547466783,14.4785795,30444.91869047949,7.1073365,0.1052456814547576,0.0150149595,-0.6768366677664588,0.31236223661036033,,
kic-009166105,2079812972223353344,71.58174,1.26111,7.18309,0.02771,2.0,2.0,,,4616.0,118.0,-0.5,0.22,296.14338682878997,45.59659074021053,14.168345,40514.3255932002,6.681599,0.3126776031044677,0.014833231,1.2805048840831947,0.116541278997005,,
kic-009166733,2080175501821244928,29.90481,1.41588,4.35184,0.48204,2.0,1.0,,,4843.0,147.0,-0.13,0.27,296.3506585332174,45.579896456296424,15.621536,10625.07775944001,3.5057945,0.1296638577079605,0.025907546,0.9191931019640585,0.43570898587657525,,
kic-009172134,2079468240968113408,12.99773,0.59648,1.74319,0.01389,2.0,2.0,,,4514.0,121.0,0.08,0.24,297.8723435035245,45.50877749936963,15.035762,18223.93383175513,5.2723455,0.0757490408822597,0.020526556,-1.100227488906011,0.5938320611869788,,
kic-009173558,2079427799554951168,32.44105,1.57881,4.15737,0.07906,2.0,1.0,,,4629.0,148.0,0.15,0.25,298.2467159256051,45.563209173791805,14.474157,30569.176997294733,6.8023214,0.210942116952456,0.014513347,0.39254712677552916,0.18281904672775737,,
kic-009173733,2079424810257729536,29.61833,2.78647,4.05381,0.14061,2.0,1.0,,,4685.0,152.0,-0.67,0.26,298.2885445634564,45.54555660671919,15.675734,10107.721470477769,3.4522197,0.1124505143214089,0.025454693,0.2038932576090744,0.503482053106588,,
kic-009182749,2082193410595751552,76.954,3.84647,7.46231,0.05864,2.0,2.0,,,4446.0,139.0,-0.12,0.25,300.76653161540827,45.54887999640509,15.991068,7559.961138263225,3.1070008,0.2064369051905143,0.029820709,1.4750326792976747,0.3537306403036179,,
kic-009202146,2107020043848910976,6.40101,0.93762,1.12537,0.04076,2.0,2.0,,,4447.0,113.0,-0.2,0.2,283.5537058704835,45.61214346710722,13.98283,48063.41978757708,9.768255,0.0980861258535867,0.0125662815,-1.2771264850569306,0.28011290236531733,,
kic-009209613,2130232211780988544,26.162,1.51895,3.823,0.15579,2.0,1.0,,,4836.0,172.0,-0.46,0.28,287.7922189965518,45.616420876408725,15.612919,10709.74276360999,3.1990285,0.0802682725143774,0.023917608,-0.009691012352307737,0.6474027525516107,,
kic-009214146,2127476595124226304,28.19353,2.31011,3.63452,0.10937,2.0,1.0,,,4767.0,153.0,-0.15,0.26,290.13792174246373,45.689476437205045,14.368799,33684.26413117916,5.972222,0.1751635069172645,0.014758463,0.4164659639824997,0.18471749069115345,,
kic-009214808,2127461476839410176,58.15988,2.07263,6.10462,0.03071,2.0,2.0,,,4894.0,192.0,-0.33,0.29,290.4263872399213,45.61285005197613,15.587946,10958.939957383043,3.6157327,0.0559146813697556,0.028424665,-0.8439759216587088,1.1041779539841179,,
kic-009215096,2127420657469832448,87.786,2.45568,8.35682,0.08457,2.0,2.0,,,4615.0,124.0,-0.39,0.22,290.5431058970187,45.636965955542834,14.880479,21025.924228193195,4.742035,0.2419225796196993,0.017588148,1.5324234335102034,0.1628498302140451,,
kic-009216794,2127432064903231232,30.36424,1.06424,3.75344,0.0677,2.0,1.0,,,4616.0,145.0,0.24,0.25,291.25565928386845,45.63290102098658,13.310618,89268.70724272692,12.613818,0.3178190511724199,0.010113293,0.6277448261025089,0.07496277708283339,,
kic-009221715,2128027136912018944,28.55695,1.4702,3.71719,0.05643,2.0,1.0,,,4556.0,132.0,0.12,0.24,293.21271178084675,45.61506335661606,14.776099,23147.655177442084,7.3180494,0.1338114040816656,0.017383931,0.06946225143044948,0.28665317906542137,,
kic-009223021,2127984672577294080,35.27624,2.04928,3.68081,0.13623,2.0,1.0,,,4949.0,177.0,-0.46,0.28,293.72115149436587,45.69206470327612,14.789393,22865.957221006516,4.506841,0.1325870960303882,0.016396254,0.18390490129522163,0.27051665962213184,,
kic-009226666,2080039402896889728,28.52937,1.04675,3.66204,0.02521,2.0,2.0,,,4738.0,110.0,-0.1,0.2,295.02732684809564,45.68936982861615,13.49439,75368.70307427579,10.261293,0.2641679159919151,0.010752722,0.21624473495122487,0.10579106018658872,,
kic-009226915,2080040708566985856,33.26549,2.57019,4.06599,0.05086,2.0,1.0,,,4592.0,113.0,0.1,0.21,295.11194526182663,45.68867837663371,13.159465,102603.13873709286,13.423586,0.3578307254170686,0.009908857,0.5403075289163581,0.08363670752136072,,
kic-009229616,2079814136152460416,71.202,3.57397,7.22569,0.03267,2.0,2.0,,,4655.0,217.0,-0.11,0.31,296.0613211908337,45.66811043617611,16.359043,5386.779388860008,2.7798948,0.1318880599159081,0.04229677,1.5483032142501436,0.6991295427840637,,
kic-009236743,2079475555291138560,23.05299,1.23954,2.73075,0.02287,2.0,2.0,,,4503.0,107.0,0.1,0.2,298.0935099992112,45.60601260732744,12.259224,235102.50270742355,31.599184,0.4865898471949894,0.0082399985,0.11306786786155953,0.09472459261447282,,
kic-009237553,2079426596964192768,60.04461,0.89903,6.0177,0.01549,2.0,2.0,,,4659.0,115.0,0.0,0.2,298.3207379342595,45.62683473922056,13.647716,65442.59908977571,10.069648,0.4058496239803894,0.019207628,0.9871153656891316,0.14718388612104027,,
kic-009238078,2079449583629495040,32.66148,1.6767,3.876,0.14395,2.0,1.0,,,4506.0,109.0,0.3,0.22,298.4637581894997,45.64199738941303,14.432242,31772.376173891244,7.7150073,0.248854649689633,0.015253131,0.6126580875874552,0.17913707703344517,,
kic-009239699,2079253183367485568,13.39366,0.52801,1.96737,0.01314,2.0,2.0,,,4418.0,133.0,-0.17,0.25,298.91556652399885,45.62615765782032,15.429415,12681.80384993452,4.2881413,0.082307730975829,0.024361175,-0.841137821521798,0.6551647399869249,,
kic-009242849,2085197211944561792,44.77697,5.20093,4.63775,0.07508,2.0,1.0,,,4665.0,147.0,-0.06,0.25,299.86142211135814,45.63065915078061,15.019674,18495.97343406039,4.811848,0.1761047518260932,0.018516418,0.3523301469836433,0.264953956555257,,
kic-009243209,2085220679646281088,13.80221,0.6306,1.98407,0.02666,2.0,2.0,,,4350.0,118.0,0.0,0.21,299.9607074457371,45.67484782942456,15.137612,16592.113511951567,5.4088597,0.0899961717531023,0.01988383,-0.9148021901533969,0.4954151240696109,,
kic-009243249,2085221057603413248,30.79916,1.16047,4.72469,0.08812,2.0,1.0,,,4394.0,117.0,-3.02,0.3,299.970141942775,45.69959517971697,14.498244,29898.4693123,6.618733,0.2385546981391671,0.015183901,0.48998464388496643,0.1928065271912825,,
kic-009245748,2082300204966236800,31.07604,1.9309,3.90647,0.05773,2.0,1.0,,,4510.0,114.0,0.01,0.22,300.69443436962,45.64631626641786,14.132856,41860.46958272649,8.359126,0.259740145817767,0.013907258,0.3335738323732915,0.17500240081735657,,
kic-009246335,2082287801100769152,35.90639,2.091,4.18967,0.14422,2.0,1.0,,,4728.0,123.0,-0.6,0.22,300.8510951002334,45.64606534518388,14.231847,38212.74253620686,7.2400584,0.2009756953552615,0.015157678,-0.19707772482717445,0.21656324628764947,,
kic-009264525,2107036467804043008,92.07457,1.78833,8.89875,0.03547,2.0,2.0,,,4797.0,111.0,-0.53,0.26,283.3357954296058,45.747260830309905,14.029846,46026.54328011987,7.0008063,0.2409298666709424,0.014178247,0.818191213393062,0.12907176594928135,,
kic-009269894,2106473002454674432,38.39963,2.11107,4.32297,0.07126,2.0,1.0,,,4593.0,115.0,0.2,0.21,286.34996383708875,45.7118377730567,14.396529,32834.85136477466,6.7679195,0.1475278748863696,0.015147635,0.0713482388932718,0.22440498907818734,,
kic-009274423,2127329775961923840,13.99695,0.46756,2.0858,0.02279,2.0,2.0,,,4492.0,114.0,-0.4,0.2,288.9656427168814,45.78445076857648,13.920734,50892.40743507814,8.411895,0.1608873259488475,0.01260128,-0.21620802627291802,0.17196873781069588,,
kic-009277904,2127422409816982784,55.8731,1.8538,6.0285,0.02146,2.0,2.0,,,4655.0,146.0,-0.43,0.25,290.59815207162086,45.713518415051986,14.597539,27285.446945721284,5.4868393,0.2110019631162607,0.015557473,0.8798690920600194,0.1679915992202168,,
kic-009278758,2127431205910171136,136.77359,3.86851,11.98584,0.04422,2.0,2.0,,,4722.0,161.0,-0.91,0.27,290.96883417133074,45.71770835056245,14.898572,20678.449323374032,5.037256,0.2688673762168526,0.01880903,1.7313817570308156,0.15908234350068365,,
kic-009284644,2128034597276971520,53.81456,1.17944,5.53907,0.01706,2.0,2.0,,,4616.0,115.0,-0.1,0.2,293.38720505093164,45.74405105097237,13.385213,83341.55624111704,10.940652,0.3576526292531568,0.011177671,1.007190515745183,0.07128014705657407,,
kic-009286832,2127999756502727936,27.73777,2.00042,3.71123,0.04596,2.0,1.0,,,4731.0,115.0,-0.61,0.25,294.1908569261564,45.73910654430678,14.93701,19959.185662547596,4.153647,0.1180241893743829,0.017455392,0.030427541120086943,0.3236309414919269,,
kic-009289239,2080041223963078400,10.79915,0.77165,1.7645,0.06171,2.0,1.0,,,4250.0,100.0,0.2,0.2,295.0837955502274,45.76269715639773,12.652027,163732.90041431098,31.95181,0.3261025834081384,0.010133773,-0.16874741877599142,0.08906641479137768,,
kic-009289893,2080017511440809856,25.49025,1.05122,3.47141,0.07587,2.0,2.0,,,4744.0,134.0,-0.21,0.23,295.3180749596392,45.79798719939903,14.010319,46861.84543585757,8.332931,0.1950297636965453,0.013895337,0.1943858826590681,0.15979026203733823,,
kic-009290846,2080007998096293632,46.69138,1.69985,4.70865,0.01994,2.0,1.0,,,4795.0,126.0,0.09,0.23,295.65344718554655,45.7241636189881,13.622214,66997.87862598225,9.581198,0.2499499001118355,0.012363632,0.27237645022345625,0.11884595335419933,,
kic-009302661,2085259196913856768,54.25551,4.70937,5.14521,0.03168,1.0,2.0,,,4682.0,152.0,0.11,0.25,299.11659460462937,45.73498795208185,15.58498,10988.91034771572,3.5696306,0.1020096808806784,0.025191912,-0.050017830088528115,0.5458225611089538,,
kic-009306673,2085212467668744064,22.70717,2.91847,2.85427,0.04159,2.0,2.0,,,4502.0,134.0,-0.03,0.26,300.35422210957876,45.73377699449761,15.876944,8397.876252575721,3.6932788,0.1447934978340072,0.030494615,0.6876037351347293,0.48097780791516237,,
kic-009350099,2080056273528928640,101.6716,2.24217,9.19776,0.05783,2.0,2.0,,,4567.0,127.0,-0.4,0.23,294.8089002946483,45.82960829333416,15.405154,12968.357974438972,3.8790143,0.1413913707492894,0.025029907,0.8423877359822001,0.38729741078896535,,
kic-009412043,2080070945137376128,31.80837,1.53696,3.80539,0.03198,1.0,1.0,,,4676.0,130.0,-1.71,0.65,294.9785478461417,45.994278564082315,16.657484,4092.163681011419,5.8063083,0.0076513944755545,0.0975188,2.3285346081581118,0.4983904927140191,,
kic-009673766,2085332623673608704,39.59572,2.69188,4.30354,0.08333,2.0,2.0,,,4542.0,106.0,0.1,0.2,300.19061824253185,46.313252093344175,12.647245,164455.6269530337,24.25978,0.4930571661193632,0.010764469,0.45774820045808795,0.10895246431766246,,
kic-009702193,2130397791360067200,95.09995,3.46435,8.77869,0.11957,2.0,1.0,,,4784.0,128.0,-0.99,0.28,288.07823498296295,46.485734436966645,15.929932,7997.866197822522,2.8494136,0.133111442806334,0.027766768,1.4299009660246327,0.4533288912262851,,
kic-009704679,2127703609915604608,101.26971,3.326,9.68123,0.05294,2.0,2.0,,,4702.0,121.0,-0.73,0.25,289.4427639082006,46.475786898434805,15.053837,17923.04832830957,4.7735734,0.1627932795933043,0.022605827,0.9909113741724056,0.30208221686605186,,
kic-009764495,2127754153091336064,16.11215,0.46458,2.30268,0.0179,2.0,2.0,,,4515.0,113.0,-0.3,0.2,289.0871653246134,46.55284516519462,14.714896,24489.980189495134,6.3010187,0.111399399113236,0.018705374,-0.24446256638827357,0.3657745809993812,,
kic-009779873,2080463402068546944,34.30262,1.21739,4.23305,0.08097,2.0,1.0,,,4788.0,110.0,-0.21,0.24,295.5064136498935,46.55444017894253,14.203352,39228.88212319229,6.4580197,0.1744638116646093,0.013617298,0.19388439137009428,0.17261394563486548,,
kic-009785756,2080297444533131648,5.70459,0.55335,0.70126,0.08309,2.0,1.0,,,4430.0,125.0,0.03,0.24,297.4330891949554,46.586012100439646,12.962851,122972.08437872444,25.581688,0.1618478164274471,0.013903134,-1.2822739667903988,0.19156250970343885,,
kic-009836407,2128197702955201792,57.97742,1.86418,5.85724,0.07752,2.0,2.0,9836407.0,2.1281977029552018e+18,4483.0,138.0,-0.03,0.25,294.073944710167,46.64060303715931,16.221106,6116.522929587926,2.7059662,0.0706613375499551,0.031730417,0.15213448140413277,0.9762413159676098,,
kic-009837041,2128148671608652544,26.22667,4.74937,3.86449,0.18149,1.0,1.0,,,4791.0,120.0,-0.68,0.24,294.3042420778288,46.63680724832191,14.233341,38160.17595851082,6.0863724,0.1723358221585596,0.012988208,0.05189481535823148,0.17249036992992825,,
kic-009842903,2080335343324782208,200.14431,11.59801,16.01017,0.08234,1.0,1.0,,,4582.0,145.0,-0.58,0.26,296.4408667433962,46.664159448902225,15.546589,11384.423008662156,3.6721902,0.2443633600166512,0.028455598,2.2687750485143177,0.25496911238170733,,
kic-009846356,2080302770292637440,81.54731,1.76809,8.21014,0.02869,2.0,2.0,,,4779.0,123.0,-0.77,0.25,297.4942674552721,46.64086213129068,15.076486,17553.039881170684,3.8297865,0.2265534991176082,0.02089299,1.5374590828887627,0.20575017996885236,,
kic-009897854,2128519825501274112,88.34797,1.45075,8.51832,0.04081,2.0,2.0,9897854.0,2.128519825501274e+18,4530.0,130.0,-0.8,0.25,294.6347056492086,46.78725211210483,15.620588,10634.364184176233,3.069498,0.1270476388363909,0.025614435,0.873983400656428,0.4396172358079892,,
kic-009905025,2080348228226329856,114.14367,2.03862,10.22545,0.03044,2.0,2.0,,,4632.0,143.0,-0.44,0.25,297.10856349553313,46.71348447229288,14.66571,25624.912776192563,5.541159,0.2972428589209365,0.0161173,1.7890511726561265,0.12322141621384598,,
kic-010001578,2130660024882663552,331.12983,12.83576,23.50947,0.09783,1.0,1.0,,,4750.0,118.0,-0.26,0.25,287.2068342161671,46.97489741115174,14.444524,31415.020494686803,5.719808,0.5406414199848532,0.017848646,2.9879625874348505,0.07395477980015296,,
kic-010015749,2128220380383314176,174.88916,6.11878,13.96338,0.05721,2.0,2.0,,,4537.0,122.0,-0.43,0.25,293.5695959098853,46.96169636475059,15.340611,13762.64930053866,3.472678,0.255047083681647,0.021054879,2.155718418007746,0.1822195042675439,,
kic-010026312,2080356921240904192,57.27015,1.74666,5.9335,0.02765,2.0,2.0,,,4351.0,127.0,-0.25,0.25,297.21897526728617,46.9127813797996,15.921138,8062.908339135201,2.9308536,0.1296294868841186,0.027895344,1.1939978205496384,0.46931512465241904,,
kic-010133248,2130807393801135104,134.34515,2.98171,11.27576,0.04255,2.0,2.0,,,4556.0,121.0,-0.19,0.23,288.674750182354,47.18557396054434,14.349311,34294.32689335797,5.650383,0.3597273182539088,0.014434128,1.9354052926405192,0.09185111448732143,,
kic-010135164,2127883792383329408,31.14434,4.51164,4.02681,0.14668,2.0,1.0,,,4652.0,123.0,-0.3,0.21,289.5350661774697,47.13391491035899,14.981443,19158.85261782626,5.7147684,0.0956319784826143,0.01908512,-0.3093141038548559,0.4343310276394689,,
kic-010162837,2085664229508498432,31.71338,1.61588,4.20996,0.05629,2.0,2.0,,,4719.0,142.0,-0.71,0.24,298.8315795803483,47.13354449014795,14.5037,29748.595018498545,6.0731964,0.1780316482740758,0.015298251,0.22331088323938708,0.2029940240572873,,
kic-010212660,2128606205884304128,140.54857,2.33648,11.43599,0.06517,2.0,2.0,,,4570.0,118.0,-0.2,0.21,293.80346261207006,47.28522166217639,14.898113,20687.18750809536,4.6693525,0.2726409907344522,0.018747296,1.8096311661141353,0.15457073971254823,,
kic-010226719,2086338230136098560,61.98971,1.62924,6.33546,0.02866,2.0,2.0,,,4677.0,137.0,-0.62,0.24,298.23951100514694,47.28094627440318,15.353032,13606.106896818086,3.7375512,0.1208632236193244,0.021075372,0.4496220787195444,0.3815823475844448,,
kic-010287045,2080568302349983872,195.62696,7.59647,16.86121,0.25015,2.0,1.0,,,4559.0,116.0,-0.1,0.21,296.6262230600925,47.32323550138077,15.183194,15909.96524785969,3.7345848,0.2985018287169033,0.020022973,2.2672697912723336,0.15204384390895437,,
kic-010297005,2085643785463672192,39.24069,21.39979,4.3019,0.39983,2.0,1.0,,,4754.0,115.0,-0.1,0.21,299.40464750096555,47.34688788101109,13.545781,71884.31576041134,10.265051,0.2597354571777878,0.0115569895,0.15822678911277244,0.11874695155376407,,
kic-010388415,2107607870252621056,234.06772,11.45735,16.79284,0.03138,2.0,2.0,,,4811.0,127.0,-0.2,0.21,283.8233542181321,47.50335896944513,14.4647,30836.622052936727,5.882432,0.3842492652254823,0.015858855,2.2182140347853245,0.09316066925030847,,
kic-010920527,2129283298887628928,102.55303,2.90168,9.93284,0.18922,2.0,2.0,,,4732.0,148.0,-0.65,0.26,292.06925707300456,48.3880443514029,14.903652,20581.920653130972,4.082184,0.2355594152532719,0.015684327,1.570381530119393,0.14747663937254002,,
kic-010932302,2086639221443376512,33.95127,1.90118,4.19489,0.08833,2.0,1.0,,,4802.0,153.0,-0.33,0.26,296.8610370746608,48.33256351898355,15.076136,17558.699629238887,4.4252033,0.1344749005035237,0.018883811,0.5013477662036543,0.3066801551810686,,
kic-011034207,2128950696620012416,151.42236,2.60625,12.59103,0.02341,2.0,2.0,,,4787.0,154.0,-0.63,0.26,293.9681422051069,48.54259198206897,14.683731,25203.119004850247,9.996687,0.2627592258573646,0.059008192,1.6361912737722886,0.4881376702931529,,
kic-011133322,2129494989235354752,31.53251,1.24192,3.78358,0.01695,2.0,2.0,,,4604.0,140.0,-0.17,0.25,289.6704125748597,48.70624524024684,15.102274,17141.047249241485,4.5678873,0.1347254635335961,0.021672718,0.5073064563564245,0.35120012976524523,,
kic-011152739,2086931451017972480,160.47501,2.05655,12.58002,0.03599,2.0,2.0,,,4506.0,112.0,0.2,0.21,298.15439888353797,48.72298976608954,14.489573,30138.22261048745,6.096812,0.3884539913462113,0.015204334,2.2182765488924723,0.0910662344655008,,
kic-011305439,2134768728039629440,137.53964,6.5069,11.59453,0.1771,2.0,1.0,,,4683.0,130.0,-0.83,0.25,295.7475974396542,49.04049714888529,15.12407,16800.356349958438,4.3312087,0.1816937927874435,0.02029601,1.251219259991455,0.24389300946213752,,
kic-011546082,2132249197141933952,104.11962,3.95254,9.82003,0.12429,2.0,1.0,,,4792.0,159.0,-0.72,0.28,283.70279004960105,49.52472027557344,15.112048,16987.416447226835,4.6267653,0.173210138912455,0.018667182,1.0626985738596417,0.23682737208457794,,
kic-011620560,2134896649345083520,65.8737,2.07252,6.71653,0.04443,1.0,2.0,,,4673.0,119.0,-0.4,0.2,296.31567794194865,49.69610215976465,14.289987,36220.31538263865,6.2889323,0.2833769605427212,0.014282102,1.3822584953365826,0.11235787284295598,,
kic-011772921,2135277217806620928,44.1805,0.99106,5.15081,0.02222,2.0,2.0,,,4642.0,142.0,-0.67,0.25,296.44168940977556,49.99460900355274,15.181374,15936.65474054369,4.2640886,0.1472714366028817,0.020329043,0.8039722245540659,0.3015239740648033,,
kic-011809415,2132712022818743936,198.7179,3.21039,15.38569,0.03972,2.0,2.0,,,4551.0,119.0,-0.2,0.2,289.26664179368936,50.03631825732347,14.020703,46415.762100944514,7.0932384,0.5341973153768036,0.012906284,2.4896603119461567,0.05830286553620752,,
kic-011861425,2130052132392750976,102.3253,3.53264,9.51628,0.06285,2.0,1.0,,,4697.0,192.0,-0.46,0.28,290.3194630829702,50.177235238227304,16.033815,7268.093783733048,2.7187824,0.04475401043557,0.027590252,-0.8815763997005348,1.3389254782221751,,
kic-012019114,2135183140843550208,143.45871,2.74734,12.24224,0.17522,2.0,2.0,,,4497.0,116.0,-0.39,0.22,294.83870310853274,50.42158522723213,14.6474905,26058.564815590387,4.98404,0.3187120593785881,0.015387316,1.9222670066479637,0.11095535498673144,,
kic-012020113,2135176268895266304,40.27037,1.29985,4.7096,0.0791,1.0,2.0,,,4689.0,141.0,-0.6,0.24,295.3501184967754,50.49054113159027,15.520523,11661.048452049945,3.172214,0.1474740997951197,0.022450924,1.1461073773223163,0.3321905317412007,,
kic-012215329,2135571646404547584,74.31862,4.66692,7.25643,0.09339,2.0,2.0,,,4606.0,141.0,0.04,0.25,295.12420047056116,50.85274317156535,15.47336,12178.747142434362,3.7760081,0.1680142824749836,0.022618808,1.357875031808593,0.2945823032989354,,
kic-012252811,2133329673475272960,18.93592,0.80241,2.60806,0.02405,2.0,2.0,,,4538.0,112.0,-0.3,0.21,288.25206769814594,50.98897919699981,13.811175,56295.90261056124,10.747645,0.1782742486429246,0.013119172,-0.10293312001263466,0.1618096337840066,,
kic-012316418,2135402905731091840,26.23058,2.19358,3.66348,0.04449,2.0,2.0,,,4529.0,119.0,0.28,0.24,296.1043673572928,51.00402778398948,14.779765,23069.63865923305,5.2449803,0.1410205141563016,0.017494587,0.3324036611214467,0.2709500652498009,,
kic-012645095,2133289335142225536,133.9374,2.83997,11.29231,0.09984,2.0,2.0,,,4506.0,112.0,-0.19,0.23,289.2925111896339,51.75459636957358,14.629145,26502.61517382656,6.2339516,0.296282440152349,0.016707616,1.7454585878805418,0.12772781198068328,,
kic-005025591,2076389917653223040,29.93594,1.56433,3.98035,0.16111,2.0,1.0,,,4741.0,201.0,-0.59,0.31,295.5080460333321,40.175887271113965,16.389572,5237.425724047115,2.3478396,0.0942193955669628,0.035275307,0.8485063844660363,0.8153322544058876,,
kic-005113371,2076393594145243136,54.02689,1.43954,5.50408,0.01295,2.0,2.0,,,4483.0,118.0,0.01,0.23,295.44676167908455,40.26574959262457,14.452045,31198.143662377013,5.73488,0.2537905134468463,0.014707431,1.13531953440914,0.13573066917555981,,
kic-005794195,2053562372626841472,31.88608,1.08693,3.90344,0.3048,2.0,1.0,,,4679.0,142.0,0.02,0.24,292.8587959659637,41.0532924015024,15.038136,18184.13346150534,4.6112413,0.0924399490197639,0.02120466,-0.4474463018483128,0.5003451687344687,,
kic-005795997,2077380130948850688,69.09127,1.29555,6.81353,0.03071,2.0,2.0,,,4508.0,125.0,-0.18,0.24,293.4008251950016,41.078477154242634,14.653033,25925.87764030194,5.745825,0.2321809979716577,0.017916122,1.2157287777229797,0.17226094224032082,,
kic-005801405,2076673557290601856,45.5554,1.51789,4.99389,0.02128,2.0,2.0,,,4650.0,116.0,-0.4,0.2,294.87425718359384,41.05586134699152,14.215293,38799.81506811092,6.771872,0.2658847475513605,0.014539424,0.9754361374297122,0.13065235721727145,,
kic-005803125,2076640400142071936,27.83647,2.14652,3.23562,0.07339,2.0,1.0,,,4702.0,136.0,-0.29,0.23,295.3462307730914,41.049512405330674,14.472139,30626.04659866136,7.0174913,0.1909871821475445,0.015310549,0.41694969288566064,0.18726490989042474,,
kic-005855216,2104449969778641664,38.94717,2.55246,4.63465,0.05757,2.0,2.0,,,4648.0,171.0,-0.59,0.29,283.44368765875805,41.14772692856776,16.40023,5186.262943727871,2.7562551,0.048200899080537,0.03499903,-0.49937509276745473,1.5774295946590802,,
kic-005904409,2075315797872940672,7.39097,0.36407,1.19675,0.0648,1.0,2.0,,,4441.0,107.0,0.1,0.2,298.8921240272758,41.11900901382772,11.60091,431104.5300296931,132.99425,0.3845134122855065,0.01270231,-0.958964486687444,0.10210809602842849,,
kic-005906044,2075131320445148544,111.19352,1.75453,9.75104,0.01997,2.0,2.0,,,4527.0,110.0,-0.1,0.2,299.2122027821475,41.127520003852915,13.27087,92597.37651657229,12.172484,0.6469589309855448,0.011601163,1.6712703866889544,0.10554308332705861,,
kic-005950749,2102119829764229376,24.12359,1.03458,3.11804,0.05989,2.0,2.0,,,4868.0,245.0,-0.66,0.37,288.74897661728573,41.224777977009936,16.939829,3155.11442112756,1.8221891,0.0510264065669798,0.045911748,0.3092527317132472,1.953979357570049,,
kic-005979078,2076831062333183360,99.71901,2.96821,8.92523,0.04075,1.0,2.0,,,4579.0,142.0,0.09,0.25,296.82724301627997,41.215715780576765,15.527095,11590.676098715525,3.1854038,0.2457839561591747,0.023342118,1.583663425547961,0.2461710417855436,,
kic-005989392,2075136195215958400,33.87897,1.8896,4.11548,0.05386,1.0,1.0,,,4586.0,108.0,0.2,0.2,299.0433140409195,41.22691640360043,12.993688,119528.5283899578,18.06136,0.4527972520834388,0.011938334,0.619223737047804,0.11358251879461527,,
kic-006036233,2101470361990845568,24.22786,1.24023,3.77505,0.11629,2.0,1.0,,,4735.0,137.0,-0.19,0.23,289.80399688332426,41.36130098645659,14.874959,21133.100474142702,4.743191,0.1235115566164955,0.017467262,0.018616187504820303,0.3107052537271887,,
kic-006036423,2101466307541720320,61.61644,1.19783,6.62318,0.02181,2.0,2.0,,,4775.0,123.0,-0.86,0.25,289.86081680724396,41.30802790275458,14.286431,36339.11336775368,6.306,0.2461717710475534,0.014410107,0.9277414623437643,0.13560282168746265,,
kic-006037646,2101792312738195712,111.79296,1.59047,9.94019,0.03597,2.0,2.0,,,4486.0,113.0,-0.2,0.2,290.2565770139767,41.35366766674956,14.41538,32269.711567282902,5.1809773,0.3184983271016279,0.013950634,1.688699801704999,0.1018165380247559,,
kic-006045224,2053617142046938240,35.72997,1.91894,3.97884,0.18031,1.0,1.0,,,4986.0,199.0,-0.41,0.31,292.6860089313034,41.39327876203896,15.050931,17971.09178200304,4.399722,0.0898133867241875,0.020382928,-0.49724442196353635,0.49506865848569376,,
kic-006048092,2077389201919925760,103.98334,2.96651,8.88807,0.13839,2.0,1.0,,,4767.0,162.0,-0.55,0.27,293.5546992682152,41.30624704808083,15.16932,16114.564490600931,3.71392,0.1878407622860531,0.021036642,1.2233884216907143,0.2477317067329974,,
kic-007354715,2102734181887165696,30.8319,1.36996,4.40334,0.16422,1.0,1.0,,,4814.0,154.0,-0.95,0.29,289.2838082775833,42.94748080599651,15.152888,16360.306473021106,3.8800364,0.1012859283027115,0.019422283,0.011082370452326629,0.41717102415785334,,
kic-007366825,2077812239016834432,136.88636,2.68061,11.92451,0.05788,2.0,1.0,,,4588.0,129.0,-0.62,0.24,293.04924328927007,42.92282663260503,15.024209,18418.87481942537,4.7455764,0.2959883707637413,0.022412136,2.114144650774655,0.16921080650350107,,
kic-008654506,2082101914914855936,50.33933,1.42702,4.9184,0.04413,1.0,1.0,,,4613.0,119.0,-0.3,0.21,300.7915550078524,44.793623992953314,14.366789,33746.69170710106,7.4129987,0.226769741274579,0.015094395,-0.40546793890099764,0.27378923710692077,,
kic-008751257,2127011845303366784,50.58113,0.92532,5.31233,0.02587,2.0,2.0,,,4628.0,123.0,-0.0,0.22,290.946791717748,44.90769914187976,14.630139,26478.35120836951,5.368303,0.1818964765113903,0.016571244,0.638601243243226,0.2025743226408383,,
kic-008751376,2126261806576181120,123.38741,3.29404,10.71779,0.04209,2.0,2.0,,,5004.0,216.0,-0.5,0.33,290.9979924272081,44.95788392504442,14.413572,32323.471706984063,6.4164085,0.3128749069492229,0.014878696,1.527101680742943,0.11676289485660361,,
kic-008751388,2126261806576181376,46.29118,1.31208,4.84386,0.01288,2.0,2.0,,,4583.0,130.0,0.16,0.25,291.001890684956,44.95637692759949,14.123906,42206.9910761884,6.98657,0.2469946366432078,0.013475083,0.7240196279148137,0.13040174451274938,,
kic-008759022,2078410510780910592,60.41495,2.46166,6.60932,0.07451,2.0,1.0,,,4346.0,133.0,-2.1,0.41,293.9659096608778,44.90238306601774,15.847836,8626.063403407357,3.1274717,0.082042501568056,0.029655362,-0.017958313711645246,0.787627683651459,,
kic-008761573,2079875850542149376,8.78712,0.36079,1.36415,0.02215,2.0,2.0,,,4252.0,106.0,0.1,0.21,294.87278687248113,44.919057390880624,14.526369,29133.92257540638,7.505948,0.1209380204318324,0.015540478,-0.4483623374357766,0.2850243837884386,,
kic-008766630,2079733356405452416,52.71374,1.85725,5.80019,0.02452,2.0,2.0,,,4644.0,141.0,-0.74,0.25,296.5418412445582,44.981417290045506,15.273706,14637.40204337622,3.907894,0.118392307609097,0.02350261,0.2285562431017496,0.43547170374366473,,
kic-008773867,2079302249071546880,60.05604,1.31776,6.30973,0.0249,2.0,2.0,,,4415.0,128.0,-0.55,0.25,298.4206847781315,44.95366585989064,15.051762,17957.33892396091,4.854308,0.2790661625183127,0.018655563,1.4567635323855832,0.19060965332843732,,
kic-008775282,2079205595129115136,37.00953,1.56231,4.33535,0.0413,2.0,2.0,,,4608.0,141.0,-0.61,0.26,298.7882517325424,44.97691819021585,15.168817,16122.043488579997,4.643259,0.2092369136224297,0.020885669,0.9726958156518997,0.24770360379202358,,
kic-008780598,2082161769580137984,31.48441,1.40338,3.79936,0.01964,2.0,2.0,,,4624.0,150.0,-0.14,0.25,300.24619016733504,44.97623967104778,15.481147,12091.72110005657,3.546802,0.151702601575889,0.02312235,0.5141345755610143,0.35588107199014485,,
kic-008783718,2082114353140529792,29.93594,1.5115,3.93452,0.0686,2.0,1.0,,,4504.0,119.0,-0.4,0.22,301.12266735596234,44.98925778374403,14.477434,30477.057109996364,8.010496,0.3382134662670094,0.015605917,0.6700925309949746,0.23991871312912005,,
kic-008803393,2106755508223819264,57.42964,1.2586,6.10299,0.02012,2.0,2.0,,,4628.0,128.0,-0.53,0.25,284.5456699706011,45.03146305872347,14.343746,34470.55760445726,5.717497,0.217133257056035,0.013472792,0.7609401446017614,0.1405390884744912,,
kic-008806396,2106327729481073536,135.45735,2.09913,11.84929,0.02523,2.0,2.0,,,4750.0,109.0,-0.5,0.21,286.1882119966416,45.0596226999343,14.639165,26259.152085064787,5.009461,0.2954064272805362,0.015539128,1.8459351064101224,0.11628671563463665,,
kic-009456211,2130271107004916608,23.24464,2.93971,3.31533,0.13485,2.0,1.0,,,4805.0,131.0,-0.23,0.24,287.7648964626427,46.025076253992594,13.620787,67086.02588943148,9.507824,0.2120905912682629,0.011817583,0.1080644195664302,0.12294159128928726,,
kic-009480306,2080249100380388864,80.78096,2.16234,7.56929,0.06501,2.0,2.0,,,4639.0,155.0,-2.04,0.37,297.35173457607044,46.098301574283376,14.83437,21938.10295105004,4.7337008,0.2181371217326818,0.01712671,1.1889155046975617,0.17791612955676836,,
kic-009490362,2085232499396522240,32.11138,3.76251,4.19135,0.18837,2.0,1.0,,,4607.0,112.0,-0.4,0.21,300.14557933614157,46.062790512198625,13.092797,109100.80251272384,17.961124,0.4115628097604329,0.0102186315,0.3656649067944695,0.13146157714814014,,
kic-009531082,2128068201102057600,88.27041,2.00181,7.82105,0.02317,2.0,2.0,,,4711.0,128.0,-0.1,0.22,293.7825037307972,46.156612163248475,14.618495,26763.868453695395,5.33586,0.2343397286969653,0.017621424,1.201287023823138,0.1681061318676319,,
kic-009548765,2085291323269628416,29.56696,2.36595,3.46501,0.0954,1.0,1.0,,,4641.0,346.0,-1.03,1.11,299.40813906742983,46.11304326602893,16.277815,5805.244223463802,2.8654106,0.0900943094988398,0.034010373,0.3246538324840511,0.8269403100510022,,
kic-009552024,2085315512523902848,29.35791,2.73442,3.99725,0.22314,2.0,1.0,,,4558.0,132.0,-0.42,0.25,300.3686380453255,46.10005670640233,15.487944,12016.263768039658,3.9752784,0.0902915716113998,0.024254099,-0.48468956976218536,0.5940749655759465,,
kic-009552580,2085321181880878464,31.89724,1.56044,3.68046,0.04198,1.0,1.0,,,4526.0,112.0,-0.2,0.21,300.5284273446563,46.14699483014411,14.107154,42863.2616638374,9.644726,0.2511779586413503,0.014796317,0.2835272632531396,0.1778268234146303,,
kic-009631558,2119122505773918336,31.43399,2.18677,3.6947,0.33765,2.0,1.0,9631558.0,2.1191225057739182e+18,4988.0,133.0,-0.68,0.24,282.31428780401734,46.377476723477955,14.460121,30966.939723727097,5.8007593,0.1185715966507979,0.015008638,-0.3395268537650793,0.2760363400281681,,
kic-009643728,2127699383667502592,30.9281,1.53559,3.97383,0.03749,2.0,2.0,,,4752.0,126.0,-0.2,0.22,289.52286331746956,46.36540933375223,14.543053,28689.680945730473,7.013648,0.1479551617554557,0.015310528,0.22415241189034418,0.22614067940091975,,
kic-009655307,2128108573793842560,155.25802,2.8715,12.77734,0.02233,2.0,2.0,,,4623.0,122.0,-0.4,0.21,294.30818163028954,46.32357521966634,14.434458,31707.62706069182,6.1287227,0.3537169195956958,0.0149504235,1.7901915557242205,0.10864196154398549,,
kic-009658441,2080454812133807616,28.92174,2.99875,3.59847,0.10003,2.0,1.0,,,4568.0,154.0,-0.34,0.26,295.4748248593182,46.355138024015865,16.61008,4274.785951179186,2.26219,0.0154584160212179,0.036372002,0.5613609813022613,0.42409592835191623,,
kic-010396952,2130832235892791040,29.46154,1.65934,4.37583,0.16096,2.0,1.0,,,4820.0,137.0,-0.78,0.24,288.42458185480103,47.53314559143161,14.735941,24019.85884552074,5.8025866,0.0986439815061263,0.01735684,-0.36637083179856234,0.38223559640470217,,
kic-010415749,2080631215031334016,31.04033,2.39307,3.80958,0.05946,2.0,1.0,,,5129.0,229.0,-0.42,0.34,296.01994387155315,47.53507551471464,16.35665,5398.672687140076,2.7419374,-0.0310635681691386,0.037467495,0.5000355891227706,0.2531895232689108,,
kic-010469678,2129145859934229248,71.04603,1.94878,7.15983,0.10599,1.0,2.0,,,4789.0,139.0,-0.63,0.32,291.6060307121359,47.65560454478076,16.038067,7239.6937115686205,2.6583061,0.0817203752193284,0.028822798,0.3817243682283227,0.7665767246915965,,
kic-010527593,2130926312855587072,56.60363,9.9521,6.22064,0.0522,2.0,2.0,,,4635.0,147.0,-0.06,0.26,288.6515218279683,47.701958504471335,15.933447,7972.014148979633,3.1915286,0.1453488965380119,0.032344334,1.6001761005650526,0.4837070931016152,,
kic-010680537,2086424163843880448,58.13185,2.71306,5.9631,0.01944,2.0,2.0,,,4540.0,138.0,-0.36,0.25,297.23821775095837,47.91531028870112,15.679673,10071.113400237376,3.5599034,0.1407580590854566,0.026241468,1.3009313605039203,0.4052342945432391,,
kic-010784402,2131891787142663168,26.04305,1.79419,3.32027,0.04382,2.0,1.0,,,4800.0,226.0,-0.08,0.32,286.0198811404967,48.19847390822993,16.810667,3553.691548154818,2.2281885,0.0636272548384266,0.044157278,0.6351101235477614,1.5072810230708769,,
kic-010799242,2128889806863901056,47.33734,1.56508,5.01477,0.02355,2.0,2.0,,,4497.0,124.0,0.09,0.23,292.68495442357886,48.156971114908146,13.500513,74944.82944092751,58.925358,0.3574224493251893,0.07549706,1.145314144952346,0.4590327149959461,,
kic-010813845,2086524047601677312,136.61089,1.51058,11.337,0.01904,2.0,2.0,,,4547.0,115.0,0.09,0.22,297.66278682587244,48.11941519878344,14.258043,37301.78370155928,6.0637035,0.3748825116149609,0.013163781,1.8368597153871882,0.08783481154856984,,
kic-010843934,2143714904395223168,41.0551,4.99136,4.89245,0.09001,2.0,1.0,,,5522.0,301.0,-0.4,0.44,282.6973238795147,48.25440792559931,16.806278,3568.085207503488,2.1720352,0.0115528900214489,0.045025118,0.9880522735147466,0.77621485257292,,
kic-012073612,2135410361792612992,45.58326,2.20653,5.02798,0.02832,1.0,2.0,,,4500.0,105.0,-0.2,0.2,297.1553294094644,50.55520026567035,13.570404,70272.45357318397,10.172158,0.3652876541667785,0.010466501,0.9475901879835771,0.09026699186684745,,
kic-012073666,2135410052554965376,118.67426,3.01191,10.20579,0.05497,2.0,2.0,,,4788.0,146.0,-0.45,0.25,297.1774811803427,50.52220463987964,14.530094,29034.140282989556,5.42764,0.2881401781576733,0.016420236,1.5132323134812573,0.13245337598160634,,
kic-012109014,2133159180452539648,52.18101,2.45772,5.5263,0.04097,2.0,2.0,,,4447.0,128.0,-0.18,0.24,290.3510361790325,50.60891747458089,15.027344,18365.77013738288,4.681657,0.1340023131818886,0.020047588,0.49335428294045514,0.3258600331562967,,
kic-012115719,2135227671064009984,117.04304,4.73328,10.54564,0.13434,1.0,2.0,,,4609.0,132.0,-0.57,0.25,294.2088267679501,50.615561156238165,14.751449,23679.215156003287,4.8608494,0.2681230028905216,0.017559007,1.7235681798159828,0.14446324426707027,,
kic-001161477,2050256175524879616,23.15009,0.80148,3.44743,0.08424,2.0,1.0,,,4707.0,121.0,0.2,0.2,291.07731873918374,36.87877245524219,14.722102,24327.96252587625,4.932836,0.1404591346436394,0.017255485,0.02386315835587638,0.2746660188629055,,
gaia-dr3-2051102795180534656,2051102799476253696,11.58615,0.77318,1.7011,0.01586,2.0,2.0,,,4472.0,111.0,0.0,0.2,290.45468695269466,37.72650010061243,13.811646,56271.433117200395,9.066216,0.1524267226774155,0.012041073,-0.6121508275424574,0.17891991728575174,,
gaia-dr3-2051107644199428480,2051107674258010368,34.08817,1.4498,3.83802,0.02411,2.0,2.0,,,4490.0,111.0,0.43,0.25,290.3888348591395,37.851557337515935,13.275294,92220.79685140286,13.032547,0.3727614496554227,0.010541704,0.8175681717730967,0.0774725686920594,,
gaia-dr3-2051293255503781632,2051293216841650816,29.52404,1.59518,3.75785,0.04337,2.0,1.0,,,4519.0,123.0,-0.12,0.26,290.18635070715555,37.784523734691085,17.126284,2657.2566661351702,1.8849195,0.1208425110401173,0.05415501,2.1013939216266664,0.975330607614279,,
gaia-dr3-2051293564734764288,2051293564741160576,78.27081,2.69957,7.4227,0.01902,2.0,2.0,,,4500.0,105.0,0.3,0.2,290.2836291695175,37.81898329370491,15.124626,16791.766755813398,4.707939,0.2298498312381236,0.021063222,1.471636533338561,0.2106255945764173,,
gaia-dr3-2051664615561224704,2051664615561224320,28.60454,1.14156,3.62569,0.15413,2.0,1.0,,,4745.0,126.0,-0.2,0.22,293.29754305481754,37.6714942436132,14.373509,33538.445037639176,6.320115,0.1751535789942532,0.015706602,0.2272800928936789,0.20220592539851456,,
gaia-dr3-2051762953124571648,2051762953129813120,9.24658,0.50558,1.52777,0.02535,2.0,2.0,,,4497.0,114.0,-0.12,0.24,291.36677401665514,37.19322254945935,14.482355,30339.23477146553,7.5821877,0.1098227619254502,0.016560623,-0.7743936049697382,0.3346427768691369,,
gaia-dr3-2051848401501053184,2051824938096659840,29.99846,1.8172,3.9424,0.03967,2.0,2.0,,,4872.0,153.0,-0.15,0.25,292.779694536215,37.619753440855355,14.425845,31960.14276093959,5.6726646,0.1468802628936685,0.015427248,-0.07844018152863441,0.23367910345698759,,
kic-002720310,2051862836888680704,24.69714,1.32854,3.16831,0.06393,2.0,2.0,,,4635.0,113.0,0.2,0.2,293.02380030505964,37.983270205218005,13.647306,65467.25574414068,9.433975,0.2261345731300292,0.011618248,0.12848163868431683,0.11978162303842241,,
gaia-dr3-2051919354364602368,2051919358659527296,75.39626,2.10305,7.17835,0.04827,2.0,2.0,,,4559.0,144.0,0.09,0.26,292.4822140839264,38.06466523079243,15.254372,14900.401299960116,3.897036,0.2018399202503193,0.022247503,1.4403049421413776,0.24469265043197963,,
gaia-dr3-2052067346056226560,2052067346056226944,119.38251,2.31544,10.54548,0.03643,2.0,2.0,,,4660.0,118.0,-0.4,0.2,294.08674691173087,38.17555831488458,14.282161,36482.31327368563,5.939331,0.3941975948316464,0.014568964,1.8731852352397222,0.09909649837736371,,
kic-003453416,2052092222506896128,34.30437,0.89268,4.15975,0.0206,2.0,2.0,,,4516.0,112.0,-0.7,0.21,293.8637672252491,38.54312426502804,14.493389,30032.47339793024,5.88391,0.2119648341366534,0.0153563535,0.8098272897324534,0.16425557135489324,,
kic-003356593,2052130602334039552,33.24294,1.53481,3.96737,0.04539,2.0,2.0,,,4621.0,115.0,-0.0,0.2,294.96305313549095,38.4675921332588,13.886276,52533.47132728774,8.089459,0.2552060741443347,0.0136252,0.5089638492098203,0.1313596550527394,,
gaia-dr3-2052131117730145408,2052130911571715328,30.14301,1.13505,3.65235,0.02171,2.0,2.0,,,4547.0,131.0,-0.81,0.25,295.05591099634717,38.4508218135296,15.30882,14171.601989449213,3.9503922,0.1180408754037678,0.02358713,0.3056581215408567,0.4373165525161891,,
kic-003454512,2052170081674347904,36.01035,1.69715,4.19605,0.0164,2.0,2.0,,,4452.0,114.0,-0.3,0.21,294.13611504528194,38.54060692838221,14.316359,35351.14397483987,5.7767954,0.2648881429443276,0.013499116,0.923018011983979,0.13441511404685316,,
kic-003654649,2052281815238046592,24.23495,1.45088,3.76507,0.10879,2.0,1.0,,,4787.0,180.0,-0.72,0.3,293.76216423989234,38.71321710275714,15.809427,8936.670065701654,3.0194213,0.0691819192780602,0.02798639,-0.32971235616951766,0.8799044112082846,,
gaia-dr3-2052306833432920704,2052306829124971648,26.30586,1.71751,3.59717,0.09638,2.0,2.0,,,4814.0,128.0,-0.4,0.23,292.9580562059014,38.442372577542315,14.68516,25169.985429037748,4.9201407,0.1211286333774063,0.016801424,-0.18926510241447758,0.3043382522190059,,
gaia-dr3-2052388850114876288,2052388850125180032,16.29319,0.73492,2.39158,0.01829,2.0,2.0,,,4464.0,115.0,-0.2,0.2,294.02382514752094,39.06975059649923,13.302252,89959.29927932813,13.260629,0.2538890379141312,0.010596406,-0.11051703441416372,0.11176156875032417,,
gaia-dr3-2052489833394297344,2052489833398558592,24.80972,1.65195,3.09895,0.19541,2.0,1.0,,,4669.0,155.0,-0.11,0.25,294.15036358664656,39.72487500217591,15.473007,12182.7085000001,3.7706082,0.0585210036459026,0.025276326,-0.9810933604900391,0.9389127922129835,,
gaia-dr3-2052524468008343808,2052524468008343296,27.88827,1.67513,3.78655,0.13076,1.0,2.0,,,4569.0,141.0,-0.24,0.25,291.28939126274315,37.39019973094341,15.691186,9964.884365652542,3.1639104,0.1570212119458806,0.02708384,1.1138808460366345,0.3837558381108165,,
kic-002852833,2052579374871229952,6.02284,0.41885,1.05533,0.05094,2.0,1.0,,,4292.0,107.0,0.2,0.2,291.51948205274664,38.03984065506031,13.720949,61174.051902661595,11.173398,0.1141917302988904,0.012238266,-1.233093707690843,0.23554222138291153,,
kic-003444498,2052688570120141056,14.10547,0.4869,2.07986,0.02849,2.0,2.0,,,4381.0,106.0,-0.1,0.2,291.6660263928204,38.504905322763186,13.189517,99802.1597873464,14.848447,0.2399194912104971,0.009945439,-0.27347932773935213,0.10522710632599516,,
kic-003954021,2052761756364353536,25.2378,1.06769,3.22972,0.01487,2.0,2.0,,,4456.0,130.0,-0.43,0.24,291.4392127665379,39.04672471075311,15.457311,12360.109872642252,6.295002,-0.0298568007585382,0.032733787,-0.14888504587554863,0.46305191304265103,,
kic-003956689,2052773541755176960,39.34087,1.33847,4.50233,0.03226,2.0,2.0,,,4489.0,108.0,0.21,0.22,292.13326208074227,39.05914305903367,14.193804,39575.38153434451,7.445316,0.2615980476280857,0.015112179,1.0397605159587542,0.1305988728501254,,
kic-003542332,2052839856046432896,34.12393,0.81395,4.07228,0.05779,2.0,2.0,,,4616.0,116.0,0.0,0.2,290.7872633070379,38.62578802408438,13.438607,79342.102246628,11.011908,0.2735172539440506,0.011349352,0.33287144869964536,0.10009739240220522,,
kic-003848520,2052957125834990848,28.58745,2.36617,3.53822,0.05309,2.0,1.0,,,4854.0,148.0,-0.34,0.25,290.9409824326033,38.99805195224337,14.099321,43173.59233558842,6.8205795,0.1380842951691067,0.014045463,-0.4906167517707267,0.22513673773948129,,
kic-003649845,2053079515224058880,64.87154,1.62536,6.22937,0.02689,2.0,2.0,,,4513.0,107.0,0.2,0.2,292.5348658363936,38.794105847721866,13.824711,55598.42209191915,8.067153,0.3329629740384534,0.013134493,1.0975883226735448,0.09962293723749445,,
kic-004465507,2053174588621739136,29.38953,1.52537,4.04256,0.07589,2.0,1.0,,,4865.0,136.0,-0.31,0.24,291.94137572927457,39.56940066888686,14.218317,38691.884897219505,6.198547,0.1917267890836825,0.013920217,0.36529340510726804,0.16264532088158337,,
gaia-dr3-2053574879565937024,2053574879571836672,21.26599,0.6442,2.87361,0.02473,2.0,2.0,,,4649.0,140.0,-0.56,0.25,292.1944874842011,40.85564838105007,14.513275,29487.41688732916,5.0516496,0.1180983696584195,0.015080663,-0.34349988070239945,0.27920928397109107,,
kic-005962389,2053613362480702208,8.59342,0.47007,1.34171,0.0174,2.0,2.0,,,4335.0,115.0,0.09,0.23,292.49953117861503,41.29607846291184,14.178678,40130.60531014433,9.562913,0.0926957287319923,0.01789783,-1.204017776797814,0.4205444000420635,,
kic-006207259,2053635112193860352,53.84042,1.00449,5.80274,0.02806,2.0,2.0,,,4583.0,135.0,-0.33,0.25,292.56704480277676,41.54716559968185,14.474925,30547.57632775912,5.7559705,0.2078721180921778,0.015004693,0.8216902302601969,0.16089784809594906,,
kic-003869562,2073176045170668416,35.18458,2.3454,4.17754,0.58645,2.0,1.0,,,4682.0,144.0,-0.39,0.23,296.0789058908551,38.950299922027774,15.481906,12083.263840525897,3.7610805,0.0835152629961703,0.025788022,-0.3452535184385592,0.673693752379071,,
kic-003971448,2073192056809059968,18.29074,0.51453,2.47096,0.03012,2.0,2.0,,,4451.0,124.0,-0.3,0.21,295.7172675614122,39.06817724570634,15.438059,12581.235551645716,3.8228838,0.0962605259586558,0.023006821,-0.05646703326980784,0.5226569187070313,,
kic-004075596,2073196351776504832,12.59329,0.40541,1.77386,0.01812,2.0,2.0,,,4265.0,109.0,0.1,0.21,295.9747909009518,39.14924633606885,14.292095,36150.020109468685,8.864311,0.1328749077938235,0.014455056,-0.5509005319380371,0.2461077623059029,,
kic-004177906,2073199100555753472,70.43725,1.19074,6.78833,0.02434,2.0,2.0,,,4601.0,116.0,-0.3,0.21,296.0996735383535,39.28915996881432,13.855756,54031.171284155986,7.5029655,0.3598210896852171,0.01232736,1.2486434567877502,0.09441291134801338,,
gaia-dr3-2073291425170037248,2073291356450561536,34.32588,2.04784,4.03146,0.04423,2.0,2.0,,,4608.0,130.0,0.31,0.23,296.5399167188888,39.5670955839143,14.922553,20226.72294134762,5.097724,0.1596876645799296,0.01900325,0.40603466682938283,0.2704908088981605,,
kic-004673243,2073308914276842496,32.30303,0.96211,4.06209,0.03262,2.0,2.0,,,4740.0,137.0,-0.2,0.23,296.32811978394545,39.78344066409883,14.407632,32500.80848699861,6.8787565,0.1778668188386759,0.016333068,0.12523150847994202,0.21482501646540955,,
kic-004680906,2073448861497058816,46.72367,2.47155,4.79807,0.0819,2.0,1.0,,,4741.0,111.0,-0.1,0.21,297.80213000279736,39.732452603900015,12.94632,124858.67757666577,17.641714,0.3798113108413011,0.0124488715,0.3355058886195259,0.10434096694908197,,
gaia-dr3-2073471023522500992,2073471023529161728,35.78253,1.87305,4.31148,0.05755,2.0,2.0,,,4510.0,124.0,-0.06,0.25,298.08732908859685,39.86316894706092,15.037558,18193.82012526073,5.4592996,0.1485880651159945,0.02006012,0.0012784108367682734,0.32251196915673624,,
kic-004950227,2073483358675435136,7.5408,0.61957,1.39644,0.10069,2.0,1.0,,,4499.0,105.0,0.2,0.2,298.13955739032366,40.07166263546871,14.745912,23800.288595585116,6.7199593,0.0857433592976784,0.018325642,-1.217847104043674,0.47361781683044213,,
gaia-dr3-2073537750126343168,2073537956298040192,27.34411,1.09599,3.51746,0.04394,2.0,2.0,,,4627.0,110.0,-0.0,0.2,299.3518219758774,40.376728832809555,13.034218,115148.8454412894,16.286785,0.3240749156687136,0.010462785,0.24834269602246017,0.08661514074512248,,
gaia-dr3-2073547989344648064,2073547989341512704,12.29211,0.66457,1.96198,0.02788,2.0,2.0,,,4506.0,120.0,-0.39,0.23,299.237110087831,40.34258954930222,14.200425,39334.76163567431,7.834761,0.1441349494394529,0.0146237435,-0.61126847707704,0.23830423082866906,,
kic-005126925,2073576267407024384,44.06066,1.70597,4.67428,0.03677,2.0,2.0,,,4504.0,121.0,-0.59,0.26,298.46272249562475,40.21622974304722,13.89236,52239.980497430086,16.09347,0.1997973637113003,0.01620917,-0.3071176064904648,0.2052720117052067,,
kic-005038389,2073577882314461440,51.0631,2.42983,5.09121,0.03131,2.0,2.0,,,4882.0,154.0,0.15,0.26,298.2095453237186,40.16001662056288,13.3802805,83721.05437288822,11.634875,0.2788110120841292,0.011534415,0.02551173612980051,0.12519421090792934,,
gaia-dr3-2073586266081824640,2073586266091434368,68.09372,2.49722,6.48607,0.0216,2.0,2.0,,,4561.0,106.0,0.2,0.2,298.5857170341524,40.48463886075708,13.008687,117888.67066219798,17.4498,0.5333707752389267,0.012358156,1.2320658947179144,0.07966386868974472,,
kic-005477429,2073606091661441024,10.2226,0.5263,1.59191,0.02021,2.0,2.0,,,4509.0,108.0,-0.3,0.21,298.89204097331515,40.654671391535146,14.017639,46546.92426007197,10.92586,0.1321482502126889,0.014561645,-0.9583722935882655,0.2546716017883969,,
kic-005390627,2073610455347973504,27.51016,0.90948,3.21486,0.01349,2.0,2.0,,,4491.0,118.0,0.18,0.24,298.66766273468585,40.58308796662912,14.031704,45947.84037227988,7.9955664,0.210233249690814,0.01368929,0.11233583719110385,0.1624240486514843,,
kic-005477298,2073617980130923392,26.36027,0.92917,3.33226,0.01894,2.0,2.0,,,4477.0,130.0,-0.18,0.24,298.8665699336964,40.692158025543954,15.276635,14597.983423731446,4.9875355,0.092266882963191,0.023409795,-0.4552325335437448,0.5572436880715314,,
kic-005648060,2073623473377116032,50.94567,2.83781,5.26659,0.04199,2.0,2.0,,,4560.0,103.0,0.1,0.2,298.7250292997853,40.83682394891631,12.575932,175620.11454948178,26.314253,0.5910237648857236,0.010025718,0.8526383419580341,0.09465895962880155,,
gaia-dr3-2073646876648113408,2073646876659531264,30.99727,1.08857,3.93427,0.04699,2.0,2.0,,,4522.0,106.0,-0.1,0.2,297.3556781206045,39.86057818174482,12.805553,142142.96501271828,26.223001,0.5172142820869742,0.01644431,0.59881431291344,0.13521751902984336,,
gaia-dr3-2073653782954597760,2073653679887768064,25.75701,2.18824,3.43688,0.03153,1.0,2.0,,,4419.0,107.0,-0.4,0.2,297.39074134261267,39.92094003557999,13.97463,48427.7741355658,8.827075,0.269537298513243,0.012731632,0.1830819317067487,0.17492416539684585,,
kic-005211840,2073689585815309184,35.38015,2.2929,4.24142,0.07226,2.0,2.0,,,4538.0,133.0,0.04,0.25,297.78404047035167,40.36968580377405,14.935678,19983.696936089476,5.0384,0.1508344825210539,0.019400949,0.05308995745898315,0.302535722212908,,
gaia-dr3-2073693777703332992,2073693399746208512,21.32371,1.32495,2.48056,0.01792,2.0,2.0,,,4749.0,104.0,0.2,0.2,297.67607848398023,40.43437767628359,11.160897,646528.6857999839,129.0908,0.5484152409555243,0.011757628,-0.724873799840438,0.09884758831029868,,
kic-005296289,2073725594822086784,40.48858,2.60749,4.38211,0.05401,2.0,2.0,,,4553.0,132.0,-0.26,0.25,297.14398456327126,40.40052694335834,14.238109,37992.984539541314,7.134115,0.2423791501762658,0.014979508,0.31282932356954873,0.18487982713786433,,
kic-005385393,2073741842672739328,31.99211,1.38078,4.08012,0.0375,2.0,2.0,,,4715.0,125.0,-0.2,0.22,297.57861767682306,40.52838235120974,13.641687,65806.9630311205,11.498697,0.3276095728028949,0.011443678,0.4676002853646928,0.13579058468232685,,
kic-005642603,2073761019713190528,10.10112,0.6904,1.53113,0.04846,2.0,2.0,,,4490.0,102.0,0.3,0.2,297.5903553533145,40.81306093220588,14.048802,45229.909924670705,9.581041,0.1493545009120743,0.013710993,-0.6856464028824583,0.21906316882724794,,
kic-005558206,2073792287073485184,36.04981,1.46376,4.32627,0.02577,2.0,2.0,,,4635.0,117.0,-0.1,0.2,297.9108463873906,40.710138161490185,13.830785,55288.24315943968,11.48578,0.2893334097672386,0.012796217,0.3142435564586421,0.1564698139962698,,
kic-005473133,2073794451737151744,47.09003,1.09952,4.60649,0.01238,2.0,2.0,,,4597.0,115.0,-0.3,0.2,298.0680910037013,40.692535828418215,12.552931,179380.20710341758,28.777359,0.5532637917869087,0.009473605,0.6552045274716161,0.099098349789858,,
gaia-dr3-2073800670837305088,2073800670850196352,29.13095,1.62422,3.38238,0.04075,2.0,2.0,,,4504.0,139.0,0.0,0.25,298.1897095693855,40.919711683576544,16.0401,7226.142277442172,3.0359786,0.1349568596420896,0.03378443,1.0128700448930488,0.5530330409050168,,
kic-005732598,2073810463376123264,12.94833,0.27359,1.68946,0.01701,2.0,2.0,,,4490.0,101.0,0.3,0.2,298.50593879027286,40.95675187521617,12.171252,254944.5927993201,52.912437,0.3302749537365216,0.010118814,-0.6461369827388843,0.09078011020033012,,
gaia-dr3-2073817404034426240,2073817399742424576,50.49275,2.23465,5.03399,0.07586,2.0,2.0,,,4810.0,101.0,0.1,0.2,298.5609079413732,41.08694845580659,11.453077,493987.5544956804,74.69191,0.7217735145934185,0.012500209,0.28487129537682065,0.07861096304032782,,
gaia-dr3-2073827024761177472,2073827024770358784,51.2344,1.27938,5.43159,0.01846,2.0,2.0,,,4571.0,112.0,-0.2,0.2,298.35323141957855,41.11646710355071,13.68116,63457.45225809598,9.913078,0.4490820804037227,0.024452623,1.5090531693449005,0.13495519209119164,,
gaia-dr3-2073874200689072128,2073874200693135104,30.66779,1.25232,3.83681,0.08459,1.0,1.0,,,4602.0,124.0,-0.4,0.22,298.1242818168421,41.14652598789622,14.77862,23093.99245766984,5.9379096,0.1789983949131708,0.021031514,0.26777445242463394,0.2803799073652034,,
kic-005309110,2075037415277146368,33.66406,1.73071,4.11575,0.03794,2.0,2.0,,,4704.0,121.0,-0.1,0.21,299.6382325554944,40.44746775463997,13.943108,49854.438409793474,8.660251,0.168754974306536,0.015677165,-0.6539880905137405,0.22977283713941948,,
kic-005395466,2075042186969285376,29.49679,3.79196,3.77802,0.0835,2.0,2.0,,,4636.0,117.0,-0.0,0.21,299.5298417117645,40.593816729398064,13.349325,86142.34304651948,12.291882,0.315099937188994,0.01253053,0.4782425964854262,0.1021121630733366,,
gaia-dr3-2075058958817639808,2075058958833361408,45.21055,1.29786,4.92358,0.03516,2.0,2.0,,,4593.0,128.0,-0.39,0.23,299.3325288888476,40.70163025536909,14.679323,25305.643611323456,5.404047,0.2027448888233489,0.018620098,0.46320294075485435,0.2290354587597906,,
kic-005565488,2075059508589295616,12.68216,0.76591,1.74052,0.02539,2.0,2.0,,,4483.0,107.0,0.0,0.21,299.37904152505996,40.76163487089232,13.055205,112944.38971929764,18.612541,0.2204263189874789,0.011762052,-0.8340177365288195,0.14722887519216593,,
gaia-dr3-2075062429167337984,2075062429167335808,16.28946,0.88155,2.21888,0.01938,2.0,2.0,,,4454.0,129.0,-0.1,0.22,299.6045307285517,40.76492504455299,15.54206,11432.012019614474,3.9502337,0.0321976790874499,0.028568318,-2.718129873376209,1.9304284002445171,,
kic-005653888,2075073870960899840,9.7146,0.81491,1.56025,0.02252,2.0,2.0,,,4277.0,111.0,0.2,0.2,299.8527266595287,40.81463866430706,14.0869255,43669.34845462845,12.743458,0.1714693987631131,0.014480177,-0.6383406011076715,0.22737217844069665,,
kic-005824232,2075089813866101760,31.97491,2.3045,3.96248,0.03715,2.0,2.0,,,4499.0,118.0,0.04,0.25,299.76754085835466,41.017300687459986,14.593661,27383.07441784982,5.47629,0.2201093530620803,0.016161162,0.33933128274148494,0.2155976697021625,,
gaia-dr3-2075128159337491328,2075128155037191296,24.40931,0.85271,2.91663,0.01404,1.0,2.0,,,4501.0,104.0,-0.2,0.2,298.994569593481,41.03335414250794,12.113519,268868.0974884249,36.496628,0.4959756949627213,0.011657093,0.009502594706100709,0.10103580770299388,,
kic-005990831,2075133450749155712,33.14614,0.86427,3.76261,0.01994,2.0,2.0,,,4565.0,118.0,-0.2,0.2,299.3203388851048,41.22398720927128,14.099249,43176.46981303422,8.662028,0.2234591886433608,0.015033406,-0.0025158807926590754,0.1936806050160861,,
kic-006073126,2075147469523004416,28.53436,0.75791,3.70071,0.02735,2.0,1.0,,,4596.0,133.0,0.06,0.25,299.5515655306501,41.34874048296248,13.697793,62492.7570771863,10.238138,0.2762858388075668,0.012023375,0.13697188193035714,0.148955009089754,,
kic-006153656,2075163378081757696,35.96384,1.17796,4.06698,0.04492,2.0,2.0,,,4783.0,154.0,-0.12,0.26,299.353250044985,41.4549116182618,14.560965,28220.264342748294,5.6726966,0.1421492184235732,0.016404271,-0.32929579495613304,0.2691085103375065,,
kic-006550768,2075381351943478912,30.92148,0.94573,3.91334,0.02196,2.0,2.0,,,4594.0,113.0,-0.0,0.2,299.01290635238,41.973917450972095,12.081042,277031.9186538454,31.349346,0.65159440951992,0.010369039,0.7178026557382715,0.07358700984353256,,
gaia-dr3-2076001893125480192,2076001893128653440,34.9477,1.91484,4.17118,0.03558,2.0,2.0,,,4614.0,118.0,-0.2,0.22,299.53935770385255,43.71721436444739,13.58306,69458.04130075459,10.308204,0.3249016603638173,0.011212865,0.5847228744083228,0.11224613827196447,,
kic-008329300,2076068791535933824,31.695,1.81324,4.09232,0.08046,2.0,1.0,,,4584.0,135.0,0.06,0.25,300.6871189788014,44.22892613864548,13.557446,71116.2114130721,13.755166,0.3802215418604711,0.011342804,0.440322430952806,0.16577696458737046,,
kic-008329111,2076080851804096768,23.4959,1.52706,3.14206,0.03883,2.0,2.0,,,4503.0,108.0,0.4,0.22,300.6429137491974,44.272686089254634,15.037348,18197.33546816379,6.389532,0.1943501749799108,0.020447226,0.051198392471413,0.3132782777285916,,
kic-008259699,2076108133436949504,31.19865,1.34672,3.73115,0.05223,2.0,2.0,,,4523.0,124.0,0.12,0.24,299.65754483978566,44.11114932644087,14.6792145,25308.184279508285,5.3559895,0.2191349946076955,0.01787211,0.24435796984345082,0.2460166635879247,,
kic-008458171,2076130742145466752,47.51166,2.12517,4.88413,0.02332,2.0,2.0,,,4747.0,109.0,0.2,0.2,300.0828438976489,44.476440381552656,13.685952,63177.99124671134,12.641141,0.3042223098384347,0.014573142,0.20570807079931797,0.1699752401010989,,
kic-004072891,2076175925201109760,35.8063,1.79229,4.17475,0.07029,2.0,1.0,,,4747.0,153.0,-0.18,0.25,295.45052466497583,39.12748455332582,15.567562,11166.619487951162,3.3497267,0.0680872113761462,0.026024152,-0.6304342500454361,0.8317630649346179,,
kic-004173339,2076190665532133888,6.27286,0.3725,1.01861,0.01589,2.0,2.0,4173339.0,2.076190665532134e+18,4436.0,112.0,0.2,0.2,295.23675154027717,39.23040375001445,11.64123,415389.0199467348,106.13982,0.3456278469983651,0.014600905,-1.12593678261673,0.11480578655092329,,
kic-004172584,2076232240813729408,26.35161,1.18736,3.81531,0.08984,2.0,1.0,,,4569.0,138.0,-0.47,0.25,295.06560671544327,39.217733967032565,15.589366,10944.610672764036,2.8076684,0.0697157007160778,0.022962194,-0.7026345969313468,0.7192740167105758,,
kic-005024256,2076299311020177280,61.57073,1.28915,5.8345,0.02254,2.0,2.0,,,4452.0,129.0,-0.7,0.24,295.2936075042227,40.1458232023803,14.058407,44831.58143876547,19.53328,0.3061835821512005,0.0741571,1.1220508141938694,0.5287886359886365,,
kic-005024571,2076299757701054592,37.11779,1.60041,4.1944,0.02867,2.0,2.0,,,4636.0,116.0,0.2,0.2,295.33646824811507,40.15837508314756,14.2270565,38381.693653321,6.384094,0.1945174709077005,0.012876895,0.2600823867119537,0.15645742281645383,,
kic-005024250,2076299895139970816,8.52312,0.37192,1.35077,0.03336,2.0,2.0,,,4269.0,103.0,-0.0,0.2,295.29133793084384,40.15877541284523,13.611866,67639.50219173556,16.105461,0.1802958062150821,0.0108485,-0.49575149094162363,0.1430072652942276,,
kic-005024370,2076300028278728448,49.55211,2.07337,4.92458,0.06147,2.0,1.0,,,4848.0,115.0,-0.0,0.2,295.3114898786299,40.18353714482065,12.517287,185366.7505866455,21.612217,0.3701716116691914,0.008869949,0.26611892724949904,0.0538770759917692,,
kic-004671890,2076307729156799872,41.89905,1.0897,4.61696,0.02013,2.0,2.0,,,4621.0,115.0,-0.4,0.21,296.0597318248278,39.76047910680129,13.991847,47665.92396302004,9.234794,0.2628058963983616,0.013960588,0.5571473446003612,0.1403388849979965,,
kic-004671360,2076308141473554560,7.6589,0.50392,1.26043,0.02245,2.0,2.0,,,4451.0,114.0,0.2,0.2,295.9478229487539,39.72091872834698,13.212056,97751.6869229802,16.905317,0.2031700767683654,0.011381563,-0.684634060347129,0.1381109421762349,,
kic-004764518,2076312367721625856,38.5807,1.73896,4.19995,0.02384,2.0,2.0,,,4620.0,121.0,-0.31,0.22,296.23496057424785,39.829738743047415,13.80893,56412.40689182604,9.2134495,0.2704488770852421,0.013514478,0.41225913352073995,0.1369576842462332,,
kic-004763025,2076321812345274624,19.58358,0.54683,2.59919,0.02594,2.0,2.0,,,4510.0,103.0,-0.2,0.2,295.940805166108,39.88487161184405,12.447489,197674.809063114,28.899828,0.4301199219105413,0.010711953,0.25211280488984933,0.0767771136492196,,
kic-004851196,2076324840306833152,28.31231,1.17305,3.69643,0.04301,2.0,2.0,,,4511.0,106.0,-0.2,0.2,295.8295822519437,39.92025625012214,13.818032,55941.46348857642,14.392266,0.2682436991728794,0.011680146,0.5489124629274027,0.11293883281094651,,
gaia-dr3-2076385553959760384,2076385549664847872,52.02871,2.86209,5.47955,0.05513,2.0,2.0,,,4502.0,112.0,0.1,0.21,295.7818005524199,40.283848755549954,14.573564,27894.67714575161,6.3479633,0.1976339187175472,0.017805954,0.6168826261190503,0.20628156963732178,,
kic-005200392,2076394693656870400,7.55412,0.37056,1.41088,0.05374,2.0,1.0,,,4459.0,123.0,0.1,0.22,295.3993570223766,40.31920862951425,14.772185,23231.245130325573,5.535297,0.0560169950756404,0.018074697,-1.8737615743490927,0.7030645511113466,,
gaia-dr3-2076397717307156352,2076397717314078976,28.59312,0.97792,4.19064,0.12282,2.0,1.0,,,4753.0,138.0,-0.73,0.25,295.7312574727597,40.3462731820273,14.022857,46323.78735234985,7.205689,0.1893081723541012,0.014573581,0.021158197957509728,0.17698653492582148,,
gaia-dr3-2076489556590522496,2076489556584394240,18.90188,1.01564,2.54957,0.0333,2.0,2.0,,,4547.0,152.0,-0.14,0.26,295.01999122364737,40.165089725528304,16.23757,6024.466855394398,2.807217,0.0610812061196819,0.036707565,-0.12355116862266513,1.3057034975316415,,
kic-005106792,2076534743947839104,52.97968,1.3462,5.40857,0.01991,2.0,2.0,,,4576.0,112.0,0.0,0.2,293.91905119658105,40.239299300525786,14.457339,31046.38328378657,5.524271,0.1963636183986743,0.015068598,0.6562065411771236,0.171360735124152,,
kic-005200143,2076582263463928064,64.38344,1.06777,6.44851,0.01639,2.0,2.0,,,4471.0,132.0,-0.28,0.24,295.34738098789677,40.30356979819542,15.563721,11206.1990267993,3.419333,0.1408414160259208,0.023793722,0.9198272987469451,0.37142559861759195,,
kic-005200359,2076582366543185664,44.03622,0.85277,4.54771,0.01836,2.0,2.0,,,4653.0,113.0,-0.1,0.2,295.3926310604657,40.32914260515256,13.1175165,106644.9004081713,13.439614,0.3390595949713345,0.009721218,0.3813510790100558,0.08517896564442887,,
kic-005200206,2076582400902899712,28.62243,1.12554,4.02123,0.09279,2.0,1.0,,,4771.0,148.0,-0.5,0.26,295.36211203675,40.31996837892155,13.906389,51569.27127523119,7.412328,0.2311369727065824,0.012602538,0.33819048881372993,0.13189893083163318,,
kic-005546841,2076599134095940480,26.49135,0.64462,3.94834,0.16914,2.0,1.0,,,4809.0,155.0,-0.79,0.27,295.4988816171657,40.78572285062466,15.171932,16075.853365971532,4.2924333,0.0954523330783032,0.022504756,-0.36512404367406504,0.516127274384554,,
kic-005717573,2076615450671919488,28.62374,1.54815,4.13269,0.05489,2.0,1.0,,,4288.0,119.0,-2.75,0.4,295.32615446961927,40.901503581262766,13.621384,67049.13001204848,54.3884,0.4267840133910352,0.16674146,1.3122143028526327,0.8511830620456112,,
gaia-dr3-2076666616623492224,2076666410464841344,54.39862,1.60798,5.62058,0.02729,2.0,2.0,,,4513.0,116.0,-0.09,0.22,295.00455868680586,41.01339987223617,14.554256,28395.15019201145,5.8788414,0.2438841923523737,0.016716361,1.0784070747962105,0.16114459606055273,,
kic-005888247,2076688538136948864,24.92488,1.15933,3.3518,0.04583,2.0,2.0,,,4628.0,112.0,0.2,0.2,295.28890403335384,41.12964603048065,13.812358,56234.60043003975,8.71949,0.2293716744834544,0.011887685,0.2759545379595174,0.12350243366597044,,
gaia-dr3-2076754096506856704,2076754096517155584,55.75361,1.11358,5.56085,0.01418,2.0,2.0,,,4501.0,104.0,0.32,0.24,296.6589713509907,40.83171914495906,13.152373,103275.4911102075,16.947083,0.5764311444215765,0.010585911,1.1810189570874048,0.12291275012227733,,
kic-005812251,2076770383034053504,31.36635,0.66878,3.63991,0.01832,2.0,2.0,,,4485.0,109.0,0.1,0.2,297.37466889739034,41.06680722191512,13.017358,116950.90674501844,20.18244,0.44961470642936,0.012311359,0.7244637612239444,0.10255960624391941,,
gaia-dr3-2076825702213700096,2076825702213700224,33.55516,1.3338,4.1047,0.07166,1.0,1.0,,,4795.0,160.0,-0.61,0.28,296.27666264822466,41.303699953308886,15.439204,12567.965733091003,3.432465,0.0614238068648186,0.02421435,-1.030879538628458,0.8582582102003729,,
kic-005893867,2076833467514757888,29.74775,1.31948,3.9427,0.02375,2.0,2.0,,,4667.0,110.0,0.1,0.2,296.5980422399135,41.18916978230504,11.881869,332812.1243134554,41.995495,0.6738919443631167,0.009317492,0.5680884089757807,0.0747999175500136,,
kic-006059870,2076846283697452416,29.88658,2.47759,3.81737,0.01895,2.0,2.0,,,4675.0,131.0,-0.71,0.23,296.6000156420872,41.31645736493593,14.659485,25772.286963164195,5.9370337,0.1581718325954599,0.017892506,-0.023074042686861418,0.26587111190735496,,
gaia-dr3-2076853945915967232,2076853945919368320,47.22683,2.63552,4.9023,0.04836,2.0,2.0,,,4912.0,139.0,-0.19,0.23,296.57190475632194,41.567280583854455,13.709291,61834.38623040277,9.626859,0.2515857264683148,0.013857217,0.22828903822802715,0.13994723338800907,,
kic-006306956,2076915896525063296,31.26118,0.85916,3.74461,0.01554,2.0,2.0,,,4510.0,125.0,-0.48,0.24,297.60104797428176,41.61463198977352,14.391324,32992.65105433557,7.397566,0.2505315422169133,0.015641797,0.2472208417680335,0.21803740061144714,,
gaia-dr3-2076920191485083648,2076920191492758144,7.85859,0.71081,1.28341,0.02645,2.0,2.0,,,4250.0,100.0,0.3,0.2,297.6721628922893,41.892794888303655,13.928502,50529.58581628052,16.500933,0.183805644743633,0.013207287,-0.5247950078231778,0.19458376336467453,,
gaia-dr3-2076923318221147136,2076923318228924928,23.28584,1.21367,2.98662,0.01584,2.0,2.0,,,4398.0,115.0,-0.1,0.2,297.59583664333024,41.90128121417341,13.98022,48179.12088782213,11.195057,0.2579742454008838,0.013115041,0.26301052300525285,0.1603254943438553,,
kic-006629690,2076928128592413952,20.15878,0.96156,2.66103,0.05593,2.0,2.0,,,4900.0,160.0,-0.35,0.25,297.77615204959505,42.00004253885024,14.622516,26664.933094536977,5.7581377,0.0976245415681145,0.0180498,-0.962564142739847,0.4093630003119231,,
kic-006629226,2076931392767533696,32.38857,1.24003,4.10152,0.06653,2.0,2.0,,,4671.0,138.0,-0.12,0.24,297.6874097862487,42.05230584527833,13.472279,76919.28444654655,10.661728,0.3238702424202494,0.011272295,0.3943726551183655,0.12097750140624337,,
gaia-dr3-2076933901021801088,2076933901028710272,37.66369,1.02597,4.28378,0.08262,2.0,1.0,,,4729.0,122.0,-0.1,0.21,297.07170436299293,41.483886821305184,14.70498,24714.678602053093,5.8719034,0.1613951211585545,0.017651703,0.11467043444925906,0.2555903166725027,,
kic-006057388,2077010969919702016,10.31902,0.91886,1.61547,0.02013,2.0,2.0,,,4320.0,103.0,0.2,0.2,296.02020636442995,41.29927450860156,12.379407,210467.0555223755,38.577843,0.4131746090476103,0.012140411,0.1451943358180685,0.0793850055171709,,
kic-006621309,2077116316879973760,70.15654,1.94964,6.81948,0.02558,2.0,2.0,,,4673.0,122.0,-0.3,0.21,295.91370195075143,42.065833007503635,14.664305,25658.12709534455,5.0519214,0.2155054346084338,0.016387712,0.9440505178540679,0.17505947865967092,,
kic-007135707,2077201597748775808,22.68452,0.67916,2.81947,0.01407,2.0,2.0,,,4548.0,115.0,-0.0,0.22,296.6590219800767,42.66815521705339,14.269852,36898.26542647411,7.106247,0.1832873660740838,0.014362941,0.00419627278352408,0.19120393006809047,,
gaia-dr3-2077203075210896384,2077203075217442944,30.79176,1.27312,3.96473,0.0239,2.0,2.0,,,4629.0,113.0,0.0,0.2,296.48788880625335,42.60261493956517,13.584258,69381.49657738899,10.643489,0.3480169513858686,0.012033835,0.5656120184258455,0.1323567132320543,,
gaia-dr3-2077298492202234496,2077298492209341056,31.96914,1.15722,4.13575,0.08126,2.0,1.0,,,4746.0,180.0,-0.46,0.29,294.17769692906046,40.70463824619588,15.910941,8138.984839814574,2.776753,0.0833091633979677,0.028115122,0.223745677011415,0.7341229747241403,,
kic-006445574,2077659097663143296,22.53497,0.6866,2.82591,0.01759,2.0,2.0,,,4578.0,119.0,-0.09,0.22,292.72337397042406,41.878527145083254,14.046685,45318.21177088868,7.5452037,0.1593955104249368,0.013238173,-0.15892896800840006,0.18328642285206462,,
kic-006366602,2077659849274700928,57.64648,1.05002,5.92013,0.02526,2.0,2.0,,,4590.0,103.0,-0.1,0.2,292.65008974042723,41.79436937877833,12.937273,125903.44938229016,18.838533,0.4389057075782255,0.013247023,0.931134750556982,0.07324379114205092,,
gaia-dr3-2077724724760476800,2077724720458906368,22.31568,0.6629,2.76989,0.01626,2.0,2.0,,,4551.0,105.0,0.0,0.2,293.8846460136651,42.33971090955915,13.146782,103808.77373373944,16.675673,0.2688288703252685,0.009849614,0.003502346034256476,0.09072358657944903,,
gaia-dr3-2077730806429136640,2077730806435948032,32.33177,1.40642,4.11423,0.04126,2.0,2.0,,,4949.0,159.0,-0.23,0.25,293.457871934013,42.21753180528193,14.916232,20344.817458336987,4.46478,0.1248542482398382,0.018433163,0.13181103020811413,0.32307224501654414,,
kic-006888774,2078451055276047360,31.25615,1.01784,3.75844,0.03301,2.0,2.0,,,4522.0,110.0,0.5,0.2,298.22894934961107,42.37111695009204,12.15689,258339.47879076423,33.79316,0.6209542656448997,0.0093905,0.6619776613348076,0.07644439246571234,,
kic-007469961,2078528738340828800,35.35321,2.29701,4.22485,0.0377,2.0,2.0,,,4719.0,181.0,-0.49,0.29,298.0333560280332,43.018133186525034,16.707159,3909.1549412649015,2.0951457,0.0697601950711384,0.040291425,0.2712142559867381,1.2580089340205516,,
kic-007768162,2078777953825441408,53.53735,1.92633,5.76345,0.02164,2.0,2.0,,,4518.0,135.0,-0.41,0.24,296.5845166493709,43.43427240542069,15.877972,8389.923388847421,2.8282537,0.1133473490477867,0.028398313,0.6898184240677345,0.5484080249976614,,
gaia-dr3-2078836777686971648,2078836777695594240,26.41689,0.87479,3.19573,0.01633,2.0,2.0,,,4500.0,110.0,0.13,0.24,297.56932697997325,43.587826785006925,13.622151,67001.74680097972,11.732901,0.319012324008159,0.013745442,0.5114267280589857,0.1329572183863121,,
kic-008191445,2079019434066752256,41.3238,1.01508,4.65085,0.0207,2.0,2.0,,,4345.0,121.0,-0.36,0.25,299.3386498074535,44.09912630529305,14.462146,30909.248993635927,6.7226176,0.3256586792253703,0.015329488,0.7664361325673656,0.21480726301087902,,
kic-008710227,2079113614111295872,16.95071,0.74309,2.33929,0.01561,2.0,2.0,,,4482.0,115.0,-0.2,0.2,298.5351110570146,44.8947960534428,13.909404,51426.27292042598,11.85252,0.2311255435563362,0.012161668,0.0019957546060389575,0.1579117438510391,,
kic-008707433,2079288775749417856,52.29573,1.5203,5.62129,0.02865,2.0,2.0,,,4560.0,101.0,-0.3,0.2,297.8323411329721,44.8283965680356,12.186352,251423.6116934344,35.315655,0.7411163687587007,0.0087174205,1.0513520751203984,0.0770233273721534,,
kic-009543045,2079524144263233408,97.70109,6.11225,8.87257,0.0908,2.0,2.0,,,4392.0,118.0,-0.0,0.21,297.8251162450825,46.12727778073588,15.322173,13998.371767154382,3.7509127,0.1790695059252406,0.021157324,1.1028492244677963,0.26665454469350897,,
kic-009542889,2079525209415117184,38.28109,1.00699,4.39899,0.03917,2.0,2.0,,,4770.0,102.0,-0.2,0.2,297.7749901600979,46.17269041982245,11.403998,516829.4002766285,82.102295,0.695307436419866,0.010772539,0.2757799838550543,0.060985000324428926,,
kic-008570501,2079657322607770752,26.21979,1.06334,3.41869,0.04623,2.0,2.0,,,4530.0,126.0,0.22,0.24,295.6815747323442,44.59894569132437,14.50032,29841.367466830372,5.8065653,0.1678200948382381,0.015646216,0.2612158243851006,0.20965806013422075,,
gaia-dr3-2079781945380019456,2079782009797580928,13.17302,0.42156,1.72701,0.01618,2.0,2.0,,,4510.0,100.0,0.0,0.2,295.827827983598,45.2958620785213,11.65453,410331.46315407933,72.7736,0.3878292805240731,0.01018378,-0.7171478155413151,0.07404136469144551,,
gaia-dr3-2079913130854587776,2079913130858710400,43.09518,0.88748,4.80088,0.02181,2.0,2.0,,,4639.0,134.0,-0.52,0.24,294.05907464316317,45.082535829401714,15.086456,17392.59246457477,4.581195,0.169820169370653,0.021836229,0.8972999610213428,0.28381296234931563,,
kic-009291500,2080005730353108864,24.62329,0.73767,3.07737,0.04188,2.0,2.0,,,4820.0,106.0,-0.2,0.21,295.86819407883337,45.72734199096157,12.111642,269333.2612612514,39.737766,0.411995028729204,0.00946705,0.08921547474754199,0.051970883694848695,,
kic-009289608,2080017683239370368,28.59556,2.95227,3.59122,0.25996,1.0,1.0,,,4839.0,205.0,-0.33,0.3,295.2134417967864,45.76091342282219,16.658672,4087.688640328112,2.459872,0.06845152993828,0.049114898,0.5207070084523568,1.5587766919023844,,
gaia-dr3-2080027514422565504,2080027514427713408,52.96784,1.26649,5.68442,0.01865,2.0,2.0,,,4519.0,113.0,-0.2,0.2,295.4659141514471,45.9908355176347,14.223726,38499.60858669465,6.6117644,0.2477589333516191,0.013842038,1.0000998054530488,0.12475137402704144,,
kic-009726617,2080285178105988992,35.09725,1.1097,4.15621,0.04421,2.0,1.0,,,4679.0,144.0,-0.08,0.24,297.7677660358713,46.437320551135926,14.121195,42312.50612642044,7.0679984,0.2147312346454787,0.013684373,0.5142335157932507,0.14403906007160105,,
kic-009657893,2080454051919725440,31.69566,1.29059,3.89903,0.03366,2.0,2.0,,,4622.0,136.0,0.02,0.24,295.29746802052676,46.35368675717274,13.158002,102741.486721252,14.975402,0.3055387574014713,0.009498237,0.3895607325728321,0.0734960839976398,,
gaia-dr3-2082071918852255744,2082071918862944640,18.49488,0.88578,2.39747,0.02402,2.0,2.0,,,4479.0,106.0,0.1,0.2,300.9093008907532,44.305701870850726,13.205652,98329.99695531368,22.903421,0.4000273518372647,0.009927,-0.1645308916657715,0.2139908292253242,,
gaia-dr3-2082094488906257920,2082094493211194240,46.0504,1.29582,4.83904,0.0377,2.0,2.0,,,4500.0,109.0,-0.19,0.23,300.57477439200346,44.678199577262035,13.645533,65574.29245206773,17.551895,0.3525291129179296,0.016495066,0.5095303731136074,0.16562409373544162,,
kic-008781997,2082152939127658368,38.56659,1.38638,4.4158,0.04644,2.0,1.0,,,4633.0,140.0,-0.26,0.25,300.6052219086568,44.965161631483994,14.217531,38719.91717719996,8.936289,0.2225888653468754,0.014092886,-0.2560317768361706,0.2278220282015452,,
kic-009117940,2082200802243821824,41.17374,1.90533,4.53721,0.04671,2.0,2.0,,,4529.0,124.0,0.01,0.23,300.46228223641907,45.479302983596995,14.899195,20666.59493866931,5.8188176,0.1534028593402261,0.017134342,-0.33427448347007527,0.29873210884442863,,
gaia-dr3-2085219648853902080,2085219648853903232,35.85892,1.83717,4.09098,0.02283,2.0,2.0,,,4473.0,115.0,-0.2,0.2,300.0063395375665,45.65134818640479,13.834466,55101.12049194615,10.885697,0.3316747318933575,0.011847759,0.5660503660886409,0.15206734616255546,,
kic-009429839,2085313966335658496,32.79478,1.2383,4.10312,0.05583,2.0,1.0,,,4723.0,143.0,-0.42,0.24,300.4431539208833,45.98693982504511,14.8051815,22535.85321594006,5.36994,0.1611812182105466,0.019094655,0.042440958508199955,0.28381644705596,,
kic-009552638,2085317775964234880,40.03437,1.68243,4.42974,0.04989,2.0,2.0,,,4666.0,112.0,-0.1,0.2,300.5488829402295,46.11556736088225,12.810694,141471.60493039386,21.648178,0.4349674383570837,0.010575869,0.30055136057164233,0.11785232526026305,,
kic-009612980,2085331902119005440,21.0552,0.87189,2.60136,0.0241,2.0,2.0,,,4493.0,108.0,0.5,0.2,300.13347650535565,46.232730818005464,14.762561,23438.09228552959,7.937873,0.1361098818489208,0.01851922,-0.31886034679898323,0.3161926704779939,,
kic-010427292,2085696768181437056,26.14519,0.82416,3.31795,0.04508,2.0,2.0,,,4577.0,140.0,-0.34,0.25,299.30019986484734,47.50584152495576,15.176404,16009.7736589721,4.317714,0.1303146378858427,0.020669283,0.1942732284564439,0.3544111284093794,,
kic-010424354,2086436017950874368,69.56113,1.28276,7.10242,0.03223,2.0,2.0,,,4489.0,126.0,-0.82,0.25,298.50280041557386,47.51894037993407,15.197007,15708.835873443057,4.3833857,0.2395610548520138,0.022246389,1.6823208989269496,0.21089719492400003,,
gaia-dr3-2086469965372568192,2086469965372568960,29.23449,1.15031,3.84498,0.05246,2.0,2.0,,,4644.0,113.0,-0.5,0.21,298.5897333595477,47.85487019436367,12.729789,152416.18313960574,27.896183,0.4401600980976226,0.010714925,0.6329615608536532,0.07088839658235341,,
gaia-dr3-2086517553604116480,2086517549309594880,22.14141,1.09088,2.76003,0.02792,2.0,2.0,,,4524.0,109.0,0.1,0.2,297.9180787205068,48.13363403791645,12.278223,231024.2253748924,29.443933,0.4410993151483082,0.008515556,0.23446732733996178,0.05791922156208869,,
kic-011570959,2087214128583302528,59.33693,2.36453,6.01858,0.01792,2.0,2.0,,,4446.0,120.0,0.2,0.22,297.1589812667116,49.54993259540736,14.764395,23398.545174543506,4.7741537,0.2144742372464259,0.015782386,1.0821682724789188,0.16769150957837878,,
gaia-dr3-2100398265136519936,2100398269431281920,57.73304,1.88757,5.94745,0.02002,2.0,2.0,,,4598.0,135.0,-0.13,0.24,286.7371788471235,39.24872428857903,14.846829,21687.776397977108,4.706651,0.1829116958929679,0.017013367,0.8673771927061136,0.20662974195778122,,
kic-004639304,2100467366865737984,31.64458,1.26885,4.02737,0.04186,2.0,1.0,,,4716.0,158.0,-0.25,0.25,286.60166705503724,39.70979330191688,14.055524,44950.782951313406,8.535166,0.1998287048462279,0.011999962,0.243932579594496,0.13869021491095618,,
gaia-dr3-2101355840974897280,2101352886044177792,28.50874,1.70112,3.83278,0.05943,2.0,1.0,,,4697.0,122.0,-0.4,0.21,289.607333059778,40.333998522731726,14.325967,35039.68484116658,6.850925,0.1713390307561232,0.014389039,0.25303255298682004,0.18594432223322768,,
gaia-dr3-2101364980665613184,2101364980672234496,28.88445,1.4555,3.60909,0.02407,2.0,2.0,,,4511.0,105.0,0.2,0.2,289.73380130994224,40.568585515355664,14.078449,44011.57850202573,7.814325,0.2334782692146996,0.013556076,0.6290221367997724,0.13340444888510233,,
kic-006283696,2101709746288142848,33.47104,2.12486,3.85587,0.0162,2.0,2.0,,,4648.0,129.0,-0.3,0.22,291.35006876795717,41.67662315788136,15.0314865,18295.83004393718,4.4449654,0.1008075985803782,0.018703071,-0.09637674868996271,0.4034678169732536,,
kic-006200764,2101801108831430272,10.05126,0.55266,1.61402,0.02986,2.0,2.0,,,4347.0,121.0,-0.07,0.25,290.4358444163348,41.553385997275385,14.630516,26469.1654980846,5.4473233,0.1013437373088886,0.015954802,-0.5100506138787502,0.3428052160757348,,
gaia-dr3-2102214971873136640,2102214971879320064,31.20062,2.08335,5.50966,0.14323,2.0,1.0,,,5592.0,175.0,-1.77,0.32,288.76950495672236,41.32290468941034,15.342276,13741.577530790288,4.153714,0.1103473335181257,0.021145372,0.5076420137712887,0.41617323558929553,,
kic-008018858,2103020192348098176,162.66195,2.00348,13.17425,0.02193,2.0,2.0,,,4518.0,127.0,-0.04,0.25,288.00195366990584,43.877508041862214,14.644281,26135.710904903684,4.811513,0.347087058928129,0.016217507,2.2738083096439574,0.10204517946635827,,
gaia-dr3-2103085578924532224,2103085578929083648,32.02054,0.89762,3.76705,0.01673,2.0,2.0,,,4472.0,120.0,0.0,0.22,289.0223661878968,44.10054560783819,14.325656,35049.706578278754,6.45872,0.2202303526635144,0.015428078,0.870490677508279,0.15423241588286168,,
gaia-dr3-2103377323174128000,2103377327466931072,19.24406,0.67872,2.64772,0.02011,2.0,2.0,,,4525.0,115.0,-0.21,0.23,285.08067489073807,40.20737198555565,14.047132,45299.566023281615,8.192799,0.1917799111512061,0.013983374,0.025158781611487768,0.1713048845336347,,
kic-005686860,2103461302668043648,18.74271,0.95784,2.4663,0.02066,2.0,2.0,,,4505.0,108.0,0.2,0.2,284.8202963147113,40.951949934715806,13.445725,78823.64915186695,12.358301,0.2439469757005267,0.010048616,0.13998621575520964,0.09654436290087955,,
kic-005773074,2103826817266483328,25.7769,0.80441,3.0656,0.03437,2.0,2.0,,,4484.0,117.0,0.1,0.2,285.31174922460553,41.030664820594296,13.916636,51084.832760930345,8.289259,0.2035098296450694,0.012290651,0.2657901460228853,0.13432513583039202,,
gaia-dr3-2104353350194543616,2104353350194543616,12.09778,0.57914,1.78059,0.01808,2.0,2.0,,,4614.0,125.0,-0.59,0.23,283.2985043512709,40.98344157617285,12.778405,145741.93640587517,23.892962,0.2726125110842166,0.010467931,-0.35874687253960147,0.09582989781324895,,
kic-006950424,2125752251656271360,7.41482,0.60425,1.28353,0.01804,2.0,2.0,,,4398.0,111.0,-0.3,0.21,292.39386377303856,42.481792371949474,14.47524,30538.71864732816,6.3299065,0.0667348737605133,0.014327286,-1.7178765719845899,0.4685792264074953,,
gaia-dr3-2126164156198783744,2126164156198784000,50.501,0.87711,5.23551,0.02122,2.0,2.0,,,4691.0,155.0,-0.34,0.25,291.7884189258257,44.076174153849784,15.098801,17195.964370487814,4.3595395,0.1243345490748957,0.020710342,0.32954414205814686,0.3635213397497404,,
kic-008364177,2126228340190597888,32.6807,0.99247,4.11828,0.04396,2.0,1.0,,,4835.0,130.0,-0.02,0.24,291.29448537778,44.32332587193659,14.309133,35587.19506320027,5.716203,0.189713936434009,0.01371018,0.43319158709579497,0.16193650052686484,,
gaia-dr3-2126392648457631488,2126392648460554752,20.60288,0.6756,2.69934,0.03248,2.0,2.0,,,4454.0,117.0,-0.1,0.21,292.4760680359731,44.70998156962729,14.343738,34470.827672721716,6.2528048,0.1717521099688082,0.014096512,0.15492441875592533,0.18636951485601366,,
kic-008093368,2126865369739248896,28.83158,0.88403,3.53691,0.01748,2.0,2.0,,,4542.0,111.0,-0.4,0.2,290.3371903347257,43.999594341914,14.183113,39966.99161947094,6.933747,0.2130793067177205,0.013447182,0.48671698796864504,0.14617462236362055,,
kic-008161624,2126867190805412352,47.95439,1.8191,5.2692,0.02903,2.0,2.0,,,4727.0,147.0,-0.29,0.24,290.3391037569129,44.07096906668017,14.863455,21358.205678661776,4.6702614,0.1741532175696361,0.018396445,0.8016749232814213,0.23283637371494129,,
kic-008747893,2127058230950752768,29.57996,1.29801,3.991,0.07565,2.0,1.0,,,4715.0,145.0,-0.29,0.24,289.62157873524995,44.94561366275014,14.8477745,21668.900175384988,4.647643,0.1103195085014029,0.017658189,-0.18117988466387125,0.3494685543036375,,
kic-008880184,2127065893172025856,13.99754,0.57249,2.00937,0.01823,2.0,2.0,,,4291.0,119.0,0.18,0.24,289.86093953466246,45.186212838435225,14.3580065,34020.782108111394,8.5152235,0.1569536145797615,0.0149636865,0.09464713278916648,0.2101885608883972,,
kic-009827952,2127627159498442752,30.74453,1.76172,4.02932,0.06839,2.0,2.0,,,4803.0,132.0,-0.72,0.25,290.5191083804739,46.69925523926041,14.155252,41005.8560768822,35.264614,0.1295157323320687,0.05255946,-0.4042433602582296,0.8814043524992241,,
kic-009764553,2127754702847090048,49.84908,1.19154,5.39594,0.01383,2.0,2.0,,,4679.0,128.0,-0.3,0.21,289.11615679329935,46.598606032145995,14.420786,32109.419874681633,6.1554694,0.2079148690027459,0.017412756,0.8406625510416621,0.18362948077225602,,
kic-011298231,2129703930804013312,108.26934,2.08946,9.39834,0.04916,2.0,2.0,,,4654.0,114.0,-0.6,0.22,292.49458477679696,49.096306207859,14.601153,27194.779223871745,5.6411543,0.2163594996274958,0.017412746,1.155924853853362,0.17570322171120387,,
kic-011342886,2132743118381355264,56.77584,1.14158,5.47301,0.01818,2.0,2.0,,,4659.0,119.0,-0.2,0.21,287.86194349090164,49.19523325810158,13.699272,62407.63232475951,8.887827,0.2673696882110431,0.01287546,0.6410600403293039,0.10853398276874825,,
kic-011756799,2132883787149385088,32.64877,2.04702,3.8424,0.08025,2.0,2.0,,,4638.0,145.0,0.03,0.25,288.21493155131947,49.961609059593194,15.325307,13958.030605948486,4.1492853,0.0590097165040438,0.020966267,-1.0380697509401973,0.7722210584766522,,
gaia-dr3-2134854627386396800,2134854627385684480,44.79024,1.1904,4.95198,0.01494,2.0,2.0,,,4524.0,113.0,-0.2,0.21,296.0963236782995,49.24946916934884,14.033364,45877.61895262275,7.5406947,0.2104772603629372,0.013796814,0.3829523208940451,0.1478446869396628,,
gaia-dr3-2136207232844894592,2136207198484232576,45.01483,2.22949,7.40427,0.21515,2.0,1.0,12406750.0,2.1362071984842327e+18,5335.0,119.0,-0.4,0.22,290.85420105677406,51.25299645255475,12.231945,241084.16298035195,43.987476,0.5968447756979175,0.010282996,0.8448143936375914,0.05474449862374501,,
kic-003110503,2051366682266279424,34.31816,1.62716,4.0576,0.17446,1.0,2.0,,,4628.0,116.0,-0.4,0.2,289.9270630867392,38.28396675907518,13.718153,61331.7703903388,8.526735,0.2465468848883032,0.012955837,0.4596559079639064,0.1187019119911759,1.0,1.0
kic-001872417,2051723576869172224,31.42704,1.56052,3.74603,0.22477,1.0,1.0,,,4620.0,120.0,0.0,0.22,292.3412419154572,37.32323947358304,14.24905,37612.016974316924,6.370264,0.1522664622979024,0.014272873,-0.1528089426237606,0.2089537523874326,1.0,1.0
kic-002163629,2051741169055206784,55.02979,4.99372,5.68785,0.06673,1.0,1.0,,,4514.0,111.0,0.0,0.21,292.1779559889283,37.51065326760522,13.970928,48593.20992139967,8.046409,0.2895974542664907,0.012519308,0.8439134651082973,0.1144075204659352,1.0,1.0
kic-002856174,2051911284120595584,17.72653,2.31776,2.34047,0.04022,1.0,2.0,,,4568.0,112.0,-0.1,0.21,292.2203009876488,38.09192698139292,13.607273,67926.2509371494,10.223885,0.1996238184746017,0.012144729,-0.1823240556515308,0.1391167314479172,1.0,1.0
kic-003238256,2051941177093700992,7.273,0.4192,1.27091,0.02205,1.0,2.0,,,4459.0,106.0,-0.0,0.2,292.2550086458307,38.338788664000575,12.165891,256206.613125591,52.992546,0.3238894539626155,0.010458063,-0.5485628001119061,0.0807054343903358,1.0,1.0
kic-003246091,2052070434137218176,15.98745,0.86767,2.29182,0.01582,1.0,2.0,,,4750.0,100.0,0.5,0.2,294.1442205339172,38.30023052669016,12.382348,209897.54257040613,23.05413,0.4137308001419323,0.00974233,0.0461461044986162,0.0811149447688906,1.0,1.0
kic-003559941,2052140601018026240,47.58964,2.13919,4.91062,0.03629,1.0,2.0,,,4547.0,129.0,0.03,0.24,295.18613028686497,38.651576215757395,13.453312,78274.76896244563,10.2878685,0.3374691492491953,0.012779852,0.77960193234094,0.0948322633466729,1.0,1.0
kic-003555296,2052183104015238528,35.7802,2.82822,3.90307,0.0474,1.0,1.0,,,4541.0,110.0,-0.2,0.21,294.11237201364065,38.636434674087546,12.730602,152302.0481300659,191.698,0.0097728482764877,0.18519075,0.4636726379394531,0.3008164220639109,1.0,1.0
kic-003116291,2052585284746267904,9.00075,0.76461,1.47707,0.06056,1.0,1.0,,,4499.0,105.0,0.25,0.25,291.3966748230197,38.23183358339988,12.846096,136933.05379277622,23.44279,0.1904485378799441,0.011028377,-1.0214532775757643,0.1319428463245797,1.0,1.0
kic-004465450,2053174210664601472,21.03434,1.21301,3.25382,0.05934,1.0,1.0,,,5016.0,130.0,-0.41,0.23,291.92787630776695,39.52254786854161,14.4542,31136.275494676214,5.1934676,0.125332681124836,0.015085857,-0.2976946681533299,0.2638857485721981,1.0,1.0
kic-004752257,2053231591426535936,51.03662,2.0447,4.88272,0.09438,1.0,1.0,,,4847.0,149.0,-0.1,0.25,293.4033597391404,39.83418691907988,14.419616,32144.04800072005,6.2272196,0.1411896257590091,0.016021064,-0.0978078495931384,0.2496214391989657,1.0,1.0
kic-005709131,2053549075408082048,57.66903,2.83741,6.10065,0.01636,1.0,2.0,,,4562.0,111.0,-0.4,0.2,292.9419289730546,40.931445001498574,14.322669,35146.249667238524,5.7738175,0.2440912701211893,0.016329944,0.9697713145986137,0.1516750458585226,1.0,1.0
kic-004180990,2073234903398159104,7.77168,0.64924,1.44182,0.06668,1.0,2.0,,,4451.0,127.0,0.22,0.24,296.65947017561007,39.20649950828022,14.803602,22568.65615104237,5.848691,0.0975405627602211,0.017502291,-0.9044546128992668,0.401799481784642,1.0,1.0
gaia-dr3-2073541323539522304,2073541319242386176,20.40812,1.14177,2.72748,0.06131,1.0,2.0,,,4424.0,111.0,0.0,0.2,299.121614018583,40.24055450793637,12.09375,273808.4597154555,32.61909,0.5647732425270495,0.008873316,0.3929097638250596,0.077002070009154,1.0,1.0
kic-005307021,2073550463242739968,6.96376,0.56148,1.17052,0.02681,1.0,1.0,,,4447.0,143.0,0.31,0.26,299.2481211948977,40.42147910255239,15.101771,17148.978426521317,5.156384,0.0722617964421901,0.021031132,-1.281889411708935,0.6401225932025006,1.0,1.0
gaia-dr3-2073562798390143616,2073562798389496320,34.32275,1.68715,4.12786,0.04718,1.0,2.0,,,4639.0,115.0,-0.1,0.2,298.4721315241136,40.09085479057555,13.987132,47873.377053219214,7.8871136,0.2478383739968712,0.013694109,0.400878346782024,0.1462154947980443,1.0,1.0
kic-005556280,2073760916633906432,81.82468,3.83392,8.05344,0.05651,1.0,2.0,,,4455.0,126.0,-0.5,0.22,297.53541455918645,40.789373943435045,15.101263,17157.012584492637,4.2327185,0.2599530261481197,0.020099942,1.521754317512077,0.1944583683112155,1.0,1.0
gaia-dr3-2073776344155148800,2073776344155147520,49.44037,3.23882,4.91286,0.09938,1.0,1.0,,,4621.0,130.0,-0.29,0.23,298.3415677846102,40.50294843943874,14.762901,23430.759407500525,5.0591083,0.1216640170239059,0.017919734,-0.3683844170797279,0.3305698804679561,1.0,1.0
kic-005814631,2073852382258153856,45.58747,4.77284,4.87155,0.23595,1.0,1.0,,,4817.0,133.0,-0.35,0.25,297.8345223740455,41.05298262850591,13.191947,99579.04085031296,17.162329,0.3208990725110989,0.011774252,-0.0755232988969556,0.1439559852827411,1.0,1.0
kic-006065232,2073894782176057344,10.04767,0.2079,1.6576,0.02095,1.0,2.0,,,4532.0,127.0,-0.3,0.23,297.82440267968855,41.36420343899346,15.260199,14820.64685499201,4.6187606,0.0882493733822645,0.02327221,-1.4160961222479092,0.6101810320361039,1.0,1.0
kic-005395173,2075053942311639168,19.7251,1.02757,2.67735,0.02701,1.0,2.0,,,4504.0,130.0,-0.06,0.25,299.4811481019223,40.596944724176126,15.265168,14752.973558971313,4.595151,0.0251027532657012,0.025665697,-0.7107677459716797,0.4989964453581812,1.0,1.0
gaia-dr3-2075107406066955392,2075107406066956416,24.43321,0.99844,2.97054,0.01401,1.0,2.0,,,4499.0,104.0,0.3,0.2,299.2392540906509,40.818012364957674,13.612242,67616.08685545133,11.175552,0.2919244795999295,0.012114305,0.3330540428439015,0.1279471091013649,1.0,1.0
kic-005906704,2075121046883575680,62.06649,2.30365,6.25654,0.03253,1.0,2.0,,,4451.0,127.0,-0.1,0.22,299.35145305017153,41.154524522835146,15.491036,11982.082143593345,3.8876479,0.2264736865488642,0.02524974,1.3699259367897607,0.2769179926075269,1.0,1.0
kic-008264702,2075877442154925184,7.66635,0.53022,1.30783,0.11205,1.0,1.0,,,4381.0,119.0,-0.1,0.22,301.0190234630544,44.129903753606264,14.923777,20203.937514914025,6.973122,0.1085018828953168,0.018029496,-1.0858951765440317,0.402357376053881,1.0,1.0
kic-008264624,2075877613953555072,30.04287,1.5143,3.76287,0.03535,1.0,2.0,,,4505.0,117.0,0.34,0.25,300.9992910521352,44.152924045773744,15.620207,10638.094685442678,4.209555,0.1636703909160275,0.025746929,0.4305340396616728,0.3903591816392436,1.0,1.0
kic-008056580,2075997426362891392,30.96054,1.45784,3.95217,0.03711,1.0,2.0,,,4547.0,123.0,-0.02,0.24,299.79969690568896,43.80271617135816,13.600554,68347.85324042857,13.172313,0.3451054110281424,0.012553394,0.4183355041541148,0.1527971946583887,1.0,1.0
kic-008193505,2076094526980652160,27.46228,1.47137,3.71475,0.05459,1.0,1.0,,,4578.0,107.0,-0.1,0.2,299.8849767589264,44.044003947081144,12.085277,275953.5874071966,61.797146,0.599850075381223,0.009758623,0.4910579720677077,0.0807972214803923,1.0,1.0
kic-003969021,2076180907362912896,14.04205,0.63553,1.84952,0.01837,1.0,2.0,,,4490.0,100.0,0.3,0.2,295.2368377569267,39.083456695741305,11.361166,537626.0297558946,139.43863,0.5394628296668488,0.01286726,-0.3181291143006444,0.072594595496512,1.0,1.0
gaia-dr3-2076255639788335616,2076255635485254272,29.26476,1.15384,3.90666,0.04367,1.0,2.0,,,4681.0,145.0,-0.49,0.24,294.7933104484602,39.558761834454664,13.079604,110434.61540591736,19.059162,0.3346782139091394,0.010142954,0.3878609907850077,0.0810052676859919,1.0,1.0
kic-004936791,2076297593037446528,63.29983,1.50716,6.32549,0.0294,1.0,2.0,,,4466.0,130.0,-0.1,0.23,295.2626915137818,40.07952693105045,16.003075,7476.81317853484,2.711502,0.102175688912769,0.029157901,0.6380455130511162,0.6227442991732215,1.0,1.0
gaia-dr3-2076300066934705152,2076299856476070784,22.37819,1.07813,2.68295,0.01751,1.0,2.0,,,4599.0,105.0,-0.1,0.2,295.3279124432541,40.19525355946448,12.256119,235775.84671108323,30.617819,0.4424944487716432,0.023859827,0.4856579079678536,0.117088459308552,1.0,1.0
kic-005024167,2076299959551961088,27.84838,1.41641,3.20716,0.12756,1.0,1.0,,,4749.0,177.0,-0.52,0.28,295.2799137500854,40.176311239908614,16.022802,7342.194055302576,2.7365968,0.0541358263204806,0.029980673,-0.6488765413189856,1.2036468422507924,1.0,1.0
kic-004763508,2076308863028183168,158.40199,4.85902,13.13148,0.07951,1.0,2.0,,,4541.0,122.0,-0.4,0.22,296.0311512222262,39.816904456334655,15.275081,14618.889556828755,4.502992,0.3301010264165547,0.024279533,2.3354399934531607,0.1786007985212562,1.0,1.0
kic-004761858,2076323294119016576,33.89404,1.79344,3.88063,0.01755,1.0,2.0,,,4511.0,113.0,-0.0,0.2,295.70946904083274,39.81545370663856,14.234289,38126.85706906358,7.073762,0.2085829956558844,0.014554962,0.4189166657748941,0.1636307498990679,1.0,1.0
kic-004847265,2076477225744845568,17.71726,1.12812,2.06392,0.01889,1.0,2.0,,,4618.0,138.0,-0.03,0.25,294.9318898251948,39.909621501465985,14.788581,22883.077832156465,5.822188,0.0806311443953004,0.018683622,-1.0664505723069109,0.5065144524625269,1.0,1.0
gaia-dr3-2076656136903029760,2076656136903029376,42.34862,1.36022,4.68287,0.02142,1.0,2.0,,,4724.0,117.0,-0.3,0.21,295.02732946362227,40.86241347786253,13.971389,48572.600842593616,7.4053826,0.248659940613378,0.013994356,0.5134295185857205,0.1386069404237159,1.0,1.0
gaia-dr3-2076747465091103360,2076747465087573120,6.9948,0.46805,1.14088,0.02422,1.0,1.0,,,4437.0,110.0,0.2,0.2,296.5536833124902,40.71568605941242,13.35868,85403.35340767844,20.690132,0.1926241532775685,0.011178688,-0.7990853704002809,0.1532455161736137,1.0,1.0
kic-005980268,2076787597262858240,21.88541,1.13874,3.09333,0.08624,1.0,1.0,,,4577.0,152.0,-0.48,0.27,297.08644776065586,41.21442056265007,16.110744,6770.940933103829,2.6983702,0.1134963218706299,0.031580262,0.5863408216107793,0.6159916910915914,1.0,1.0
kic-006140149,2077039247985067648,88.93144,1.38579,8.07941,0.01692,1.0,2.0,,,4648.0,109.0,-0.1,0.2,296.3801337680724,41.46229179878078,13.50311,74765.75376454218,9.264267,0.4000173993292162,0.011188802,1.077515915731194,0.0892526648955809,1.0,1.0
kic-006619608,2077105871519124608,35.33735,2.05,4.42085,0.13204,1.0,1.0,,,4674.0,176.0,-0.97,0.31,295.5317704369612,42.015337088507465,16.097574,6853.57210955441,2.8978746,0.0724350015410849,0.032948267,0.0824362313941602,0.9888591414897464,1.0,1.0
kic-006049026,2077398857006783616,160.28267,4.01728,12.70037,0.10029,1.0,1.0,,,4529.0,126.0,-0.09,0.23,293.8374145627265,41.308068372753304,15.139873,16557.60897219281,4.105601,0.2545657968595151,0.019692194,1.8055486455030805,0.1765963000412445,1.0,1.0
kic-006293834,2077458849108157952,37.26009,2.12449,4.53899,0.12004,1.0,1.0,,,4661.0,220.0,-1.1,0.42,294.48834201048174,41.65576820202398,16.901876,3267.3547097300993,1.7282653,0.0660270743195644,0.04643092,0.7824920295146605,1.527351960718055,1.0,1.0
gaia-dr3-2077683699236189184,2077683694934493184,27.64006,1.91535,3.53613,0.10015,1.0,1.0,,,4883.0,181.0,-0.98,0.32,293.28683066209356,42.15183766071329,15.002663,18788.05457700656,4.1812077,0.109854126417738,0.01936294,-0.0354715773539595,0.3844653909097535,1.0,1.0
kic-007039670,2077742213869366528,14.80555,0.78128,2.07915,0.01221,1.0,2.0,,,4582.0,120.0,-0.2,0.22,293.62155246973424,42.53349952513445,14.543241,28684.703119946374,5.6397047,0.1025750230888549,0.0150785865,-0.7648755011873885,0.323826624642191,1.0,1.0
kic-006876521,2077884497547079424,105.89239,59.55528,9.59945,0.07278,1.0,2.0,,,4680.0,163.0,-0.35,0.26,295.5014692518526,42.32927838885194,14.119472,42379.72326531082,6.5136223,0.3864427041571703,0.012369442,1.7157943671872928,0.0861297290447079,1.0,1.0
kic-007898273,2078195590617417984,43.0773,3.63815,4.82125,0.03452,1.0,2.0,,,4763.0,130.0,-0.09,0.23,294.2986310870633,43.66085998302626,14.805065,22538.2672829334,4.7939,0.1659117373939519,0.018074006,0.6380131804656699,0.2399071540388493,1.0,1.0
kic-008037526,2078283311028205568,13.60112,0.62458,1.73035,0.01732,1.0,2.0,,,4528.0,106.0,0.0,0.2,294.7954758132233,43.84973690963018,11.526411,461723.8951139066,104.200645,0.310147049000786,0.015175244,-1.1853015727793483,0.1092501750030251,1.0,1.0
kic-008173701,2078324400976471424,76.41267,3.11389,7.65621,0.04392,1.0,2.0,,,4510.0,137.0,-0.42,0.25,294.5426344826404,44.080661556192275,15.977096,7657.882192047105,2.9933846,0.0352992205632788,0.030684736,-1.5747377673463738,1.8881105192973504,1.0,1.0
kic-007766422,2079537510198652416,8.68435,0.57583,1.31363,0.05706,1.0,2.0,,,4480.0,104.0,0.2,0.2,296.08427972739935,43.47451638966105,13.175743,101076.36887554616,16.511417,0.2246176581280902,0.011272714,-0.5514696426187111,0.1309824875730034,1.0,1.0
kic-008177203,2079610765161367936,21.56682,1.22641,3.25914,0.05116,1.0,2.0,,,4610.0,107.0,0.1,0.2,295.64403573638856,44.041461728304874,13.6975975,62503.987619863234,9.802192,0.2858156387246378,0.011474608,0.6147032784022848,0.1028110198178795,1.0,1.0
kic-009229527,2079813625058327424,51.44824,1.02491,5.70024,0.03555,1.0,1.0,,,4885.0,182.0,-0.34,0.28,296.03667692747973,45.62839012868501,15.628952,10552.758295971356,3.589142,0.1033806493149212,0.02872364,0.2893812982684061,0.6064829041558142,1.0,1.0
kic-009784553,2080322385403092992,24.85769,1.60087,2.91133,0.03866,1.0,2.0,,,4500.0,103.0,0.5,0.2,297.08113031807085,46.523067119521215,13.183676,100340.54652939927,15.806425,0.283724246591469,0.010646134,0.1332776521446526,0.094179907874879,1.0,1.0
kic-008525186,2082079134408256768,40.85103,2.62059,4.35389,0.0475,1.0,1.0,,,4544.0,109.0,0.0,0.2,300.86158013926706,44.568379181354615,12.51439,185862.00262112275,26.222885,0.5550549793724034,0.010791893,-0.5078846515358482,0.2649784430408775,1.0,1.0
kic-010290043,2086375888410084096,107.55075,1.24038,9.46132,0.01892,1.0,2.0,,,4732.0,119.0,-0.1,0.2,297.47730201172504,47.39805557419099,12.375149,211293.96316096175,26.435791,0.8054569436693763,0.00952509,1.68736573237525,0.0415773207211876,1.0,1.0
kic-010354938,2086391590810440448,172.07805,8.3282,14.71334,0.15403,1.0,1.0,,,4733.0,122.0,-0.9,0.22,297.28338879697236,47.4833566037205,15.082246,17460.161077734214,4.097807,0.2614748977984287,0.020072496,1.9998449406240637,0.1686253458817362,1.0,1.0
kic-011361661,2086825687444210176,51.9822,3.05548,5.26299,0.09671,1.0,1.0,,,4516.0,144.0,-0.57,0.28,296.8637016370983,49.144976180975995,15.189697,15814.949358826892,5.2948666,0.0551123816973875,0.022676263,-1.4189372075104565,0.8947107458030481,1.0,1.0
kic-011521640,2087173446652961024,33.42378,2.04537,4.17769,0.03705,1.0,1.0,,,4766.0,142.0,-0.4,0.24,298.00128769822663,49.40592892029355,14.812799,22378.29860130373,4.9155097,0.1230091545912233,0.01790047,-0.1008375430092307,0.3206610514049802,1.0,1.0
kic-011622115,2087226669888335232,27.08139,0.91522,3.56002,0.11594,1.0,1.0,,,4862.0,165.0,-0.4,0.27,296.90302216781913,49.63983001021059,14.622795,26658.05876555863,5.4187403,0.108120826253537,0.017433044,-0.4498742257768544,0.3520011578106155,1.0,1.0
kic-004832211,2101106904678694144,26.53229,3.07451,3.86726,0.49384,1.0,1.0,,,4774.0,155.0,-0.36,0.25,290.74352021383123,39.96306563430082,14.786247,22932.31096413772,4.599183,0.1724078642308729,0.016508289,0.7025950823791369,0.2117277258577572,1.0,1.0
kic-006523704,2101685007276427648,224.28929,17.94406,18.03099,0.08385,1.0,1.0,,,4565.0,110.0,-0.3,0.2,292.23247215530967,41.91715755995141,14.7978735,22688.05266568753,5.013028,0.3711236664335764,0.020581376,2.5243586921318837,0.121785915040812,1.0,1.0
kic-006521558,2101720810124162816,8.07389,0.83068,1.44678,0.18019,1.0,1.0,,,4520.0,110.0,0.0,0.21,291.5322914275039,41.97657892665682,13.381049,83661.78773790805,11.493194,0.1785538479382083,0.010038071,-0.602320884411828,0.1273694014569972,1.0,1.0
kic-006519713,2101915870357239680,130.63957,4.85117,11.62737,0.3183,1.0,1.0,6519718.0,2.10191587035724e+18,4634.0,135.0,-0.69,0.25,290.9666763223446,41.92861998272972,15.683603,10034.721073303275,3.284654,0.1152580268448089,0.024939876,0.8708511337380429,0.4702208606188544,1.0,1.0
kic-007743353,2103005486379630208,162.45882,3.46703,13.11274,0.03995,1.0,2.0,,,4833.0,129.0,-0.68,0.24,288.0922316268959,43.466679150333256,14.733486,24074.219208564748,4.646598,0.2299313037193737,0.01708506,1.3719257888047096,0.1633436223869027,1.0,1.0
kic-007011236,2104961242686098304,50.56278,2.40729,5.68386,0.05374,1.0,1.0,,,4686.0,180.0,-0.73,0.29,283.0808327954817,42.59733129494844,16.23817,6021.134866400247,2.7320783,0.0548581970619326,0.035422467,-0.3805020961670013,1.4029360536177358,1.0,1.0
gaia-dr3-2105839134002310400,2105839099642571392,155.05555,4.05636,12.83701,0.0813,1.0,2.0,,,4664.0,111.0,-0.6,0.2,284.8705189410164,43.72488056790044,14.536832,28854.53908080268,5.109582,0.3210529192391213,0.0147227,1.9001640759909224,0.1027750785005038,1.0,1.0
kic-008297897,2126208205383797632,19.12865,0.95348,2.63403,0.02192,1.0,2.0,,,4499.0,111.0,-0.1,0.2,291.12079185312837,44.28512758662672,13.754391,59318.52046452948,10.495336,0.2254125742856842,0.015175111,0.3012867207112037,0.1497993358170784,1.0,1.0
gaia-dr3-2126973121877842816,2126973121877844352,9.07949,0.576,1.51409,0.07805,1.0,1.0,,,4606.0,111.0,-0.1,0.2,290.53859492697256,44.49403598277868,13.506801,74512.01823533974,13.3030205,0.1445448976919496,0.010504811,-1.0080658892278365,0.1647286012680753,1.0,1.0
kic-009837795,2128143861245410432,55.93752,0.86281,5.7782,0.02452,1.0,2.0,,,4556.0,128.0,-0.21,0.23,294.56803623097966,46.693437752048695,15.535287,11503.548197782287,3.4620247,0.105920289620187,0.024701647,0.3937451708549737,0.5079832996554428,1.0,1.0
kic-011714392,2129846626798007424,29.27067,1.81125,4.06402,0.08438,1.0,1.0,,,4874.0,159.0,-0.37,0.25,292.75253849014865,49.854508897056654,14.609172,26994.6670950508,5.8361397,0.1351865235336638,0.01573932,0.1427308114570138,0.2534692860015543,1.0,1.0
kic-010462684,2130924869747670528,28.11302,2.59228,4.05105,0.26378,1.0,1.0,,,4691.0,130.0,-0.83,0.25,288.61376203295333,47.66390210496252,14.878787,21058.711200363257,4.914989,0.1263867729813863,0.019867245,0.2419656912982741,0.3420379640175506,1.0,1.0
gaia-dr3-2131013139914910848,2131013139914911616,26.34458,2.33074,3.68341,0.12152,1.0,1.0,,,4645.0,143.0,-0.13,0.24,288.42103812096695,48.23953491892224,15.124297,16796.8546581957,4.3722196,0.1087350465461904,0.019535648,0.0639287553808731,0.3918211449169846,1.0,1.0
kic-011338438,2131992353798606208,15.57669,0.82501,2.14227,0.01828,1.0,2.0,11338437.0,2.1319923537986063e+18,4500.0,100.0,-0.1,0.2,285.06015977689464,49.14444930783348,11.209722,618099.3546555716,124.5719,0.5757343055415728,0.011230727,-0.1344973702844374,0.0476392882264706,1.0,1.0
kic-011719633,2134943344229709312,22.85507,1.00063,3.00141,0.0181,1.0,2.0,,,4553.0,129.0,-0.22,0.24,295.18145925150725,49.83824958123657,13.073682,111038.6555777527,18.417645,0.3148173610984106,0.01111357,0.3944243066666253,0.0807655826376002,1.0,1.0
